locus_ID,gene_name,gene_name_old,uniprot_gene_name,uniprot_gene_synonyms,product,BLAST_product,KEGG_product,PSI-BLAST_product,KEGG_VC_number,KEGG_VC_identity
N900_RS00005,,,,,,,,,VC_0001,98.2
N900_RS00010,mioC,mioC,mioC,mioC,,,,,VC_0002,100
N900_RS00015,mnmE,mnmE,mnmE,mnmE; trmE,,,,,VC_0003,100
N900_RS00020,yidC,yidC,yidC,yidC,,,,,VC_0004,100
N900_RS00025,yidD,yidD,,,,,,,VC_0005,100
N900_RS00030,rnpA,rnpA,rnpA,rnpA,,,,,VC_0006,99.2
N900_RS00035,50S ribosomal protein L34,50S ribosomal protein L34,rpmH,rpmH,50S ribosomal protein L34,,,,VC_0007,100
N900_RS00040,yxeO,yxeO,,,amino acid ABC transporter ATP-binding protein,,,,VC_0008,100
N900_RS00045,patM,patM,,,amino acid ABC transporter permease,,,,VC_0009,100
N900_RS00050,patH,patH,,,amino acid ABC transporter substrate-binding protein,,,,VC_0010,100
N900_RS00055,dnaA,dnaA,dnaA,dnaA,,,,,VC_0012,100
N900_RS00060,dnaN,dnaN,dnaN,dnaN,,,,,VC_0013,100
N900_RS00065,recF,recF,recF,recF,,,,,VC_0014,100
N900_RS00070,gyrB,gyrB,gyrB,gyrB,DNA topoisomerase (ATP-hydrolyzing) subunit B,,,,VC_0015,100
N900_RS00075,,,,,,,,,VC_0016,99.4
N900_RS00080,,,,,,,,,VC_0017,100
N900_RS00085,ibpA,ibpA,,,Hsp20 family protein,,,,VC_0018,100
N900_RS00090,avtA,avtA,,,valine--pyruvate transaminase,,,,VC_0019,100
N900_RS00095,glyS,glyS,glyS,glyS,,,,,VC_0020,100
N900_RS00100,glyQ,glyQ,glyQ,glyQ,,,,,VC_0021,100
N900_RS00105,mneA,mneA,,,TMEM165/GDT1 family protein,,,,VC_0022,100
N900_RS00110,NADH dehydrogenase subunit II-related protein,NADH dehydrogenase subunit II-related protein,,,,,NADH dehydrogenase subunit II-related protein,,VC_0023,100
N900_RS00115,tusA,tusA,tusA,tusA,,,,,VC_0024,100
N900_RS00120,,,,,,,,,VC_0025,98.5
N900_RS00125,acuI,acuI,,,oxidoreductase,,,,VC_0026,100
N900_RS00130,ilvA,ilvA,ilvA,ilvA,,,,,VC_0027,100
N900_RS00135,ilvD,ilvD,ilvD,ilvD,,,,,VC_0028,100
N900_RS00140,ilvE,ilvE,ilvE,ilvE,,,,,VC_0029,99.7
N900_RS00145,ilvM,ilvM,,,,,,,VC_0030,100
N900_RS00150,ilvG,ilvG,,,acetolactate synthase 2 catalytic subunit,,,,VC_0031,100
N900_RS00155,yifb,yifb,,,YifB family Mg chelatase-like AAA ATPase,,,,VC_0032,100
N900_RS00160,yihG,yihG,,,acyltransferase,,,,VC_0033,100
N900_RS00165,dsba,dsba,dsbA,dsbA; tpcG,thiol:disulfide interchange protein DsbA/DsbL,,,,VC_0034,100
N900_RS00170,serine/threonine protein kinase,serine/threonine protein kinase,srkA,srkA,serine/threonine protein kinase,,,,VC_0035,100
N900_RS00175,ccoG,ccoG,,,,,,,VC_0036,100
N900_RS00180,yihD,yihD,,,DUF1040 family protein,,,,VC_0037,100
N900_RS00185,,,,,,,,,VC_0038,100
N900_RS00190,SpoOM-related protein,SpoOM-related protein,,,SpoOM-related protein,,,,VC_0039,99.6
N900_RS00195,yqfA,yqfA,,,hemolysin III family protein,,,,VC_0040,99.5
N900_RS00200,,,,,DUF3157 family protein,,,,VC_0041,100
N900_RS00205,trkI,trkI,,,TrkH family potassium uptake protein,,,,VC_0042,100
N900_RS00210,trkA,trkA,,,,,,,VC_0043,100
N900_RS00215,rsmB,rsmB,rsmB,rsmB; rrmB,,,,,VC_0044,99.8
N900_RS00220,fmt,fmt,fmt,fmt,methionyl-tRNA formyltransferase,,,,VC_0045,99.7
N900_RS00225,def1,def1,def1,def1,peptide deformylase,,,,VC_0046,100
N900_RS00230,,,,,LysM peptidoglycan-binding domain-containing protein,,,,VC_0047,99.7
N900_RS00235,dprA,dprA,,,,,,,VC_0048,100
N900_RS00240,smg,smg,smg,smg,DUF494 domain-containing protein,,,,VC_0049,100
N900_RS00245,topA_1,topA_1,,,DNA topoisomerase,,,,VC_0050,99.5
N900_RS00250,purK,purK,purK,purK,5-(carboxyamino)imidazole ribonucleotide synthase,,,,VC_0051,100
N900_RS00255,purE,purE,purE,purE,,,,,VC_0052,100
N900_RS00260,tsaC,tsaC,tsaC,tsaC; rimN,threonylcarbamoyl-AMP synthase,,,,VC_0054,99.5
N900_RS00265,hemF,hemF,hemF,hemF,,,,,VC_0055,99.7
N900_RS00270,aroE,aroE,aroE,aroE,,,,,VC_0056,100
N900_RS00275,,,,,DUF1488 domain-containing protein,,,,VC_0057,100
N900_RS00280,yrdA,yrdA,,,gamma carbonic anhydrase family protein,,,,VC_0058,100
N900_RS00285,,,,,,,,,VC_0059,97.8
N900_RS00290,rRNA-16S_7,rRNA-16S_7,,,,,,,,
N900_RS00295,tRNA-Ala_4,tRNA-Ala_4,cmoM,cmoM,,,,,VC_1717,53.3
N900_RS00300,rRNA-23S_4,rRNA-23S_4,,,,,,,VC_2603,30.1
N900_RS00305,rrf_D1,rrf_D1,metAS,metAS; metA,,,,,VC_1611,58.3
N900_RS00310,AtMg01060_BLAST_D1,AtMg01060_BLAST_D1,,,,Uncharacterized mitochondrial protein AtMg01060,,,VC_0957,37.5
N900_RS00315,tRNA-Trp,tRNA-Trp,,,,,,,VC_2757,41.2
N900_RS00320,crcB,crcB,fluC,fluC; crcB,,,,,VC_0060,100
N900_RS00325,thiC,thiC,thiC,thiC,,,,,VC_0061,100
N900_RS00330,thiE,thiE,thiE,thiE,thiamine phosphate synthase,,,,VC_0062,100
N900_RS00335,thiF,thiF,,,,,,,VC_0063,100
N900_RS00340,thiS,thiS,,,,,,,VC_0064,100
N900_RS00345,thiG,thiG,thiG,thiG,thiazole synthase,,,,VC_0065,100
N900_RS00350,thiH,thiH,,,,,,,VC_0066,100
N900_RS00355,aminopeptidase P,aminopeptidase P,,,aminopeptidase P family protein,,aminopeptidase P,,VC_0067,100
N900_RS00360,LysR family transcriptional regulator_1,LysR family transcriptional regulator_1,,,LysR family transcriptional regulator,,,,VC_0068,99.7
N900_RS00365,mdtL_1,mdtL_1,,,multidrug effflux MFS transporter,,,,VC_0069,99.8
N900_RS00370,,,,,,,,,VC_0070,100
N900_RS00375,asnC,asnC,,,,,,,VC_0071,100
N900_RS00380,,,,,EAL domain-containing protein,,,Cyclic di-GMP phosphodiesterase PdeB,VC_0072,99.9
N900_RS00385,rsmJ,rsmJ,rsmJ,rsmJ,rRNA small subunit methyltransferase J,,,,VC_0073,100
N900_RS00390,,,,,,,,,VC_0074,99.2
N900_RS00395,eamA_2,eamA_2,,,DMT family transporter,,,,VC_0075,100
N900_RS00400,uspA_1,uspA_1,,,,,,,VC_0076,100
N900_RS00405,,,,,,,,,VC_0077,96.8
N900_RS00410,ftnA,ftnA,,,,,,,VC_0078,100
N900_RS00415,uspB,uspB,uspB,uspB,,,,,VC_0079,100
N900_RS00420,rdsA_BLAST,rdsA_BLAST,,,NAD(P)/FAD-dependent oxidoreductase,Ribosomal RNA dihydrouridine synthase,,,VC_0080,99.7
N900_RS00425,eamA_1,eamA_1,,,DMT family transporter,,,,VC_0081,100
N900_RS00430,rmuC,rmuC,rmuC,rmuC,,,,,VC_0082,100
N900_RS00435,ubiE,ubiE,ubiE,ubiE,,,,,VC_0083,100
N900_RS00440,ubiJ,ubiJ,ubiJ,ubiJ,SCP2 domain-containing protein,,,,VC_0084,100
N900_RS00445,ubiB,ubiB,ubiB,ubiB,,,,,VC_0085,100
N900_RS00450,tatA,tatA,tatA,tatA,,,,,VC_0086,100
N900_RS00455,tatB,tatB,tatB,tatB,,,,,VC_0087,99.2
N900_RS00460,tatC,tatC,tatC,tatC,,,,,VC_0088,100
N900_RS00465,ccp,ccp,,,cytochrome-c peroxidase,,,,VC_0089,100
N900_RS00470,dinF,dinF,,,,,,,VC_0090,99.8
N900_RS00475,class I SAM-dependent methyltransferase_2,class I SAM-dependent methyltransferase_2,,,class I SAM-dependent methyltransferase,,,,VC_0091,99.7
N900_RS00480,lexA,lexA,lexA,lexA,,,,,VC_0092,100
N900_RS00485,plsB,plsB,plsB,plsB,,,,,VC_0093,100
N900_RS00490,ubiA,ubiA,ubiA,ubiA,4-hydroxybenzoate octaprenyltransferase,,,,VC_0094,100
N900_RS00495,chorismate lyase,chorismate lyase,ubiC,ubiC,chorismate lyase,,,,VC_0095,99.5
N900_RS00500,,,,,,,,,VC_0096,96.9
N900_RS00505,fliL_2,fliL_2,,,,,,,VC_0097,100
N900_RS00510,methyl-accepting chemotaxis protein_4,methyl-accepting chemotaxis protein_4,,,methyl-accepting chemotaxis protein,,,,VC_0098,100
N900_RS00515,glpG,glpG,,,,,,,VC_0099,100
N900_RS00520,glpE,glpE,glpE,glpE,,,,,VC_0100,100
N900_RS00525,,,,,,,,,VC_0101,98.6
N900_RS00530,tatd,tatd,,,TatD family deoxyribonuclease,,,,VC_0103,100
N900_RS00535,hemB,hemB,,,,,,,VC_0105,99.7
N900_RS00540,ypeA_1,ypeA_1,,,GNAT family N-acetyltransferase,,,,VC_0106,100
N900_RS00545,polA,polA,polA,polA,,,,,VC_0108,100
N900_RS00550,engB,engB,engB,engB,YihA family ribosome biogenesis GTP-binding protein,,,,VC_0111,99.5
N900_RS00555,cc4,cc4,,,cytochrome c4,,,,VC_0112,100
N900_RS00560,class I SAM-dependent methyltransferase_4,class I SAM-dependent methyltransferase_4,,,class I SAM-dependent methyltransferase,,,,VC_0113,100
N900_RS00565,yihI,yihI,yihI,yihI,,,,,VC_0114,100
N900_RS00570,,,,,DUF2489 domain-containing protein,,,,VC_0115,99.4
N900_RS00575,hemN,hemN,,,,,,,VC_0116,100
N900_RS00580,hemy,hemy,,,heme biosynthesis protein HemY,,,,VC_0117,100
N900_RS00585,HemX,HemX,,,heme biosynthesis operon protein HemX,,,,VC_0118,100
N900_RS00590,uroporphyrinogen-III synthase,uroporphyrinogen-III synthase,,,uroporphyrinogen-III synthase,,,,VC_0119,99.6
N900_RS00595,hemC,hemC,hemC,hemC,,,,,VC_0120,100
N900_RS00600,,,,,,,,,VC_0121,100
N900_RS00605,class I adenylate cyclase,class I adenylate cyclase,,,class I adenylate cyclase,,,,VC_0122,99.9
N900_RS00610,cyaY,cyaY,cyaY,cyaY,,,,,VC_0123,100
N900_RS00615,lipoprotein,lipoprotein,,,lipoprotein,,,,VC_1756,37
N900_RS00620,lysA,lysA,lysA,lysA,,,,,VC_0125,99.8
N900_RS00625,dapF,dapF,dapF,dapF,,,,,VC_0126,100
N900_RS00630,,,,,DUF484 family protein,,,,VC_0127,99.6
N900_RS00635,xerC,xerC,xerC,xerC,,,,,VC_0128,100
N900_RS00640,yigB,yigB,,,,,,,VC_0129,100
N900_RS00645,cdpA,cdpA,cdpA,cdpA,sensor domain-containing phosphodiesterase,,,,VC_0130,100
N900_RS00650,,,,,DTW domain-containing protein,,,tRNA-uridine aminocarboxypropyltransferase,VC_0131,100
N900_RS00655,membrane protein_2,membrane protein_2,,,membrane protein,,,,VC_0132,100
N900_RS00660,,,,,,,,,VC_0133,98.4
N900_RS00665,yigL,yigL,,,Cof-type HAD-IIB family hydrolase,,,,VC_0134,100
N900_RS00670,ytpA,ytpA,,,alpha/beta fold hydrolase,,,,VC_0135,100
N900_RS00675,rhtB,rhtB,,,,,,,VC_0136,100
N900_RS00680,cdgJ_1,cdgJ_1,cdgJ,cdgJ,HDOD domain-containing protein,,,,VC_0137,100
N900_RS00685,DNA starvation/stationary phase protection protein,DNA starvation/stationary phase protection protein,,,DNA starvation/stationary phase protection protein,,,,VC_0139,100
N900_RS00690,,,,,DUF2500 domain-containing protein,,,,VC_0140,100
N900_RS00695,,,,,DUF4145 domain-containing protein,,,,VC_0142,100
N900_RS00700,,,,,,,,,VC_1669,57.1
N900_RS00705,Pseudogene_N900_RS00705,Pseudogene_N900_RS00705,,,,,,,,
N900_RS00710,lysoplasmalogenase_1,lysoplasmalogenase_1,,,lysoplasmalogenase,,,,VC_0144,100
N900_RS00715,,,,,DUF1145 domain-containing protein,,,,VC_0145,100
N900_RS00720,rsmD,rsmD,,,,,,,VC_0146,100
N900_RS00725,ftsY,ftsY,ftsY,ftsY,,,,,VC_0147,100
N900_RS00730,ftsE,ftsE,ftsE,ftsE,,,,,VC_0148,100
N900_RS00735,ftsX,ftsX,,,,,,,VC_0149,100
N900_RS00740,rpoH,rpoH,rpoH,rpoH,,,,,VC_0150,100
N900_RS00745,sthA,sthA,sthA,sthA; udhA,Si-specific NAD(P)(+) transhydrogenase,,,,VC_0151,100
N900_RS00750,fabR,fabR,,,,,,,VC_0152,100
N900_RS00755,yijd,yijd,,,YijD family membrane protein,,,,VC_0153,100
N900_RS00760,trmA,trmA,trmA,trmA,,,,,VC_0154,99.7
N900_RS00765,btuB,btuB,btuB,btuB,,,,,VC_0156,100
N900_RS00770,S8 family peptidase,S8 family peptidase,,,S8 family peptidase,,,,VC_0157,99.8
N900_RS00775,murI,murI,murI,murI,glutamate racemase,,,,VC_0158,99.6
N900_RS00780,RNA-binding protein,RNA-binding protein,,,RNA-binding protein,,,,VC_0159,100
N900_RS00785,rRNA-16S_5,rRNA-16S_5,,,,,,,VC_0713,100
N900_RS00790,Atg2a_BLAST_D1,Atg2a_BLAST_D1,trpD,trpD,,Autophagy-related protein 2 homolog A,,,VC_1172,50
N900_RS00795,rRNA-23S_1,rRNA-23S_1,,,,,,,VC_A0308,25.5
N900_RS00800,rrf_D2,rrf_D2,metAS,metAS; metA,,,,,VC_1611,58.3
N900_RS00805,AtMg01060_BLAST_D2,AtMg01060_BLAST_D2,,,,Uncharacterized mitochondrial protein AtMg01060,,,VC_0957,37.5
N900_RS00810,add,add,add,add,adenosine deaminase,,,,VC_2751,100
N900_RS00815,,,,,EAL domain-containing protein,,,,VC_2750,99.9
N900_RS00820,ntrC,ntrC,ntrC,ntrC,nitrogen regulation protein NR(I),,,,VC_2749,100
N900_RS00825,ntrB,ntrB,,,nitrogen regulation protein NR(II),,,,VC_2748,100
N900_RS00830,,,,,DUF4124 domain-containing protein,,,,VC_2747,100
N900_RS00835,glnA,glnA,glnAv,glnAv,glutamate--ammonia ligase,,,,VC_2746,100
N900_RS00840,,,,,,,,,VC_2745,100
N900_RS00845,typA,typA,bipA,bipA,,,,,VC_2744,100
N900_RS00850,ATPase,ATPase,,,AAA family ATPase,,,,VC_2743,99.5
N900_RS00855,VC0395_A2314_BLAST,VC0395_A2314_BLAST,,,virulence factor BrkB family protein,UPF0761 membrane protein VC0395_A2314/VC395_2854,,,VC_2742,100
N900_RS00860,dtd,dtd,dtd,dtd,dtd,,,,VC_2741,99.3
N900_RS00865,GNAT family N-acetyltransferase_2,GNAT family N-acetyltransferase_2,,,GNAT family N-acetyltransferase,,,,VC_2740,99.7
N900_RS00870,asma_2,asma_2,,,AsmA family protein,,,,VC_2739,100
N900_RS00875,pckA,pckA,pckA,pckA,,,,,VC_2738,100
N900_RS00880,hslo,hslo,hslO,hslO,Hsp33 family molecular chaperone HslO,,,,VC_2736,100
N900_RS00885,hslR,hslR,,,,,,,VC_2735,100
N900_RS00890,gspC,gspC,epsC,epsC,,,,,VC_2734,100
N900_RS00895,gspD,gspD,,,,,,,VC_2630,28.1
N900_RS00900,gspE,gspE,epsE,epsE,,,,,VC_2732,100
N900_RS00905,gspF,gspF,epsF,epsF,,,,,VC_2731,100
N900_RS00910,gspG,gspG,epsG,epsG,,,,,VC_2730,100
N900_RS00915,epsH,epsH,epsH,epsH,prepilin-type N-terminal cleavage/methylation domain-containing protein,,,,VC_2729,100
N900_RS00920,gspI,gspI,epsI,epsI,,,,,VC_2728,100
N900_RS00925,gspJ,gspJ,epsJ,epsJ,,,,,VC_2727,100
N900_RS00930,epsK,epsK,epsK,epsK,general secretion pathway protein GspK,,,,VC_2726,100
N900_RS00935,gspL,gspL,epsL,epsL,,,,,VC_2725,99.8
N900_RS00940,epsM,epsM,epsM,epsM,general secretion pathway protein GspM,,,,VC_2724,100
N900_RS00945,epsN,epsN,epsN,epsN,type II secretion system protein N,,,,VC_2723,100
N900_RS00950,cysQ,cysQ,cysQ,cysQ,,,,,VC_2722,100
N900_RS00955,nudE,nudE,,,,,,,VC_2721,100
N900_RS00960,nfua,nfua,nfuA,nfuA,Fe-S biogenesis protein NfuA,,,,VC_2720,99.5
N900_RS00970,bioH,bioH,bioH,bioH,,,,,VC_2718,99.6
N900_RS00975,,,,,,,,,VC_2717,99.4
N900_RS00980,yhgF,yhgF,,,RNA-binding transcriptional accessory protein,,,,VC_2716,100
N900_RS00985,greB,greB,greB,greB,,,,,VC_2715,99.4
N900_RS00990,ompR,ompR,,,,,,,VC_2714,100
N900_RS00995,envZ,envZ,,,,,,,VC_2713,100
N900_RS01000,xanP_BLAST,xanP_BLAST,,,uracil-xanthine permease,Xanthine permease XanP,,,VC_2712,99.8
N900_RS01005,recG,recG,,,,,,,VC_2711,100
N900_RS01010,spoT,spoT,spoT,spoT,,,,,VC_2710,99.7
N900_RS01015,rpoZ,rpoZ,rpoZ,rpoZ,,,,,VC_2709,100
N900_RS01020,gmk,gmk,gmk,gmk,guanylate kinase,,,,VC_2708,100
N900_RS01025,yhhQ,yhhQ,,,7-cyano-7-deazaguanine/7-aminomethyl-7- deazaguanine transporter,,,,VC_2706,100
N900_RS01030,actP,actP,,,cation acetate symporter,,,,VC_2705,100
N900_RS01035,,,,,DUF4212 domain-containing protein,,,,VC_2704,100
N900_RS01040,nhaP2,nhaP2,nhaP2,nhaP2; cvrA,potassium/proton antiporter,,,,VC_2703,99.8
N900_RS01045,narL,narL,,,response regulator transcription factor,,,,VC_2702,100
N900_RS01050,dsbd,dsbd,dsbD,dsbD,protein-disulfide reductase DsbD,,,,VC_2701,99.8
N900_RS01065,dcuA,dcuA,,,anaerobic C4-dicarboxylate transporter,,,,VC_2699,100
N900_RS01070,aspA,aspA,,,,,,,VC_2698,100
N900_RS01075,,,,,GGDEF domain-containing protein,,,Diguanylate cyclase DgcM,VC_2697,100
N900_RS01080,fxsA,fxsA,,,,,,,VC_2696,99.4
N900_RS01085,trmL,trmL,trmL,trmL,,,,,VC_2695,100
N900_RS01090,superoxide dismutase,superoxide dismutase,,,superoxide dismutase,,,,VC_2694,99.5
N900_RS01095,cpxA,cpxA,,,,,,,VC_2693,100
N900_RS01100,cpxR,cpxR,,,response regulator,,,,VC_2692,100
N900_RS01105,cpxp,cpxp,,,CpxP family protein,,,,VC_2691,100
N900_RS01110,fieF,fieF,,,,,,,VC_2690,99.7
N900_RS01115,pfkA,pfkA,pfkA,pfkA,ATP-dependent 6-phosphofructokinase,,,,VC_2689,100
N900_RS01120,glpX,glpX,,,,,,,VC_2688,100
N900_RS01125,zapB,zapB,zapB,zapB,,,,,VC_2686,100
N900_RS01130,metF,metF,,,,,,,VC_2685,100
N900_RS01135,metL,metL,,,bifunctional aspartate kinase/homoserine dehydrogenase II,,,,VC_2684,100
N900_RS01140,metB,metB,,,O-succinylhomoserine (thiol)-lyase,,,,VC_2683,100
N900_RS01145,metJ,metJ,metJ,metJ,,,,,VC_2682,100
N900_RS01150,maeB,maeB,,,malate dehydrogenase,,,,VC_2681,100
N900_RS01155,rpmE,rpmE,rpmE,rpmE,,,,,VC_2679,100
N900_RS01160,priA,priA,priA,priA,,,,,VC_2678,100
N900_RS01165,cytR,cytR,,,,,,,VC_2677,100
N900_RS01170,ftsN,ftsN,,,,,,,VC_2676,99.5
N900_RS01175,hslV,hslV,hslV,hslV,,,,,VC_2675,99.5
N900_RS01180,hslU,hslU,hslU,hslU,,,,,VC_2674,100
N900_RS01185,menA,menA,menA,menA,"1,4-dihydroxy-2-naphthoate polyprenyltransferase",,,,VC_2673,100
N900_RS01190,rraA,rraA,rraA,rraA,,,,,VC_2672,100
N900_RS01195,norM_1,norM_1,,,MATE family efflux transporter,,,,VC_2671,99.8
N900_RS01200,tpiA,tpiA,tpiA,tpiA,,,,,VC_2670,100
N900_RS01205,5-carboxymethyl-2-hydroxymuconate Delta-isomerase,5-carboxymethyl-2-hydroxymuconate Delta-isomerase,,,5-carboxymethyl-2-hydroxymuconate Delta-isomerase,,,,VC_2669,100
N900_RS01210,,,,,DUF805 domain-containing protein,,,,VC_2668,100
N900_RS01215,,,,,DUF3135 domain-containing protein,,,,VC_2667,100
N900_RS01220,transcriptional regulator_1,transcriptional regulator_1,,,transcriptional regulator,,,,VC_2666,100
N900_RS01225,groS_1,groS_1,groES1,groES1; groS1,co-chaperone GroES,,,,VC_2665,100
N900_RS01230,groL_1,groL_1,groEL1,groEL1; groL1,,,,,VC_2664,100
N900_RS01235,,,,,,,,,VC_2662,99.5
N900_RS01240,epmB,epmB,,,,,,,VC_2661,100
N900_RS01245,efp,efp,efp,efp,efp,,,,VC_2660,100
N900_RS01250,frdD,frdD,frdD,frdD,,,,,VC_2659,99.2
N900_RS01255,frdC,frdC,frdC,frdC,,,,,VC_2658,100
N900_RS01260,frdB,frdB,,,succinate dehydrogenase/fumarate reductase iron-sulfur subunit,,,,VC_2657,100
N900_RS01265,frdA,frdA,,,,,,,VC_2656,99.8
N900_RS01270,epmA,epmA,epmA,epmA; yjeA,,,,,VC_2655,100
N900_RS01275,yibN,yibN,,,rhodanese-like domain-containing protein,,,,VC_2654,100
N900_RS01280,secB,secB,secB,secB,,,,,VC_2653,100
N900_RS01285,gpsA,gpsA,gpsA,gpsA,,,,,VC_2651,100
N900_RS01290,cysE,cysE,,,,,,,VC_2649,100
N900_RS01295,PadR family transcriptional regulator,PadR family transcriptional regulator,,,PadR family transcriptional regulator,,,,VC_2647,100
N900_RS01300,ppc,ppc,ppc,ppc,phosphoenolpyruvate carboxylase,,,,VC_2646,100
N900_RS01305,argE,argE,argE,argE,,,,,VC_2645,100
N900_RS01310,argC,argC,argC,argC,,,,,VC_2644,100
N900_RS01315,argB,argB,argB,argB,,,,,VC_2643,100
N900_RS01320,argG,argG,argG,argG,argininosuccinate synthase,,,,VC_2642,100
N900_RS01325,argH,argH,argH,argH,,,,,VC_2641,100
N900_RS01330,,,,,DUF3624 domain-containing protein,,,,VC_2640,98.9
N900_RS01335,lpd,lpd,,,dihydrolipoyl dehydrogenase,,,,VC_2638,100
N900_RS01340,glutathione peroxidase,glutathione peroxidase,,,glutathione peroxidase,,,,VC_2637,100
N900_RS01345,oxyR,oxyR,,,,,,,VC_2636,100
N900_RS01350,penicillin-binding protein 1A,penicillin-binding protein 1A,mrcA,mrcA; ponA,penicillin-binding protein 1A,,,,VC_2635,99.9
N900_RS01355,pilM,pilM,,,,,,,VC_2634,100
N900_RS01360,pilus assembly protein PilN,pilus assembly protein PilN,,,PilN domain-containing protein,,,,VC_2633,99.5
N900_RS01365,pilO_2,pilO_2,,,,,,,VC_2632,99.5
N900_RS01370,PilP,PilP,,,pilus assembly protein PilP,,,,VC_2631,100
N900_RS01375,fimbrial assembly protein,fimbrial assembly protein,,,type IV pilus secretin PilQ family protein,,fimbrial assembly protein,,VC_2630,99.8
N900_RS01380,aroK,aroK,aroK,aroK,,,,,VC_2629,100
N900_RS01385,aroB,aroB,aroB,aroB,,,,,VC_2628,99.7
N900_RS01390,damX_1,damX_1,,,AAA family ATPase,,,,VC_2627,100
N900_RS01395,dam,dam,dam,dam,Dam family site-specific DNA-(adenine-N6)-methyltransferase,,,,VC_2626,100
N900_RS01400,ribulose-phosphate 3-epimerase,ribulose-phosphate 3-epimerase,rpe,rpe,ribulose-phosphate 3-epimerase,,,,VC_2625,99.6
N900_RS01405,gph,gph,gph,gph,phosphoglycolate phosphatase,,,,VC_2624,99.6
N900_RS01410,trpS,trpS,trpS,trpS,,,,,VC_2623,100
N900_RS01415,ABC transporter substrate-binding protein_8,ABC transporter substrate-binding protein_8,,,ABC transporter substrate-binding protein,,,,VC_2622,99.6
N900_RS01420,xds_1,xds_1,,,xds,,,,VC_2621,100
N900_RS01425,rimO,rimO,rimO,rimO,,,,,VC_2620,100
N900_RS01430,trpG_1,trpG_1,,,aminodeoxychorismate/anthranilate synthase component II,,,,VC_2619,100
N900_RS01435,aruC,aruC,argD,argD,aspartate aminotransferase family protein,,,,VC_2618,100
N900_RS01440,astA,astA,,,,,,,VC_2617,100
N900_RS01445,astD,astD,astD,astD,,,,,VC_2616,100
N900_RS01450,,,,,DUF1338 domain-containing protein,,,"2-oxoadipate dioxygenase/decarboxylase, chloroplastic/amyloplastic",VC_2615,100
N900_RS01455,crp,crp,,,crp,,,,VC_2614,100
N900_RS01460,cfxP,cfxP,,,phosphoribulokinase,,,,VC_2613,100
N900_RS01465,VC_2612_BLAST,VC_2612_BLAST,,,YheU family protein,UPF0270 protein VC_2612,,,VC_2612,100
N900_RS01470,hydrolase,hydrolase,,,hydrolase,,,,VC_2610,100
N900_RS01475,,,,,TIGR02444 family protein,,,,VC_2609,100
N900_RS01480,yheS,yheS,,,ABC transporter ATP-binding protein,,,,VC_2608,100
N900_RS01485,kefG,kefG,kefG,kefG,,,,,VC_2607,99.5
N900_RS01490,kefB,kefB,kefB,kefB,,,,,VC_2606,100
N900_RS01495,metal-binding protein,metal-binding protein,,,YheV family putative metal-binding protein,,,,VC_2605,98.5
N900_RS01500,slyD,slyD,slyD,slyD,peptidylprolyl isomerase,,,,VC_2604,100
N900_RS01505,iaaA,iaaA,,,isoaspartyl peptidase/L-asparaginase,,,,VC_2603,100
N900_RS01510,purA,purA,purA,purA,adenylosuccinate synthase,,,,VC_2602,100
N900_RS01515,motX_BLAST,motX_BLAST,,,sel1 repeat family protein,Sodium-type polar flagellar protein MotX,,,VC_2601,100
N900_RS01520,,,,,DUF3413 domain-containing protein,,,,VC_2600,99.8
N900_RS01525,rnr,rnr,rnr,rnr,ribonuclease R,,,,VC_2599,100
N900_RS01530,rlmB,rlmB,rlmB,rlmB,,,,,VC_2598,100
N900_RS01535,rpsJ,rpsJ,rpsJ,rpsJ,,,,,VC_2597,100
N900_RS01540,rplC,rplC,rplC,rplC,,,,,VC_2596,100
N900_RS01545,rplD,rplD,rplD,rplD,,,,,VC_2595,100
N900_RS01550,rplW,rplW,rplW,rplW,,,,,VC_2594,100
N900_RS01555,rplB,rplB,rplB,rplB,,,,,VC_2593,100
N900_RS01560,rpsS,rpsS,rpsS,rpsS,,,,,VC_2592,100
N900_RS01565,rplV,rplV,rplV,rplV,50S ribosomal protein L22,,,,VC_2591,100
N900_RS01570,rpsC,rpsC,rpsC,rpsC,,,,,VC_2590,100
N900_RS01575,rplP,rplP,rplP,rplP,,,,,VC_2589,100
N900_RS01580,rpmC,rpmC,rpmC,rpmC,,,,,VC_2588,100
N900_RS01585,rpsQ,rpsQ,rpsQ,rpsQ,,,,,VC_2587,100
N900_RS01590,rplN,rplN,rplN,rplN,,,,,VC_2586,100
N900_RS01595,rplX,rplX,rplX,rplX,,,,,VC_2585,100
N900_RS01600,rplE,rplE,rplE,rplE,,,,,VC_2584,100
N900_RS01605,rpsN,rpsN,rpsN,rpsN,,,,,VC_2583,100
N900_RS01610,rpsH,rpsH,rpsH,rpsH,,,,,VC_2582,100
N900_RS01615,rplF,rplF,rplF,rplF,,,,,VC_2581,100
N900_RS01620,rplR,rplR,rplR,rplR,,,,,VC_2580,100
N900_RS01625,rpsE,rpsE,rpsE,rpsE,,,,,VC_2579,100
N900_RS01630,rpmD,rpmD,rpmD,rpmD,,,,,VC_2578,100
N900_RS01635,rplO,rplO,rplO,rplO,,,,,VC_2577,100
N900_RS01640,secY,secY,secY,secY,,,,,VC_2576,100
N900_RS01645,rpmJ,rpmJ,rpmJ,rpmJ,,,,,VC_2575,100
N900_RS01650,rpsM,rpsM,rpsM,rpsM,,,,,VC_2574,99.2
N900_RS01655,rpsK,rpsK,rpsK,rpsK,,,,,VC_2573,100
N900_RS01660,rpsD,rpsD,rpsD,rpsD,,,,,VC_2572,100
N900_RS01665,rpoA,rpoA,rpoA,rpoA,,,,,VC_2571,100
N900_RS01670,rplQ,rplQ,rplQ,rplQ,,,,,VC_2570,100
N900_RS01675,,,,,DUF2780 domain-containing protein,,,,VC_2569,99.4
N900_RS01680,fklB,fklB,,,peptidylprolyl isomerase,,,,VC_2568,100
N900_RS01685,LysM,LysM,,,peptidoglycan-binding protein LysM,,,,VC_2567,99.5
N900_RS01690,eamA_6,eamA_6,,,DMT family transporter,,,,VC_2566,100
N900_RS01695,elaA,elaA,,,GNAT family N-acetyltransferase,,,,VC_2565,100
N900_RS01700,dbpA,dbpA,,,,,,,VC_2564,99.8
N900_RS01705,Crp/Fnr family transcriptional regulator_1,Crp/Fnr family transcriptional regulator_1,,,Crp/Fnr family transcriptional regulator,,,,VC_2563,100
N900_RS01710,cpdB,cpdB,,,,,,,VC_2562,99.8
N900_RS01715,cobA,cobA,,,,,,,VC_2561,100
N900_RS01720,cysD,cysD,cysD,cysD,,,,,VC_2560,99.7
N900_RS01725,cysN,cysN,cysN,cysN,,,,,VC_2559,100
N900_RS01730,cysC,cysC,cysC,cysC,,,,,VC_2558,100
N900_RS01735,,,,,TIGR03899 family protein,,,,VC_2557,100
N900_RS01740,,,,,DUF3299 domain-containing protein,,,,VC_2555,100
N900_RS01745,ABC transporter permease_2,ABC transporter permease_2,,,ABC transporter permease,,,,VC_2554,100
N900_RS01750,yknY_1,yknY_1,,,ABC transporter ATP-binding protein,,,,VC_2553,100
N900_RS01755,,,,,DUF2796 domain-containing protein,,,,VC_2552,100
N900_RS01760,,,,,DUF2607 domain-containing protein,,,,VC_2551,99
N900_RS01765,ytfj,ytfj,,,YtfJ family protein,,,,VC_2550,100
N900_RS01770,msrA,msrA,msrA,msrA,,,,,VC_2549,100
N900_RS01775,outer membrane protein assembly factor,outer membrane protein assembly factor,,,outer membrane protein assembly factor,,,,VC_2548,100
N900_RS01780,tamb,tamb,,,translocation/assembly module TamB,,,,VC_2547,100
N900_RS01785,ytfP,ytfP,,,gamma-glutamylcyclotransferase,,,,VC_2546,99.1
N900_RS01790,ppa,ppa,ppa,ppa,inorganic diphosphatase,,,,VC_2545,100
N900_RS01795,fbp,fbp,fbp,fbp,class 1 fructose-bisphosphatase,,,,VC_2544,100
N900_RS01800,,,,,,,,,VC_2543,100
N900_RS01805,mpl,mpl,mpl,mpl,mpl,,,,VC_2542,100
N900_RS01810,ubix,ubix,ubiX,ubiX,UbiX family flavin prenyltransferase,,,,VC_2541,99.5
N900_RS01815,thiB,thiB,,,thiamine ABC transporter substrate binding subunit,,,,VC_2539,99.7
N900_RS01820,thiP,thiP,,,,,,,VC_2538,99.6
N900_RS01825,thiQ,thiQ,thiQ,thiQ,,,,,VC_2537,100
N900_RS01830,darP,darP,darP,darP,ribosome-associated protein,,,,VC_2536,100
N900_RS01835,pmbA,pmbA,,,,,,,VC_2535,100
N900_RS01840,mgtE_1,mgtE_1,,,,,,,VC_2534,100
N900_RS01845,ptsO,ptsO,npr,npr,HPr family phosphocarrier protein,,,,VC_2533,100
N900_RS01850,rapZ,rapZ,,,,,,,VC_2532,100
N900_RS01855,ptsN,ptsN,,,,,,,VC_2531,100
N900_RS01860,hpf,hpf,,,ribosome hibernation promoting factor,,,,VC_2530,100
N900_RS01865,rpoN,rpoN,,,RNA polymerase factor sigma-54,,,,VC_2529,100
N900_RS01870,lptB,lptB,,,,,,,VC_2528,100
N900_RS01875,lptA,lptA,lptA,lptA,,,,,VC_2527,99.4
N900_RS01880,lptC,lptC,lptC,lptC,,,,,VC_2525,100
N900_RS01885,kdsC,kdsC,,,,,,,VC_2524,100
N900_RS01890,kdsD,kdsD,,,,,,,VC_2523,100
N900_RS01895,calcium/sodium antiporter,calcium/sodium antiporter,,,calcium/sodium antiporter,,,,VC_2522,99.7
N900_RS01900,,,,,,,,,VC_2521,98.4
N900_RS01905,mlaF,mlaF,,,,,,,VC_2520,100
N900_RS01910,mlaE,mlaE,,,,,,,VC_2519,100
N900_RS01915,mlaD,mlaD,,,,,,,VC_2518,100
N900_RS01920,mlaC,mlaC,,,,,,,VC_2517,99.5
N900_RS01925,"anti-sigma B factor antagonist, putative","anti-sigma B factor antagonist, putative",,,STAS domain-containing protein,,"anti-sigma B factor antagonist, putative",,VC_2516,100
N900_RS01930,ibaG,ibaG,,,BolA family transcriptional regulator,,,,VC_2515,98.8
N900_RS01935,murA,murA,murA,murA,,,,,VC_2514,100
N900_RS01940,1-acylglycerol-3-phosphate O-acyltransferase,1-acylglycerol-3-phosphate O-acyltransferase,,,1-acylglycerol-3-phosphate O-acyltransferase,,,,VC_2513,100
N900_RS01945,rida,rida,,,RidA family protein,,,,VC_2512,100
N900_RS01950,pyrI,pyrI,pyrI,pyrI,aspartate carbamoyltransferase regulatory subunit,,,,VC_2511,100
N900_RS01955,pyrB,pyrB,pyrB,pyrB,,,,,VC_2510,100
N900_RS01965,argF,argF,argF,argF,,,,,VC_2508,100
N900_RS01970,,,,,PhoH family protein,,,Protein PhoH2,VC_2507,100
N900_RS01975,,,rapA,rapA; hepA,,,,,VC_2506,34.5
N900_RS01980,rapA,rapA,rapA,rapA; hepA,,,,,VC_2506,100
N900_RS01985,rluA,rluA,rluA,rluA,RNA pseudouridine synthase,,,,VC_2505,100
N900_RS01990,hepA,hepA,,,D-2-hydroxyacid dehydrogenase,,,,VC_2504,100
N900_RS01995,valS,valS,valS,valS,valine--tRNA ligase,,,,VC_2503,99.9
N900_RS02000,holC,holC,,,DNA polymerase III subunit chi,,,,VC_2502,100
N900_RS02005,pepA,pepA,pepA,pepA,,,,,VC_2501,100
N900_RS02010,lptF,lptF,,,,,,,VC_2500,99.7
N900_RS02015,lptG,lptG,,,,,,,VC_2499,99.7
N900_RS02020,,,,,RDD family protein,,,,VC_2498,100
N900_RS02025,tRNA-Leu_4,tRNA-Leu_4,tcpB,tcpB,,,,,VC_0829,36.4
N900_RS02030,rpfG,rpfG,,,HD-GYP domain-containing protein,,,,VC_2497,99.3
N900_RS02035,rRNA-16S_6,rRNA-16S_6,,,,,,,VC_0713,100
N900_RS02040,tRNA-Ile_3,tRNA-Ile_3,,,,,,,,
N900_RS02045,tRNA-Ala_3,tRNA-Ala_3,,,,,,,VC_1683,42.1
N900_RS02050,rRNA-23S_5,rRNA-23S_5,,,,,,,VC_2603,30.1
N900_RS02055,rrf_D3,rrf_D3,metAS,metAS; metA,,,,,VC_1611,58.3
N900_RS02060,tRNA-Thr_5,tRNA-Thr_5,cysQ,cysQ,,,,,VC_2722,47.8
N900_RS02065,rrf_4,rrf_4,,,,,,,VC_1594,57.9
N900_RS02070,,,,,DUF547 domain-containing protein,,,,VC_2494,100
N900_RS02075,leuD,leuD,leuD,leuD,,,,,VC_2493,100
N900_RS02080,leuC,leuC,leuC,leuC,,,,,VC_2492,100
N900_RS02085,leuB,leuB,leuB,leuB,,,,,VC_2491,100
N900_RS02090,leuA,leuA,leuA,leuA,,,,,VC_2490,100
N900_RS02095,tetr_1,tetr_1,,,TetR/AcrR family transcriptional regulator,,,,VC_2489,100
N900_RS02100,,,,,phosphatase PAP2 family protein,,,,VC_2488,99.4
N900_RS02105,glycosyl transferase_1,glycosyl transferase_1,,,glycosyl transferase,,,,VC_2487,99.7
N900_RS02110,leuO,leuO,,,,,,,VC_2485,100
N900_RS02115,long-chain fatty acid--CoA ligase,long-chain fatty acid--CoA ligase,,,long-chain fatty acid--CoA ligase,,,,VC_2484,100
N900_RS02120,ilvI,ilvI,,,acetolactate synthase 3 large subunit,,,,VC_2483,100
N900_RS02125,ilvN,ilvN,,,,,,,VC_2482,100
N900_RS02130,serA,serA,,,,,,,VC_2481,100
N900_RS02135,rpiA,rpiA,rpiA,rpiA,,,,,VC_2480,100
N900_RS02140,ygfA,ygfA,,,5-formyltetrahydrofolate cyclo-ligase,,,,VC_2479,100
N900_RS02145,zapa,zapa,,,cell division protein ZapA,,,,VC_2478,100
N900_RS02150,VC0395_A2053_BLAST,VC0395_A2053_BLAST,,,YecA family protein,UPF0149 protein VC0395_A2053/VC395_2591,,,VC_2476,99.4
N900_RS02155,ubiH,ubiH,,,,,,,VC_2475,100
N900_RS02160,ubiI,ubiI,,,FAD-dependent 2-octaprenylphenol hydroxylase,,,,VC_2474,100
N900_RS02165,,,,,DUF1107 domain-containing protein,,,,VC_2473,100
N900_RS02170,ygfZ,ygfZ,,,,,,,VC_2472,100
N900_RS02175,sdhE,sdhE,sdhE,sdhE,succinate dehydrogenase assembly factor 2,,,,VC_2471,100
N900_RS02180,cptA,cptA,,,,,,,VC_2470,100
N900_RS02185,nadB,nadB,nadB,nadB,,,,,VC_2469,100
N900_RS02190,,,,,,,,,VC_2468,98.5
N900_RS02195,rpoE,rpoE,,,,,,,VC_2467,100
N900_RS02200,rsea,rsea,,,sigma-E factor negative regulatory protein RseA,,,,VC_2466,100
N900_RS02205,rseB,rseB,,,,,,,VC_2465,100
N900_RS02210,rsec,rsec,,,sigma factor RpoE regulatory protein RseC,,,,VC_2464,100
N900_RS02215,lepA,lepA,lepA,lepA,,,,,VC_2463,100
N900_RS02220,lepB,lepB,,,,,,,VC_2462,100
N900_RS02225,ribonuclease III,ribonuclease III,rnc,rnc,ribonuclease III,,,,VC_2461,100
N900_RS02230,era,era,era,era,GTPase Era,,,,VC_2460,100
N900_RS02235,recO,recO,recO,recO,,,,,VC_2459,100
N900_RS02240,pdxJ,pdxJ,pdxJ,pdxJ,,,,,VC_2458,100
N900_RS02245,acpS,acpS,acpS,acpS,holo-ACP synthase,,,,VC_2457,100
N900_RS02250,,,,,,,,,VC_2456,99.8
N900_RS02255,,,,,,,,,VC_2455,100
N900_RS02260,sensor domain-containing diguanylate cyclase_2,sensor domain-containing diguanylate cyclase_2,,,GGDEF domain-containing protein,,,,VC_2454,100
N900_RS02265,barA,barA,,,,,,,VC_2453,100
N900_RS02270,rlmD,rlmD,rlmD,rlmD; rumA,,,,,VC_2452,100
N900_RS02275,relA,relA,,,,,,,VC_2451,100
N900_RS02280,mazG,mazG,,,,,,,VC_2450,100
N900_RS02285,pyrG,pyrG,pyrG,pyrG,CTP synthase,,,,VC_2448,100
N900_RS02290,eno,eno,eno,eno,phosphopyruvate hydratase,,,,VC_2447,100
N900_RS02295,cca,cca,cca,cca,multifunctional CCA addition/repair protein,,,,VC_2446,100
N900_RS02300,exeA,exeA,,,AAA family ATPase,,,,VC_2445,100
N900_RS02305,gspb,gspb,,,general secretion pathway protein GspB,,,,VC_2444,100
N900_RS02310,,,,,SH3 domain-containing protein,,,,VC_2443,99.5
N900_RS02315,inorganic phosphate transporter,inorganic phosphate transporter,,,inorganic phosphate transporter,,,,VC_2442,100
N900_RS02320,HI_1603_BLAST,HI_1603_BLAST,,,TIGR00153 family protein,UPF0111 protein HI_1603,,,VC_2441,100
N900_RS02325,ygiF,ygiF,,,inorganic triphosphatase,,,,VC_2440,100
N900_RS02330,methyl-accepting chemotaxis protein_15,methyl-accepting chemotaxis protein_15,,,methyl-accepting chemotaxis protein,,,,VC_2439,99.8
N900_RS02335,glnE,glnE,glnE,glnE,,,,,VC_2438,100
N900_RS02340,hldE,hldE,rbsK,rbsK,,,,,VC_A0131,24.2
N900_RS02345,tolC,tolC,tolC,tolC,,,,,VC_2436,100
N900_RS02350,nudF_1,nudF_1,,,ADP-ribose diphosphatase,,,,VC_2435,100
N900_RS02355,,,,,DUF1249 family protein,,,,VC_2434,100
N900_RS02360,cpdA,cpdA,cpdA,cpdA,,,,,VC_2433,99.6
N900_RS02365,yqiA,yqiA,,,,,,,VC_2432,100
N900_RS02370,parE,parE,parE,parE,,,,,VC_2431,100
N900_RS02375,parC,parC,parC,parC,,,,,VC_2430,99.9
N900_RS02380,yacG,yacG,yacG,yacG,,,,,VC_2429,100
N900_RS02385,zapD,zapD,zapD,zapD,,,,,VC_2428,100
N900_RS02390,coaE,coaE,coaE,coaE,,,,,VC_2427,99.5
N900_RS02395,pilD,pilD,,,prepilin peptidase,,,,VC_2426,100
N900_RS02400,pilC,pilC,pilC,pilC,type II secretion system F family protein,,,,VC_2425,100
N900_RS02405,pilB,pilB,,,,,,,VC_2424,100
N900_RS02410,pilA,pilA,,,pilin,,,,VC_2423,100
N900_RS02415,nadC_1,nadC_1,,,,,,,VC_2422,100
N900_RS02420,ampD,ampD,,,,,,,VC_2421,100
N900_RS02425,fldB,fldB,,,,,,,VC_2420,100
N900_RS02430,xerd,xerd,xerD,xerD,tyrosine recombinase XerD,,,,VC_2419,99.7
N900_RS02435,dsbC,dsbC,,,,,,,VC_2418,100
N900_RS02440,recJ,recJ,,,,,,,VC_2417,100
N900_RS02445,yfkN,yfkN,,,bifunctional metallophosphatase/5'-nucleotidase,,,,VC_2416,99.8
N900_RS02450,pdhR,pdhR,,,,,,,VC_2415,100
N900_RS02455,aceE,aceE,,,,,,,VC_2414,100
N900_RS02460,aceF,aceF,,,,,,,VC_2413,99.8
N900_RS02465,lpdA,lpdA,lpd,lpd,,,,,VC_2412,100
N900_RS02470,rsmH,rsmH,rsmH,rsmH; mraW,,,,,VC_2409,100
N900_RS02475,ftsL,ftsL,ftsL,ftsL,,,,,VC_2408,100
N900_RS02480,ftsi,ftsi,ftsI,ftsI,peptidoglycan glycosyltransferase FtsI,,,,VC_2407,99.8
N900_RS02485,murE,murE,murE,murE,,,,,VC_2406,99.8
N900_RS02490,murF,murF,murF,murF,UDP-N-acetylmuramoyl-tripeptide--D-alanyl-D- alanine ligase,,,,VC_2405,100
N900_RS02495,mraY,mraY,mraY,mraY,,,,,VC_2404,100
N900_RS02500,UDP-N-acetylmuramoyl-L-alanine--D-glutamate ligase,UDP-N-acetylmuramoyl-L-alanine--D-glutamate ligase,murD,murD,UDP-N-acetylmuramoyl-L-alanine--D-glutamate ligase,,,,VC_2403,100
N900_RS02505,ftsW,ftsW,ftsW,ftsW,,,,,VC_2402,99.7
N900_RS02510,murG,murG,murG,murG,,,,,VC_2401,100
N900_RS02515,murC,murC,murC,murC,,,,,VC_2400,100
N900_RS02520,ftsq,ftsq,ftsQ,ftsQ,cell division protein FtsQ,,,,VC_2399,99.6
N900_RS02525,ftsA,ftsA,ftsA,ftsA,,,,,VC_2398,100
N900_RS02530,ftsZ,ftsZ,ftsZ,ftsZ,,,,,VC_2397,100
N900_RS02535,lpxC,lpxC,lpxC,lpxC,,,,,VC_2396,100
N900_RS02540,,,,,DUF721 domain-containing protein,,,,VC_2395,100
N900_RS02545,secA,secA,secA,secA,,,,,VC_2394,100
N900_RS02555,mutT,mutT,,,,,,,VC_2392,99.2
N900_RS02560,dapB,dapB,dapB,dapB,,,,,VC_2391,100
N900_RS02565,,,ftsI,ftsI,,,,,VC_2407,30.3
N900_RS02570,carA,carA,carA,carA,carbamoyl-phosphate synthase small subunit,,,,VC_2390,99.7
N900_RS02575,carB,carB,carB,carB,,,,,VC_2389,100
N900_RS02580,nlpE_2,nlpE_2,,,,,,,VC_2388,100
N900_RS02590,Ga0059260_01847_BLAST,Ga0059260_01847_BLAST,,,TIGR02646 family protein,Retron Vc95 putative HNH endonuclease,,,VC_2387,100
N900_RS02595,Ga0059260_01848_BLAST,Ga0059260_01848_BLAST,,,AAA family ATPase,Retron Vc95 probable ATPase,,,VC_2386,100
N900_RS02600,RNA-directed DNA polymerase,RNA-directed DNA polymerase,,,RNA-directed DNA polymerase,,,,VC_2385,99.7
N900_RS02605,yfcA_1,yfcA_1,,,TSUP family transporter,,,,VC_2384,100
N900_RS02610,hdfR_1,hdfR_1,,,LysR family transcriptional regulator,,,,VC_2383,99.7
N900_RS02615,yadS,yadS,,,membrane protein,,,,VC_2382,100
N900_RS02620,btuF,btuF,btuF,btuF,,,,,VC_2381,100
N900_RS02625,cbiB,cbiB,,,cobalamin biosynthesis family protein,,,,VC_2380,100
N900_RS02630,mtnN,mtnN,mtnN,mtnN,,,,,VC_2379,100
N900_RS02635,,,,,DUF1499 domain-containing protein,,,,VC_2378,100
N900_RS02640,gltD_1,gltD_1,,,NAD(P)-binding protein,,,,VC_2377,100
N900_RS02645,gltB_2,gltB_2,,,,,,,VC_2376,100
N900_RS02650,gltD_2,gltD_2,,,glutamate synthase subunit beta,,,,VC_2374,100
N900_RS02655,gltB_1,gltB_1,,,,,,,VC_2373,99.9
N900_RS02660,yhcC_BLAST,yhcC_BLAST,,,TIGR01212 family radical SAM protein,Protein YhcC,,,VC_2371,99.7
N900_RS02665,diguanylate cyclase,diguanylate cyclase,,,diguanylate cyclase,,,,VC_2370,100
N900_RS02670,arcB,arcB,,,,,,,VC_2369,100
N900_RS02675,arcA_2,arcA_2,,,,,,,VC_2368,100
N900_RS02680,,,,,DUF3293 domain-containing protein,,,,VC_2367,100
N900_RS02685,putative 4-hydroxy-4-methyl-2-oxoglutarate aldolase,putative 4-hydroxy-4-methyl-2-oxoglutarate aldolase,,,putative 4-hydroxy-4-methyl-2-oxoglutarate aldolase,,,,VC_2366,100
N900_RS02690,,,,,,,,,VC_2365,99.4
N900_RS02695,thrA,thrA,,,,,,,VC_2364,100
N900_RS02700,thrB,thrB,thrB,thrB,,,,,VC_2363,100
N900_RS02705,thrC,thrC,,,,,,,VC_2362,99.8
N900_RS02710,grcA,grcA,grcA,grcA,,,,,VC_2361,100
N900_RS02715,nfo,nfo,nfo,nfo,deoxyribonuclease IV,,,,VC_2360,100
N900_RS02720,ung,ung,ung,ung,uracil-DNA glycosylase,,,,VC_2359,100
N900_RS02725,,,,,hemerythrin domain-containing protein,,,,VC_2358,100
N900_RS02730,,,,,DUF3545 family protein,,,,VC_2357,98.7
N900_RS02735,alsT_1,alsT_1,,,sodium:alanine symporter family protein,,,,VC_2356,99.8
N900_RS02740,yaaA,yaaA,,,,,,,VC_2355,100
N900_RS02745,TatD family deoxyribonuclease,TatD family deoxyribonuclease,,,TatD family deoxyribonuclease,,,,VC_2353,99.6
N900_RS02750,nupc,nupc,,,NupC/NupG family nucleoside CNT transporter,,,,VC_2352,100
N900_RS02755,,,,,,,,,VC_2351,100
N900_RS02760,deoC,deoC,deoC,deoC,,,,,VC_2350,100
N900_RS02765,deoA,deoA,deoA,deoA,,,,,VC_2349,100
N900_RS02770,deoB,deoB,deoB,deoB,phosphopentomutase,,,,VC_2348,100
N900_RS02775,deoD_1,deoD_1,deoD1,deoD1,,,,,VC_2347,100
N900_RS02780,SMP protein,SMP protein,,,SMP protein,,,,VC_2346,100
N900_RS02785,phosphoserine phosphatase,phosphoserine phosphatase,,,phosphoserine phosphatase,,,,VC_2345,99.7
N900_RS02790,pilz_1,pilz_1,,,PilZ domain-containing protein,,,,VC_2344,100
N900_RS02795,radA,radA,radA,radA,,,,,VC_2343,100
N900_RS02800,fusA_1,fusA_1,fusA2,fusA2,elongation factor G,,,,VC_2342,99.9
N900_RS02805,AMP-binding protein,AMP-binding protein,,,AMP-binding protein,,,,VC_2341,99.8
N900_RS02810,,,,,HD-GYP domain-containing protein,,,Cyclic di-GMP phosphodiesterase VC_1295,VC_2340,100
N900_RS02815,chrA,chrA,,,,,,,VC_2339,100
N900_RS02820,lacZ,lacZ,mtlD,mtlD,beta-galactosidase,,,,VC_A1046,29.1
N900_RS02825,galR,galR,,,substrate-binding domain-containing protein,,,,VC_2337,100
N900_RS02830,ygjH,ygjH,,,tRNA-binding protein,,,,VC_2336,100
N900_RS02835,gamma-glutamylcyclotransferase,gamma-glutamylcyclotransferase,,,gamma-glutamylcyclotransferase,,,,VC_2335,99.5
N900_RS02840,ZntB,ZntB,,,zinc transporter ZntB,,,,VC_2334,99.7
N900_RS02845,RimK family alpha-L-glutamate ligase,RimK family alpha-L-glutamate ligase,,,RimK family protein,,,,VC_2333,99.8
N900_RS02850,ypeA_2,ypeA_2,,,GNAT family N-acetyltransferase,,,,VC_2332,100
N900_RS02855,short-chain dehydrogenase,short-chain dehydrogenase,,,short-chain dehydrogenase,,,,VC_2330,99.8
N900_RS02860,dapD,dapD,dapD,dapD,,,,,VC_2329,100
N900_RS02865,2-hydroxyacid dehydrogenase,2-hydroxyacid dehydrogenase,,,2-hydroxyacid dehydrogenase,,,,VC_2326,100
N900_RS02870,cysL_1,cysL_1,,,LysR family transcriptional regulator,,,,VC_2324,100
N900_RS02875,C4-dicarboxylate ABC transporter,C4-dicarboxylate ABC transporter,,,TDT family transporter,,,,VC_2323,100
N900_RS02880,recC,recC,recC,recC,,,,,VC_2322,99.9
N900_RS02885,recB,recB,recB,recB,,,,,VC_2320,100
N900_RS02890,recD,recD,recD,recD,,,,,VC_2319,99.9
N900_RS02895,,,,,,,,,VC_2318,100
N900_RS02905,argA,argA,argA,argA,,,,,VC_2316,99.8
N900_RS02910,,,,,DUF2850 domain-containing protein,,,,VC_2314,100
N900_RS02915,mltA,mltA,mltA,mltA,,,,,VC_2312,99.7
N900_RS02920,tcdA,tcdA,,,,,,,VC_2311,100
N900_RS02925,csdE,csdE,,,,,,,VC_2310,100
N900_RS02930,csdA,csdA,csd,csd,,,,,VC_2309,100
N900_RS02935,4-methyl-5(B-hydroxyethyl)-thiazole monophosphate biosynthesis enzyme,4-methyl-5(B-hydroxyethyl)-thiazole monophosphate biosynthesis enzyme,,,DJ-1/PfpI family protein,,4-methyl-5(B-hydroxyethyl)-thiazole monophosphate biosynthesis enzyme,,VC_2308,99.5
N900_RS02940,panE,panE,panE,panE,,,,,VC_2307,100
N900_RS02945,ompK,ompK,,,membrane protein,,,,VC_2305,100
N900_RS02950,ATP-dependent protease,ATP-dependent protease,,,ATP-dependent protease,,,,VC_2303,100
N900_RS02955,rpoE_2,rpoE_2,,,RNA polymerase sigma factor,,,,VC_2302,100
N900_RS02960,chrR,chrR,,,transcriptional regulator,,,,VC_2301,100
N900_RS02965,ampG,ampG,,,MFS transporter,,,,VC_2300,100
N900_RS02970,peptidyl-prolyl cis-trans isomerase,peptidyl-prolyl cis-trans isomerase,,,peptidyl-prolyl cis-trans isomerase,,,,VC_2299,100
N900_RS02975,"lipoprotein, putative","lipoprotein, putative",,,,,"lipoprotein, putative",,VC_2298,100
N900_RS02980,rlmG,rlmG,rlmG,rlmG,class I SAM-dependent methyltransferase,,,,VC_2297,100
N900_RS02985,bola,bola,bolA,bolA,BolA/IbaG family iron-sulfur metabolism protein,,,,VC_2296,100
N900_RS02990,Na(+)-translocating NADH-quinone reductase subunit A,Na(+)-translocating NADH-quinone reductase subunit A,nqrA,nqrA,Na(+)-translocating NADH-quinone reductase subunit A,,,,VC_2295,100
N900_RS02995,nqrB,nqrB,nqrB,nqrB,NADH:ubiquinone reductase (Na(+)-transporting) subunit B,,,,VC_2294,100
N900_RS03000,nqrC,nqrC,nqrC,nqrC,Na(+)-translocating NADH-quinone reductase subunit C,,,,VC_2293,100
N900_RS03005,nqrD,nqrD,nqrD,nqrD,NADH:ubiquinone reductase (Na(+)-transporting) subunit D,,,,VC_2292,100
N900_RS03010,nqrE,nqrE,nqrE,nqrE,,,,,VC_2291,100
N900_RS03015,nqrF,nqrF,nqrF,nqrF,,,,,VC_2290,100
N900_RS03020,apbE,apbE,,,FAD:protein FMN transferase,,,,VC_2289,100
N900_RS03025,nqrM_1,nqrM_1,,,,,,,VC_2288,100
N900_RS03030,dinB,dinB,dinB,dinB,,,,,VC_2287,100
N900_RS03035,,,,,DUF2884 family protein,,,,VC_2286,99.6
N900_RS03050,IS256 family transposase_D1,IS256 family transposase_D1,,,IS256 family transposase,,,,VC_0188,44
N900_RS03055,diguanylate cyclase_4,diguanylate cyclase_4,,,diguanylate cyclase,,,,VC_2285,100
N900_RS03060,sodium-dependent transporter_2,sodium-dependent transporter_2,,,sodium-dependent transporter,,,,VC_2283,100
N900_RS03065,deacylase,deacylase,,,succinylglutamate desuccinylase/aspartoacylase family protein,,,,VC_2282,100
N900_RS03070,rimK,rimK,rimK,rimK,,,,,VC_2281,100
N900_RS03075,ATP-dependent zinc protease_1,ATP-dependent zinc protease_1,,,ATP-dependent zinc protease,,,,VC_2280,100
N900_RS03080,pepD,pepD,,,aminoacyl-histidine dipeptidase,,,,VC_2279,100
N900_RS03085,adeP,adeP,,,NCS2 family permease,,,,VC_2278,100
N900_RS03090,gpt,gpt,gpt,gpt,xanthine phosphoribosyltransferase,,,,VC_2277,100
N900_RS03095,frsA,frsA,frsA,frsA,,,,,VC_2276,100
N900_RS03100,crl,crl,crl,crl,sigma factor-binding protein Crl,,,,VC_2275,100
N900_RS03105,proB,proB,proB,proB,,,,,VC_2274,100
N900_RS03110,proA,proA,proA,proA,glutamate-5-semialdehyde dehydrogenase,,,,VC_2273,100
N900_RS03115,nrdR,nrdR,nrdR,nrdR,,,,,VC_2272,100
N900_RS03120,ribD,ribD,,,,,,,VC_2271,100
N900_RS03125,ribE_1,ribE_1,,,riboflavin synthase,,,,VC_2270,100
N900_RS03130,ribBA,ribBA,ribB,ribB,"bifunctional 3,4-dihydroxy-2-butanone-4-phosphate synthase/GTP cyclohydrolase II",,,,VC_2269,100
N900_RS03135,ribE_2,ribE_2,ribH,ribH,,,,,VC_2268,100
N900_RS03140,nusB,nusB,nusB,nusB,,,,,VC_2267,100
N900_RS03145,thiL,thiL,thiL,thiL,,,,,VC_2266,100
N900_RS03150,pgpA,pgpA,,,,,,,VC_2265,100
N900_RS03155,VC_2264_BLAST,VC_2264_BLAST,,,DUF3461 family protein,UPF0325 protein VC_2264,,,VC_2264,100
N900_RS03160,glnD,glnD,glnD,glnD,,,,,VC_2262,99.9
N900_RS03165,map,map,map,map,map,,,,VC_2261,100
N900_RS03170,rpsB,rpsB,rpsB,rpsB,,,,,VC_2260,100
N900_RS03175,tsf,tsf,tsf,tsf,tsf,,,,VC_2259,100
N900_RS03180,pyrH,pyrH,pyrH,pyrH,,,,,VC_2258,100
N900_RS03185,frr,frr,frr,frr,ribosome recycling factor,,,,VC_2257,99.5
N900_RS03190,uppS,uppS,uppS,uppS,,,,,VC_2256,99.6
N900_RS03195,cdsA,cdsA,,,phosphatidate cytidylyltransferase,,,,VC_2255,99.6
N900_RS03200,ispC,ispC,dxr,dxr,,,,,VC_2254,100
N900_RS03205,rseP,rseP,,,,,,,VC_2253,100
N900_RS03210,bamA,bamA,bamA,bamA,,,,,VC_2252,100
N900_RS03215,skp,skp,skp,skp; ompH,molecular chaperone,,,,VC_2251,98.8
N900_RS03220,lpxD,lpxD,lpxD,lpxD,,,,,VC_2250,100
N900_RS03225,fabZ,fabZ,fabZ,fabZ,,,,,VC_2249,100
N900_RS03230,lpxA,lpxA,lpxA,lpxA,,,,,VC_2248,100
N900_RS03235,lpxB,lpxB,lpxB,lpxB,,,,,VC_2247,99.7
N900_RS03240,rnhB,rnhB,rnhB,rnhB,,,,,VC_2246,100
N900_RS03245,dnaE,dnaE,,,,,,,,
N900_RS03250,accA,accA,accA,accA,,,,,VC_2244,100
N900_RS03255,tilS,tilS,tilS,tilS,,,,,VC_2242,100
N900_RS03260,cytochrome c_2,cytochrome c_2,,,cytochrome c,,,,VC_2241,100
N900_RS03265,padC,padC,padC,padC,phenolic acid decarboxylase,,,,VC_2240,100
N900_RS03270,glnB,glnB,,,,,,,VC_2239,100
N900_RS03275,VC0395_A1830_BLAST,VC0395_A1830_BLAST,,,endonuclease/exonuclease/phosphatase family protein,UPF0294 protein VC0395_A1830/VC395_2354,,,VC_2238,100
N900_RS03280,lysm,lysm,,,LysM peptidoglycan-binding domain-containing protein,,,,VC_2237,100
N900_RS03285,gloB,gloB,gloB,gloB,,,,,VC_2236,100
N900_RS03290,class I SAM-dependent methyltransferase_3,class I SAM-dependent methyltransferase_3,,,class I SAM-dependent methyltransferase,,,,VC_2235,100
N900_RS03295,rnhA,rnhA,rnhA,rnhA,,,,,VC_2234,100
N900_RS03300,dnaQ,dnaQ,dnaQ,dnaQ,,,,,VC_2233,100
N900_RS03305,hldE,,,,TIGR03503 family protein,,,,VC_2232,100
N900_RS03310,fadE_1,fadE_1,,,acyl-CoA dehydrogenase,,,,VC_2231,100
N900_RS03315,gmhA/lpcA,lpcA,gmhA,gmhA,,,,,VC_2230,100
N900_RS03320,yafJ,yafJ,,,class II glutamine amidotransferase,,,,VC_2229,100
N900_RS03325,purN,purN,purN,purN,,,,,VC_2227,100
N900_RS03330,purM,purM,purM,purM,,,,,VC_2226,99.7
N900_RS03335,upp,upp,upp,upp,uracil phosphoribosyltransferase,,,,VC_2225,99.5
N900_RS03340,,,,,GGDEF domain-containing protein,,,,VC_2224,99.8
N900_RS03345,rluF,rluF,,,,,,,VC_2223,99.7
N900_RS03350,smrA,smrA,,,,,,,VC_2222,100
N900_RS03355,,,,,DUF3149 domain-containing protein,,,,VC_2221,100
N900_RS03360,tRNA-Pro_4,tRNA-Pro_4,,,,,,,VC_1653,47.4
N900_RS03365,,,,,,,,,VC_2220,99.7
N900_RS03370,chb,chb,,,beta-N-acetylhexosaminidase,,,,VC_2217,100
N900_RS03375,,,,,DUF411 domain-containing protein,,,,VC_2216,100
N900_RS03380,heavy metal translocating P-type ATPase,heavy metal translocating P-type ATPase,copA,copA,heavy metal translocating P-type ATPase,,,,VC_2215,99.9
N900_RS03385,gltX,gltX,gltX,gltX,,,,,VC_2214,100
N900_RS03390,ompA_1,ompA_1,,,OmpA family protein,,,,VC_2213,100
N900_RS03395,Fe3+-citrate ABC transporter substrate-binding protein,Fe3+-citrate ABC transporter substrate-binding protein,,,Fe3+-citrate ABC transporter substrate-binding protein,,,,VC_2212,100
N900_RS03400,vuuA,vuuA,viuA,viuA,TonB-dependent siderophore receptor,,,,VC_2211,100
N900_RS03405,vuuB,vuuB,viuB,viuB,siderophore-interacting protein,,,,VC_2210,100
N900_RS03410,non-ribosomal peptide synthetase,non-ribosomal peptide synthetase,,,non-ribosomal peptide synthetase,,,,VC_1579,28.2
N900_RS03415,flgT,flgT,,,,,,,VC_2208,100
N900_RS03420,flgO,flgO,,,membrane protein,,,,VC_2207,100
N900_RS03425,flgP,flgP,,,,,,,VC_2206,100
N900_RS03430,flgN,flgN,,,molecular chaperone,,,,VC_2205,99.3
N900_RS03435,flgM,flgM,,,,,,,VC_2204,100
N900_RS03440,flgA,flgA,,,,,,,VC_2203,100
N900_RS03445,chev_3,chev_3,,,chemotaxis protein CheV,,,,VC_2202,100
N900_RS03450,cheR,cheR,cheR1,cheR1; cheR,chemotaxis protein methyltransferase 1,,,,VC_2201,100
N900_RS03455,flgB,flgB,,,,,,,VC_2200,100
N900_RS03460,flgC,flgC,,,,,,,VC_2199,100
N900_RS03465,flgD,flgD,,,,,,,VC_2198,100
N900_RS03470,flgE,flgE,,,,,,,VC_2197,100
N900_RS03475,flgF,flgF,,,,,,,VC_2196,100
N900_RS03480,flgG,flgG,,,,,,,VC_2195,100
N900_RS03485,flgH,flgH,flgH,flgH,,,,,VC_2194,100
N900_RS03490,flgi,flgi,flgI,flgI,flagellar basal body P-ring protein FlgI,,,,VC_2193,100
N900_RS03495,flgJ,flgJ,flgJ,flgJ,,,,,VC_2192,100
N900_RS03500,flgK,flgK,,,,,,,VC_2191,100
N900_RS03505,flgL,flgL,,,,,,,VC_2190,100
N900_RS03515,flaA,flaA,flaA,flaA,flagellin,,,,VC_2188,100
N900_RS03520,flaC,flaC,flaC,flaC,flagellin,,,,VC_2187,100
N900_RS03525,tig_BLAST,tig_BLAST,rplY,rplY,,Trigger factor,,,VC_1640,50
N900_RS03530,tRNA-Gln,tRNA-Gln,,,,,,,,
N900_RS03535,tRNA-Leu_3,tRNA-Leu_3,,,,,,,VC_A0830,35
N900_RS03540,tRNA-Leu_2,tRNA-Leu_2,,,,,,,VC_1148,38.1
N900_RS03545,tRNA-Met_5,tRNA-Met_5,mfd,mfd,,,,,VC_1886,66.7
N900_RS03550,ychF,ychF,ychF,ychF,,,,,VC_2185,100
N900_RS03555,pth,pth,pth,pth,aminoacyl-tRNA hydrolase,,,,VC_2184,99.5
N900_RS03560,prs,prs,prs,prs,ribose-phosphate pyrophosphokinase,,,,VC_2183,99.7
N900_RS03565,ispE,ispE,ispE,ispE,,,,,VC_2182,100
N900_RS03570,lolB,lolB,lolB,lolB; hemM,,,,,VC_2181,100
N900_RS03575,hemA,hemA,hemA,hemA,,,,,VC_2180,100
N900_RS03580,prfA,prfA,prfA,prfA,,,,,VC_2179,100
N900_RS03585,prmC,prmC,prmC,prmC; hemK,,,,,VC_2178,100
N900_RS03590,sirB2,sirB2,,,,,,,VC_2177,100
N900_RS03595,sirB1,sirB1,,,tetratricopeptide repeat protein,,,,VC_2176,100
N900_RS03600,kdsA,kdsA,kdsA,kdsA,,,,,VC_2175,100
N900_RS03605,ushA,ushA,nutA,nutA,bifunctional UDP-sugar hydrolase/5'-nucleotidase,,,,VC_2174,100
N900_RS03610,ybaK,ybaK,,,,,,,VC_2172,100
N900_RS03615,uracil-xanthine permease,uracil-xanthine permease,,,uracil-xanthine permease,,,,VC_2171,100
N900_RS03620,,,,,DUF2066 domain-containing protein,,,,VC_2168,100
N900_RS03625,,,,,DUF2069 domain-containing protein,,,,VC_2167,100
N900_RS03630,wrbA,wrbA,,,,,,,VC_2166,100
N900_RS03635,arsC,arsC,,,,,,,VC_2165,100
N900_RS03640,bepA_1,bepA_1,,,M48 family metallopeptidase,,,,VC_2164,100
N900_RS03645,,,,,,,,Sulfur carrier protein TusA,VC_2163,100
N900_RS03650,perM,perM,,,AI-2E family transporter,,,,VC_2162,100
N900_RS03655,mlp24,mlp24,,,methyl-accepting chemotaxis protein,,,,VC_2161,100
N900_RS03660,bcp,bcp,,,thioredoxin-dependent thiol peroxidase,,,,VC_2160,100
N900_RS03665,gcvR,gcvR,,,glycine cleavage system protein R,,,,VC_2159,100
N900_RS03670,dapA,dapA,dapA,dapA,,,,,VC_2157,100
N900_RS03675,bamC,bamC,bamC,bamC,,,,,VC_2156,100
N900_RS03680,,,,,DUF2897 family protein,,,,VC_2154,98.6
N900_RS03685,M15 family metallopeptidase,M15 family metallopeptidase,,,M15 family metallopeptidase,,,,VC_2153,99.6
N900_RS03690,dapE,dapE,dapE,dapE,,,,,VC_2152,100
N900_RS03695,ArsC family reductase,ArsC family reductase,,,ArsC family reductase,,,,VC_2150,100
N900_RS03700,,,,,helix-turn-helix domain-containing protein,,,,VC_2149,100
N900_RS03705,,,,,DUF2956 domain-containing protein,,,,VC_2147,100
N900_RS03710,,,,,DUF2919 domain-containing protein,,,Inner membrane protein YfeZ,VC_2146,99.4
N900_RS03715,yfeX,yfeX,,,Dyp-type peroxidase,,,,VC_2145,100
N900_RS03720,flaE,flaE,flaE,flaE,flagellin,,,,VC_2144,100
N900_RS03725,flaD,flaD,flaD,flaD,flagellin,,,,VC_2143,100
N900_RS03730,flaB,flaB,flaB,flaB,flagellin,,,,VC_2142,100
N900_RS03735,flaG,flaG,flaG,flaG,,,,,VC_2141,100
N900_RS03740,fliD,fliD,fliD,fliD,,,,,VC_2140,99.8
N900_RS03745,flaI,flaI,,,flagellar protein FliT,,,,VC_2139,99
N900_RS03750,fliS,fliS,fliS,fliS,,,,,VC_2138,100
N900_RS03755,flrA,flrA,,,sigma-54-dependent Fis family transcriptional regulator,,,,VC_2137,100
N900_RS03760,flrB,flrB,,,PAS domain-containing protein,,,,VC_2136,100
N900_RS03765,flrC,flrC,,,sigma-54-dependent Fis family transcriptional regulator,,,,VC_2135,99.8
N900_RS03770,fliE,fliE,fliE,fliE,,,,,VC_2134,100
N900_RS03775,fliF,fliF,,,,,,,VC_2133,99.8
N900_RS03780,fliG,fliG,fliG,fliG,,,,,VC_2132,100
N900_RS03785,fliH,fliH,,,,,,,VC_2131,99.6
N900_RS03790,fliI,fliI,,,,,,,VC_2130,100
N900_RS03795,fliJ,fliJ,,,,,,,VC_2129,99.4
N900_RS03800,FliK,FliK,,,flagellar hook-length control protein FliK,,,,VC_2128,99.9
N900_RS03805,fliL_1,fliL_1,,,,,,,VC_2127,100
N900_RS03810,fliM,fliM,,,,,,,VC_2126,99.7
N900_RS03815,fliN,fliN,,,,,,,VC_2125,100
N900_RS03820,fliO,fliO,,,,,,,VC_2124,100
N900_RS03825,fliP,fliP,fliP,fliP,,,,,VC_2123,100
N900_RS03830,fliQ,fliQ,fliQ,fliQ,,,,,VC_2122,100
N900_RS03835,fliR,fliR,,,,,,,VC_2121,100
N900_RS03840,flhB,flhB,flhB,flhB,,,,,VC_2120,99.7
N900_RS03845,smrB,smrB,smrB,smrB,,,,,VC_2119,100
N900_RS03850,prmB,prmB,prmB,prmB,,,,,VC_2118,100
N900_RS03855,,,,,,,,,VC_2117,100
N900_RS03860,aroC,aroC,aroC,aroC,,,,,VC_2116,100
N900_RS03865,UPF0126 membrane protein HI_1240_BLAST,UPF0126 membrane protein HI_1240_BLAST,,,trimeric intracellular cation channel family protein,,,UPF0126 membrane protein HI_1240,VC_2115,100
N900_RS03870,epmC,epmC,,,elongation factor P hydroxylase,,,,VC_2113,100
N900_RS03875,yfcl,yfcl,,,YfcL family protein,,,,VC_2112,100
N900_RS03880,NAD(P)H-dependent oxidoreductase,NAD(P)H-dependent oxidoreductase,,,NAD(P)H-dependent oxidoreductase,,,,VC_2111,100
N900_RS03885,mnmC,mnmC,mnmC,mnmC,,,,,VC_2110,99.9
N900_RS03890,fabB,fabB,fabF,fabF,,,,,VC_2019,40.8
N900_RS03895,4-phosphoerythronate dehydrogenase,4-phosphoerythronate dehydrogenase,pdxB,pdxB,4-phosphoerythronate dehydrogenase,,,,VC_2108,99.7
N900_RS03900,asd2,asd2,asd2,asd2; asd,Aspartate-semialdehyde dehydrogenase 2,,,,VC_2107,100
N900_RS03905,fur,fur,fur,fur,fur,,,,VC_2106,100
N900_RS03910,,,,,DUF4442 domain-containing protein,,,,VC_2105,100
N900_RS03915,gltC,gltC,,,LysR family transcriptional regulator,,,,VC_2103,100
N900_RS03920,cida,cida,,,CidA/LrgA family protein,,,,VC_2101,100
N900_RS03925,yohK_1,yohK_1,,,LrgB family protein,,,,VC_2100,100
N900_RS03930,fldA,fldA,,,,,,,VC_2099,100
N900_RS03935,,,,,DUF2788 domain-containing protein,,,,VC_2098,100
N900_RS03940,ybfF,ybfF,,,alpha/beta fold hydrolase,,,,VC_2097,100
N900_RS03945,seqA,seqA,seqA,seqA,,,,,VC_2096,100
N900_RS03950,pgm_1,pgm_1,,,pgm,,,,VC_2095,100
N900_RS03955,,,,,DUF1853 family protein,,,,VC_2094,100
N900_RS03960,Nif3-like dinuclear metal center hexameric protein,Nif3-like dinuclear metal center hexameric protein,,,Nif3-like dinuclear metal center hexameric protein,,,,VC_2093,100
N900_RS03965,gltA,gltA,,,citrate synthase,,,,VC_2092,100
N900_RS03970,sdhC,sdhC,,,,,,,VC_2091,99.2
N900_RS03975,sdhD,sdhD,,,,,,,VC_2090,100
N900_RS03980,sdhA,sdhA,,,,,,,VC_2089,99.8
N900_RS03985,sdhB,sdhB,,,succinate dehydrogenase iron-sulfur subunit,,,,VC_2088,100
N900_RS03990,sucA,sucA,,,,,,,VC_2087,100
N900_RS03995,odhB,odhB,,,,,,,VC_2086,100
N900_RS04000,sucC,sucC,sucC,sucC,,,,,VC_2085,100
N900_RS04005,sucD,sucD,sucD,sucD,,,,,VC_2084,100
N900_RS04010,znuB,znuB,,,,,,,VC_2083,100
N900_RS04015,znuC,znuC,znuC,znuC,,,,,VC_2082,100
N900_RS04020,znuA,znuA,,,,,,,VC_2081,99.7
N900_RS04025,AraC family transcriptional regulator_1,AraC family transcriptional regulator_1,,,AraC family transcriptional regulator,,,,VC_2080,99.9
N900_RS04030,ferrous iron transport protein A,ferrous iron transport protein A,,,ferrous iron transport protein A,,,,VC_2078,100
N900_RS04035,feoB,feoB,,,,,,,VC_2077,99.9
N900_RS04040,feoc,feoc,,,iron transporter FeoC,,,,VC_2076,98.7
N900_RS04045,,,,,HIT domain-containing protein,,,,VC_2075,99.3
N900_RS04050,argS,argS,argS,argS,,,,,VC_2074,99.8
N900_RS04055,yecM,yecM,,,VOC family protein,,,,VC_2073,100
N900_RS04060,"peptidase, insulinase family","peptidase, insulinase family",,,insulinase family protein,,"peptidase, insulinase family",,VC_2072,99.9
N900_RS04065,sixA,sixA,,,,,,,VC_2070,99.4
N900_RS04070,flhA,flhA,flhA,flhA,,,,,VC_2069,100
N900_RS04075,flhF,flhF,,,,,,,VC_2068,99.8
N900_RS04080,MinD-related protein,MinD-related protein,,,MinD/ParA family protein,,MinD-related protein,,VC_2067,100
N900_RS04085,flia,flia,fliA,fliA,RNA polymerase sigma factor FliA,,,,VC_2066,99.6
N900_RS04090,cheY3,cheY_2,,,,,,,VC_2065,100
N900_RS04095,cheZ,chez,,,protein phosphatase CheZ,,,,VC_2064,100
N900_RS04100,cheA2,chea,,,chemotaxis protein CheA,,,,VC_2063,100
N900_RS04105,cheB2,cheB,cheB1,cheB1,chemotaxis response regulator protein-glutamate methylesterase,,,,VC_2062,100
N900_RS04110,parP,soj_1,,,ParA family protein,,,,VC_2061,100
N900_RS04115,parC,CheW,,,chemotaxis protein CheW,,,,VC_2060,100
N900_RS04120,cheW1,chew_1,,,chemotaxis protein CheW,,,,VC_2059,100
N900_RS04125,,,,,DUF2802 domain-containing protein,,,,VC_2058,100
N900_RS04130,ccmA,ccmA,ccmA,ccmA,,,,,VC_2057,100
N900_RS04135,ccmB,ccmB,,,,,,,VC_2056,100
N900_RS04140,ccmC,ccmC,ccmC,ccmC,heme ABC transporter permease,,,,VC_2055,100
N900_RS04145,ccmD,ccmD,,,,,,,VC_2054,100
N900_RS04150,ccmE_1,ccmE_1,ccmE,ccmE; cycJ,,,,,VC_2053,100
N900_RS04155,ccmf,ccmf,,,heme lyase CcmF/NrfE family subunit,,,,VC_2052,100
N900_RS04160,dsbe,dsbe,dsbE,dsbE; ccmG,thiol:disulfide interchange protein DsbE,,,,VC_2051,99.5
N900_RS04165,CcmH,CcmH,dsbA,dsbA; tpcG,cytochrome c-type biogenesis protein CcmH,,,,VC_0034,34.8
N900_RS04170,ccmI,ccmI,csrA,csrA,,,,,VC_0548,34
N900_RS04175,mlaA,mlaA,,,VacJ family lipoprotein,,,,VC_2048,100
N900_RS04180,fabG_1,fabG_1,,,SDR family oxidoreductase,,,,VC_2047,99.6
N900_RS04185,,,,,,,,,VC_2046,99.4
N900_RS04190,sodB,sodB,,,,,,,VC_2045,100
N900_RS04195,grxD,grxD,,,Grx4 family monothiol glutaredoxin,,,,VC_2044,100
N900_RS04200,topB,topB,topB,topB,DNA topoisomerase III,,,,VC_2043,100
N900_RS04205,acuC,acuC,,,histone deacetylase,,,,VC_2042,100
N900_RS04210,tRNA-Ser_4,tRNA-Ser_4,,,,,,,VC_0676,46.7
N900_RS04215,tRNA-Pro_3,tRNA-Pro_3,,,,,,,VC_2224,46.2
N900_RS04220,yejM_2,yejM_2,,,DUF3413 domain-containing protein,,,,VC_2041,100
N900_RS04225,VC0395_A1625_BLAST,VC0395_A1625_BLAST,,,DUF1414 domain-containing protein,UPF0352 protein VC0395_A1625/VC395_2155,,,VC_2040,100
N900_RS04230,yejk,yejk,,,nucleoid-associated protein YejK,,,,VC_2039,100
N900_RS04235,sensor histidine kinase_2,sensor histidine kinase_2,,,Hpt domain-containing protein,,,,VC_2038,100
N900_RS04240,nhaC,nhaC,,,,,,,VC_2037,100
N900_RS04245,asd1,asd1,asd1,asd1,Aspartate-semialdehyde dehydrogenase 1,,,,VC_2036,100
N900_RS04250,ychE_BLAST,ychE_BLAST,,,YchE family NAAT transporter,UPF0056 membrane protein YhcE,,,VC_2035,100
N900_RS04255,adhE,adhE,,,,,,,VC_2033,100
N900_RS04260,eamA_4,eamA_4,,,DMT family transporter,,,,VC_2032,100
N900_RS04265,SulP family inorganic anion transporter_1,SulP family inorganic anion transporter_1,,,SulP family inorganic anion transporter,,,,VC_2031,100
N900_RS04270,rne,rne,rne,rne,ribonuclease E,,,,VC_2030,100
N900_RS04275,,,,,,,,,VC_2373,34.2
N900_RS04280,,,,,,,,,VC_2029,98.7
N900_RS04285,rluC,rluC,rluC,rluC,,,,,VC_2028,100
N900_RS04290,yceF,yceF,,,septum formation inhibitor Maf,,,,VC_2027,99.5
N900_RS04295,yceD,yceD,,,,,,,VC_2026,100
N900_RS04300,rpmF,rpmF,rpmF,rpmF,,,,,VC_2025,100
N900_RS04305,plsX,plsX,plsX,plsX,,,,,VC_2024,99.7
N900_RS04310,fabH1,fabH1,fabH1,fabH1,ketoacyl-ACP synthase III,,,,VC_2023,100
N900_RS04315,fabD,fabD,,,,,,,VC_2022,100
N900_RS04320,fabG_1,fabG_1,fabG,fabG,,,,,VC_2021,100
N900_RS04325,acpP,acpP,acpP,acpP,,,,,VC_2020,100
N900_RS04330,fabF,fabF,fabF,fabF,,,,,VC_2019,99.8
N900_RS04335,pabC,pabC,pabC,pabC,,,,,VC_2018,100
N900_RS04340,mltG,mltG,mltG,mltG,,,,,VC_2017,99.7
N900_RS04345,tmk,tmk,tmk,tmk,dTMP kinase,,,,VC_2016,100
N900_RS04350,holB,holB,,,DNA polymerase III subunit delta',,,,VC_2015,99.7
N900_RS04355,ycfH,ycfH,,,YchF/TatD family DNA exonuclease,,,,VC_2014,100
N900_RS04360,ptsG,ptsG,,,,,,,VC_2013,99.8
N900_RS04365,sodium-dependent transporter_1,sodium-dependent transporter_1,,,sodium-dependent transporter,,,,VC_2012,100
N900_RS04370,,,,,porin family protein,,,,VC_2011,100
N900_RS04375,,,,,patatin family protein,,,,VC_2009,99.7
N900_RS04380,pykA_1,pykA_1,,,pyk,,,,VC_2008,100
N900_RS04385,mlc,mlc,,,ROK family protein,,,,VC_2007,100
N900_RS04390,chev_2,chev_2,,,chemotaxis protein CheV,,,,VC_2006,100
N900_RS04395,,,,,,,,,VC_2005,100
N900_RS04400,ChaN family lipoprotein,ChaN family lipoprotein,,,ChaN family lipoprotein,,,,VC_2004,99.7
N900_RS04405,rlmA,rlmA,,,,,,,VC_2003,100
N900_RS04410,,,,,DUF2860 domain-containing protein,,,,VC_2002,100
N900_RS04415,yeaD,yeaD,,,D-hexose-6-phosphate mutarotase,,,,VC_2001,99.7
N900_RS04420,gapA,gapA,,,gap,,,,VC_2000,100
N900_RS04425,msrB_2,msrB_2,msrB,msrB,,,,,VC_1998,100
N900_RS04430,,,,,DUF2989 domain-containing protein,,,,VC_1997,100
N900_RS04435,,,,,DUF1315 family protein,,,,VC_1996,100
N900_RS04440,ansA,ansA,,,,,,,VC_1995,100
N900_RS04445,sppA,sppA,,,,,,,VC_1994,100
N900_RS04450,fadH,fadH,,,"NADPH-dependent 2,4-dienoyl-CoA reductase",,,,VC_1993,100
N900_RS04455,purU,purU,purU,purU,,,,,VC_1992,100
N900_RS04465,ATP-dependent DNA helicase,ATP-dependent DNA helicase,,,ATP-dependent DNA helicase,,,,VC_1990,100
N900_RS04470,tsaB,tsaB,,,,,,,VC_1989,100
N900_RS04475,,,,,,,,,VC_1988,100
N900_RS04480,starvation lipoprotein Slp,starvation lipoprotein Slp,,,Slp family lipoprotein,,,,VC_1987,100
N900_RS04485,menH_1,menH_1,,,alpha/beta hydrolase,,,,VC_1986,100
N900_RS04490,fadD,fadD,,,,,,,VC_1985,99.8
N900_RS04495,rnd,rnd,rnd,rnd,rnd,,,,VC_1984,99.7
N900_RS04500,peptidase_1,peptidase_1,,,peptidase,,,,VC_1983,100
N900_RS04505,rrtA,rrtA,,,,,,,VC_1981,100
N900_RS04510,,,,,DTW domain-containing protein,,,,VC_1980,100
N900_RS04515,dgt,dgt,,,deoxyguanosinetriphosphate triphosphohydrolase family protein,,,,VC_1979,100
N900_RS04520,yfbR,yfbR,,,5'-deoxynucleotidase,,,,VC_1978,100
N900_RS04525,alaA,alaA,,,pyridoxal phosphate-dependent aminotransferase,,,,VC_1977,100
N900_RS04530,menf,menf,menF,menF,isochorismate synthase MenF,,,,VC_1976,99.8
N900_RS04535,menD,menD,menD,menD,2-succinyl-5-enolpyruvyl-6-hydroxy-3- cyclohexene-1-carboxylic-acid synthase,,,,VC_1975,100
N900_RS04540,menH,menH,menH,menH,,,,,VC_1974,100
N900_RS04545,menB,menB,menB,menB,,,,,VC_1973,100
N900_RS04550,menC,menC,menC,menC,,,,,VC_1972,100
N900_RS04555,menE,menE,,,,,,,VC_1971,99.8
N900_RS04560,ydcO,ydcO,,,benzoate/H(+) symporter BenE family transporter,,,,VC_1970,100
N900_RS04565,sutR,sutR,,,helix-turn-helix domain-containing protein,,,,VC_1968,100
N900_RS04570,methyl-accepting chemotaxis protein_1,methyl-accepting chemotaxis protein_1,,,methyl-accepting chemotaxis protein,,,,VC_1967,99.9
N900_RS04580,lplT,lplT,,,MFS transporter,,,,VC_1966,100
N900_RS04585,TetR/AcrR family transcriptional regulator_4,TetR/AcrR family transcriptional regulator_4,,,TetR/AcrR family transcriptional regulator,,,,VC_1965,100
N900_RS04590,,,,,Tim44 domain-containing protein,,,,VC_1964,100
N900_RS04595,,,,,DUF1244 domain-containing protein,,,,VC_1963,100
N900_RS04600,nlpE_1,nlpE_1,,,lipoprotein,,,,VC_1962,100
N900_RS04605,minE,minE,minE,minE,,,,,VC_1961,100
N900_RS04610,minD,minD,,,,,,,VC_1960,100
N900_RS04615,minC,minC,minC,minC,,,,,VC_1959,100
N900_RS04620,VC_1957_BLAST,VC_1957_BLAST,,,,YcgL domain-containing protein VC_1957,,,VC_1957,99
N900_RS04625,lytic murein transglycosylase,lytic murein transglycosylase,,,lytic murein transglycosylase,,,,VC_1956,99.7
N900_RS04630,lysr_2,lysr_2,,,LysR family transcriptional regulator,,,,VC_1955,99.7
N900_RS04635,NupC/NupG family nucleoside CNT transporter,NupC/NupG family nucleoside CNT transporter,,,NupC/NupG family nucleoside CNT transporter,,,,VC_1953,99.8
N900_RS04640,chitinase_2,chitinase_2,,,chitinase,,,,VC_1952,100
N900_RS04645,cytochrome c_1,cytochrome c_1,,,cytochrome c,,,,VC_1951,100
N900_RS04650,torZ,torZ,,,molybdopterin guanine dinucleotide-containing S/N-oxide reductase,,,,VC_1950,100
N900_RS04655,pvcA,pvcA,,,L-tyrosine/L-tryptophan isonitrile synthase family protein,,,,VC_1949,99.8
N900_RS04660,LysR family transcriptional regulator_2,LysR family transcriptional regulator_2,,,LysR family transcriptional regulator,,,,VC_1947,100
N900_RS04665,mhpA,mhpA,,,FAD-binding protein,,,,VC_1945,100
N900_RS04670,TauD/TfdA family dioxygenase,TauD/TfdA family dioxygenase,,,TauD/TfdA family dioxygenase,,,,VC_1944,99.7
N900_RS04675,folD,folD,folD,folD,,,,,VC_1942,99.7
N900_RS04680,tRNA-Arg_7,tRNA-Arg_7,,,,,,,VC_1448,32
N900_RS04685,opgC,opgC,,,acyltransferase family protein,,,,VC_1941,100
N900_RS04690,HAD-IB family hydrolase,HAD-IB family hydrolase,,,HAD-IB family hydrolase,,,,VC_1940,100
N900_RS04695,lyse_1,lyse_1,,,LysE family translocator,,,,VC_1939,100
N900_RS04700,acyl-CoA thioesterase,acyl-CoA thioesterase,,,acyl-CoA thioesterase,,,,VC_1938,100
N900_RS04705,1-acyl-sn-glycerol-3-phosphate acyltransferase,1-acyl-sn-glycerol-3-phosphate acyltransferase,,,1-acyl-sn-glycerol-3-phosphate acyltransferase,,,,VC_1937,100
N900_RS04710,phosphatidate cytidylyltransferase,phosphatidate cytidylyltransferase,,,phosphatidate cytidylyltransferase,,,,VC_1936,100
N900_RS04715,CDP-diacylglycerol--glycerol-3-phosphate 3-phosphatidyltransferase-related protein,CDP-diacylglycerol--glycerol-3-phosphate 3-phosphatidyltransferase-related protein,,,CDP-alcohol phosphatidyltransferase family protein,,CDP-diacylglycerol--glycerol-3-phosphate 3-phosphatidyltransferase-related protein,,VC_1935,100
N900_RS04720,bifunctional diguanylate cyclase/phosphodiesterase_2,bifunctional diguanylate cyclase/phosphodiesterase_2,,,bifunctional diguanylate cyclase/phosphodiesterase,,,,VC_1934,99.8
N900_RS04725,,,,,,,,,VC_1933,100
N900_RS04730,,,,,,,,,VC_1932,98.2
N900_RS04735,ydiU_BLAST,ydiU_BLAST,ydiU,ydiU; selO,YdiU family protein,Protein nucleotidyltransferase YdiU,,,VC_1931,99.8
N900_RS04740,dctp,dctp,dctP,dctP,DctP family TRAP transporter solute-binding subunit,,,,VC_1929,100
N900_RS04745,TRAP transporter small permease,TRAP transporter small permease,dctQ,dctQ,TRAP transporter small permease,,,,VC_1928,99.6
N900_RS04750,dctM_1,dctM_1,dctM,dctM,TRAP transporter large permease,,,,VC_1927,100
N900_RS04755,dctD,dctD,,,sigma-54-dependent Fis family transcriptional regulator,,,,VC_1926,100
N900_RS04760,dctB,dctB,,,sensor histidine kinase,,,,VC_1925,99.8
N900_RS04765,,,,,,,,,VC_1924,99.3
N900_RS04770,tig,tig,tig,tig,trigger factor,,,,VC_1923,100
N900_RS04775,clpP,clpP,clpP,clpP,,,,,VC_1922,100
N900_RS04780,clpx,clpx,clpX,clpX,ATP-dependent protease ATP-binding subunit ClpX,,,,VC_1921,100
N900_RS04785,lon_1,lon_1,lon,lon,endopeptidase La,,,,VC_1920,100
N900_RS04790,hupB,hupB,hupB,hupB,DNA-binding protein HU-beta,,,,VC_1919,98.9
N900_RS04795,ppiD,ppiD,,,,,,,VC_1918,100
N900_RS04800,ComEA family DNA-binding protein,ComEA family DNA-binding protein,,,ComEA family DNA-binding protein,,,,VC_1917,100
N900_RS04805,cmk,cmk,cmk,cmk,(d)CMP kinase,,,,VC_1916,100
N900_RS04810,rpsA,rpsA,,,,,,,VC_1915,100
N900_RS04815,ihfB,ihfB,ihfB,ihfB; himD,,,,,VC_1914,100
N900_RS04820,lapa,lapa,lapA,lapA,LapA family protein,,,,VC_1913,100
N900_RS04825,lapB,lapB,lapB,lapB,,,,,VC_1912,100
N900_RS04830,pyrF,pyrF,pyrF,pyrF,,,,,VC_1911,100
N900_RS04835,MiaE,MiaE,,,tRNA isopentenyl-2-thiomethyl-A-37 hydroxylase MiaE,,,,VC_1910,100
N900_RS04840,motV,motV,,,,,,,VC_1909,99.6
N900_RS04845,cysB,cysB,,,,,,,VC_1907,100
N900_RS04850,methyltransferase,methyltransferase,,,methyltransferase,,,,VC_1906,100
N900_RS04855,ald,ald,,,ald,,,,VC_1905,100
N900_RS04860,lrp_1,lrp_1,,,lrp,,,,VC_1904,100
N900_RS04865,ftsk,ftsk,ftsK,ftsK,DNA translocase FtsK,,,,VC_1903,100
N900_RS04870,dsbB,dsbB,dsbB,dsbB,,,,,VC_1902,99.4
N900_RS04875,nhaB,nhaB,nhaB,nhaB,,,,,VC_1901,100
N900_RS04880,fadR,fadR,fadR,fadR,,,,,VC_1900,100
N900_RS04885,,,,,DUF1887 family protein,,,,VC_1899,100
N900_RS04890,methyl-accepting chemotaxis protein_3,methyl-accepting chemotaxis protein_3,,,methyl-accepting chemotaxis protein,,,,VC_1898,100
N900_RS04895,hinT,hinT,,,,,,,VC_1897,100
N900_RS04900,,,,,,,,,VC_1896,100
N900_RS04905,,,,,DUF1425 domain-containing protein,,,,VC_1895,100
N900_RS04910,lpoB,lpoB,,,,,,,VC_1894,100
N900_RS04915,thiK,thiK,,,phosphotransferase,,,,VC_1893,100
N900_RS04920,ycfP,ycfP,,,alpha/beta hydrolase,,,,VC_1892,100
N900_RS04925,ndh,ndh,,,NAD(P)/FAD-dependent oxidoreductase,,,,VC_1890,100
N900_RS04930,rimL,rimL,,,GNAT family N-acetyltransferase,,,,VC_1889,100
N900_RS04935,hemolysin_2,hemolysin_2,,,hemolysin,,,,VC_1888,100
N900_RS04940,,,,,,,,,VC_1887,100
N900_RS04945,mfd,mfd,mfd,mfd,transcription-repair coupling factor,,,,VC_1886,100
N900_RS04950,pilz_2,pilz_2,,,PilZ domain-containing protein,,,,VC_1885,100
N900_RS04955,lolC,lolC,,,,,,,VC_1884,100
N900_RS04960,lolD_1,lolD_1,lolD,lolD,,,,,VC_1883,100
N900_RS04965,lolE_1,lolE_1,,,,,,,VC_1882,99.8
N900_RS04970,,,,,DUF2062 domain-containing protein,,,,VC_1880,100
N900_RS04975,DNA internalization-related competence protein ComEC/Rec2,DNA internalization-related competence protein ComEC/Rec2,,,DNA internalization-related competence protein ComEC/Rec2,,,,VC_1879,99.9
N900_RS04980,msbA,msbA,msbA,msbA,,,,,VC_1878,100
N900_RS04985,lpxK,lpxK,lpxK,lpxK,,,,,VC_1877,99.4
N900_RS04990,VC0395_A1467_BLAST,VC0395_A1467_BLAST,,,Trm112 family protein,UPF0434 protein VC0395_A1467/VC395_1991,,,VC_1876,100
N900_RS04995,kdsB,kdsB,kdsB,kdsB,,,,,VC_1875,100
N900_RS05000,ycgB_BLAST,ycgB_BLAST,,,SpoVR family protein,Uncharacterized protein YcgB,,,VC_1874,100
N900_RS05005,yeah,yeah,,,YeaH/YhbH family protein,,,,VC_1873,100
N900_RS05010,yeaG_BLAST,yeaG_BLAST,,,PrkA family serine protein kinase,Serine/threonine kinase YeaG,,,VC_1872,100
N900_RS05015,yfbu,yfbu,,,YfbU family protein,,,,VC_1871,100
N900_RS05020,membrane protein_3,membrane protein_3,,,membrane protein,,,,VC_1870,99.5
N900_RS05025,pflA,pflA,,,,,,,VC_1869,100
N900_RS05030,methyl-accepting chemotaxis protein_7,methyl-accepting chemotaxis protein_7,,,methyl-accepting chemotaxis protein,,,,VC_1868,100
N900_RS05035,lpxR,,,,lipid A deacylase LpxR family protein,,,,VC_1867,100
N900_RS05040,pflB,pflB,,,,,,,VC_1866,100
N900_RS05045,,,,,DUF3360 domain-containing protein,,,,VC_1865,99.8
N900_RS05050,occP,occP,,,ABC transporter ATP-binding protein,,,,VC_1864,100
N900_RS05055,argT,argT,,,ABC transporter substrate-binding protein,,,,VC_1863,100
N900_RS05060,hisQ,hisQ,,,ABC transporter permease,,,,VC_1862,100
N900_RS05065,hisM,hisM,,,ABC transporter permease,,,,VC_1861,100
N900_RS05070,xthA,xthA,,,,,,,VC_1860,100
N900_RS05075,pctC_1,pctC_1,,,methyl-accepting chemotaxis protein,,,,VC_1859,100
N900_RS05080,rsmS,rsmS,,,DUF2496 domain-containing protein,,,,VC_1858,100
N900_RS05085,prepilin peptidase_2,prepilin peptidase_2,,,prepilin peptidase,,,,VC_1857,100
N900_RS05090,yfcA_2,yfcA_2,,,TSUP family transporter,,,,VC_1856,99.6
N900_RS05095,dinG,dinG,dinG,dinG,,,,,VC_1855,100
N900_RS05100,ompT,ompT,,,,,,,VC_1854,99.7
N900_RS05105,VC_1853_BLAST,VC_1853_BLAST,,,DUF2057 domain-containing protein,UPF0319 protein VC_1853,,,VC_1853,100
N900_RS05110,VC0395_A1443_BLAST,VC0395_A1443_BLAST,,,YchJ family protein,UPF0225 protein VC0395_A1443/VC395_1967,,,VC_1852,100
N900_RS05115,cdgJ_2,cdgJ_2,,,EAL domain-containing protein,,,,VC_1851,99.8
N900_RS05120,lpxH,lpxH,lpxH,lpxH,,,,,VC_1850,100
N900_RS05125,ppiB,ppiB,,,peptidyl-prolyl cis-trans isomerase,,,,VC_1849,100
N900_RS05130,cysS,cysS,cysS,cysS,,,,,VC_1848,100
N900_RS05135,ruvC,ruvC,ruvC,ruvC,,,,,VC_1847,100
N900_RS05140,ruvA,ruvA,ruvA,ruvA,,,,,VC_1846,99.5
N900_RS05145,ruvB,ruvB,ruvB,ruvB,,,,,VC_1845,100
N900_RS05150,cydA,cydA,,,,,,,VC_1844,100
N900_RS05155,cydB_1,cydB_1,,,,,,,VC_1843,100
N900_RS05160,cydX_1,cydX_1,,,,,,,VC_1842,100
N900_RS05165,ybgE,ybgE,,,,,,,VC_1841,99
N900_RS05170,ybgC,ybgC,,,,,,,VC_1840,99.4
N900_RS05175,tolQ,tolQ,tolQ,tolQ,,,,,VC_1839,99.6
N900_RS05180,tolr,tolr,tolR,tolR,ExbD/TolR family protein,,,,VC_1838,100
N900_RS05185,tolA,tolA,,,,,,,VC_1837,100
N900_RS05190,tolB,tolB,tolB,tolB,,,,,VC_1836,99.8
N900_RS05195,pal_1,pal_1,pal,pal,pal,,,,VC_1835,100
N900_RS05200,ybgF,ybgF,cpoB,cpoB,,,,,VC_1834,100
N900_RS05205,nadA,nadA,nadA,nadA,,,,,VC_1833,100
N900_RS05210,yeca,yeca,,,YecA family protein,,,,VC_1832,100
N900_RS05215,cqsR,cqsR,,,response regulator,,,,VC_1831,99.9
N900_RS05220,alae,alae,alaE,alaE,L-alanine exporter AlaE,,,,VC_1828,100
N900_RS05225,manA_2,manA_2,,,,,,,VC_1827,100
N900_RS05230,PTS fructose transporter subunit IIC_1,PTS fructose transporter subunit IIC_1,,,PTS fructose transporter subunit IIC,,,,VC_1826,100
N900_RS05235,rhaR_2,rhaR_2,,,helix-turn-helix transcriptional regulator,,,,VC_1825,100
N900_RS05240,PTS fructose transporter subunit IIA_2,PTS fructose transporter subunit IIA_2,,,PTS fructose transporter subunit IIA,,,,VC_1824,100
N900_RS05245,manP_1,manP_1,,,PTS fructose transporter subunit IIB,,,,VC_1823,100
N900_RS05250,PTS fructose transporter subunit IIA_1,PTS fructose transporter subunit IIA_1,,,PTS fructose transporter subunit IIA,,,,VC_1822,99.8
N900_RS05255,PTS fructose transporter subunit IIC_2,PTS fructose transporter subunit IIC_2,,,PTS fructose transporter subunit IIC,,,,VC_1821,100
N900_RS05260,manP_2,manP_2,,,PTS fructose transporter subunit IIA,,,,VC_1820,100
N900_RS05265,ald1,ald1,,,aldehyde dehydrogenase,,,,VC_1819,100
N900_RS05270,acoR,acoR,,,sigma-54-dependent Fis family transcriptional regulator,,,,VC_1817,99.8
N900_RS05275,VF_0530_BLAST,VF_0530_BLAST,,,DNA-binding protein VF530,DNA-binding protein VF_0530,,,VC_1816,100
N900_RS05280,SDR family oxidoreductase,SDR family oxidoreductase,,,SDR family oxidoreductase,,,,VC_1815,100
N900_RS05285,cry1,cry1,cry1,cry1; VcCry1,DASH family cryptochrome,,,,VC_1814,99.8
N900_RS05290,,,,,thiol-disulfide oxidoreductase DCC family protein,,,,VC_1812,100
N900_RS05295,,,,,NYN domain-containing protein,,,,VC_1811,100
N900_RS05300,,,,,DUF2986 domain-containing protein,,,,VC_1810,100
N900_RS05305,AlpA family transcriptional regulator_1,AlpA family transcriptional regulator_1,,,AlpA family transcriptional regulator,,,,VC_1809,98.7
N900_RS05310,,,,,,,,,VC_1808,99.6
N900_RS05315,,,,,GTPase family protein,,,,VC_1806,100
N900_RS05320,,,,,DUF2787 domain-containing protein,,,,VC_1805,100
N900_RS05330,,,,,,,,,VC_1802,100
N900_RS05335,,,,,,,,,VC_1801,100
N900_RS05340,IclR family transcriptional regulator,IclR family transcriptional regulator,,,helix-turn-helix domain-containing protein,,,,VC_A0714,50
N900_RS05345,marR,marR,,,,,,,VC_1800,100
N900_RS05350,DDE-type integrase/transposase/recombinase,DDE-type integrase/transposase/recombinase,,,DDE-type integrase/transposase/recombinase,,,,VC_1799,100
N900_RS05355,ATPase AAA,ATPase AAA,,,AAA family ATPase,,,,VC_1798,100
N900_RS05360,,,,,,,,,VC_1797,100
N900_RS05365,,,glgC2,glgC2,,,,,VC_A0699,25.6
N900_RS05370,middle operon regulator,middle operon regulator,,,middle operon regulator,,,,VC_1796,100
N900_RS05375,transcriptional regulator_2,transcriptional regulator_2,,,transcriptional regulator,,,,VC_1795,100
N900_RS05380,,,,,,,,,VC_1794,100
N900_RS05385,,,,,,,,,VC_1793,100
N900_RS05390,,,,,,,,Probable tail assembly protein FS-gp41,VC_1792,100
N900_RS05395,tape measure protein,tape measure protein,,,tape measure protein,,,,VC_1791,100
N900_RS05405,insN_BLAST_D1,insN_BLAST_D1,,,IS3-like element ISVch4 family transposase,Transposase InsN for insertion sequence element IS911,,,VC_A0792,100
N900_RS05410,,,,,,,,,VC_A0370,99.6
N900_RS05415,radC_2,radC_2,,,,,,,VC_1786,100
N900_RS05420,AlpA family transcriptional regulator_2,AlpA family transcriptional regulator_2,,,AlpA family transcriptional regulator,,,,VC_1785,100
N900_RS05425,sialidase,sialidase,nanH,nanH,sialidase,,,,VC_1784,99.9
N900_RS05430,nagA_2,nagA_2,,,,,,,VC_1783,100
N900_RS05435,nanK,nanK,nanK,nanK,N-acetylmannosamine kinase,,,,VC_1782,100
N900_RS05440,N-acetylmannosamine-6-phosphate 2-epimerase,N-acetylmannosamine-6-phosphate 2-epimerase,nanE,nanE,N-acetylmannosamine-6-phosphate 2-epimerase,,,,VC_1781,100
N900_RS05445,,,,,,,,,VC_1780,99
N900_RS05450,siaP,siaP,siaP,siaP,DctP family TRAP transporter solute-binding subunit,,,,VC_1779,100
N900_RS05455,siaQ,siaQ,siaQ,siaQ,TRAP transporter small permease,,,,VC_1778,100
N900_RS05460,siaM,siaM,siaM,siaM,TRAP transporter large permease,,,,VC_1777,100
N900_RS05465,nanA,nanA,,,N-acetylneuraminate lyase,,,,VC_1776,100
N900_RS05470,ybbH,ybbH,,,MurR/RpiR family transcriptional regulator,,,,VC_1775,99.6
N900_RS05475,nanM_1,nanM_1,nanM,nanM,N-acetylneuraminate epimerase,,,,VC_1774,100
N900_RS05480,nanM_2,nanM_2,,,YjhT family mutarotase,,,,VC_1773,100
N900_RS05485,YafY family transcriptional regulator,YafY family transcriptional regulator,,,YafY family transcriptional regulator,,,,VC_1772,100
N900_RS05490,,,,,,,,,VC_1771,100
N900_RS05495,,,,,,,,,VC_1770,100
N900_RS05500,SAM-dependent DNA methyltransferase,SAM-dependent DNA methyltransferase,,,SAM-dependent DNA methyltransferase,,,,VC_1769,100
N900_RS05505,restriction endonuclease subunit S,restriction endonuclease subunit S,,,restriction endonuclease subunit S,,,,VC_1768,99.8
N900_RS05510,,,,,DUF262 domain-containing protein,,,,VC_1767,100
N900_RS05515,,,,,DUF262 domain-containing protein,,,,VC_1766,100
N900_RS05520,type I restriction endonuclease subunit R,type I restriction endonuclease subunit R,,,type I restriction endonuclease subunit R,,,,VC_1765,99.9
N900_RS05525,ZorA,ZorA,,,anti-phage defense ZorAB system ZorA,,,,VC_1764,99.9
N900_RS05530,MotB,MotB,,,flagellar motor protein MotB,,,,VC_1763,100
N900_RS05535,zorC,zorC,,,transcriptional regulator,,,,VC_1762,99.8
N900_RS05540,helicase,helicase,,,helicase,,,,VC_1760,99.9
N900_RS05545,intA_1,intA_1,,,tyrosine-type recombinase/integrase,,,,VC_0847,92.8
N900_RS05550,intA_2,intA_2,,,tyrosine-type recombinase/integrase,,,,VC_1758,100
N900_RS05555,tRNA-Ser_5,tRNA-Ser_5,,,,,,,VC_2224,33.3
N900_RS05560,vexD,vexD,,,,,,,VC_1757,100
N900_RS05565,vexC,vexC,,,,,,,VC_1756,100
N900_RS05570,pqic,pqic,,,membrane integrity-associated transporter subunit PqiC,,,,VC_1755,100
N900_RS05575,pqiB,pqiB,,,,,,,VC_1754,100
N900_RS05580,pqiA,pqiA,,,paraquat-inducible protein A,,,,VC_1753,100
N900_RS05585,mechanosensitive ion channel protein MscS,mechanosensitive ion channel protein MscS,,,mechanosensitive ion channel,,,,VC_1751,99.7
N900_RS05590,,,,,DUF4056 domain-containing protein,,,,VC_1750,100
N900_RS05595,BamA/TamA family outer membrane protein,BamA/TamA family outer membrane protein,,,BamA/TamA family outer membrane protein,,,,VC_1749,99.8
N900_RS05600,,,,,,,,,VC_1748,99.6
N900_RS05605,,,,,,,,,VC_1747,100
N900_RS05610,breR,breR,,,TetR/AcrR family transcriptional regulator,,,,VC_1746,100
N900_RS05615,NAD-dependent succinate-semialdehyde dehydrogenase,NAD-dependent succinate-semialdehyde dehydrogenase,,,NAD-dependent succinate-semialdehyde dehydrogenase,,,,VC_1745,100
N900_RS05620,,,,,DUF1496 domain-containing protein,,,,VC_1744,100
N900_RS05625,1-aminocyclopropane-1-carboxylate deaminase/D-cysteine desulfhydrase,1-aminocyclopropane-1-carboxylate deaminase/D-cysteine desulfhydrase,,,1-aminocyclopropane-1-carboxylate deaminase/D-cysteine desulfhydrase,,,,VC_1743,100
N900_RS05630,TetR/AcrR family transcriptional regulator_2,TetR/AcrR family transcriptional regulator_2,,,TetR/AcrR family transcriptional regulator,,,,VC_1741,100
N900_RS05635,fadE_2,fadE_2,,,acyl-CoA dehydrogenase,,,,VC_1740,100
N900_RS05640,fabV_1,fabV_1,fabV,fabV; /,trans-2-enoyl-CoA reductase family protein,,,,VC_1738,99.7
N900_RS05645,infA,infA,infA,infA,,,,,VC_1737,100
N900_RS05650,bpt,bpt,bpt,bpt,arginyltransferase,,,,VC_1736,100
N900_RS05655,aat,aat,aat,aat,leucyl/phenylalanyl-tRNA--protein transferase,,,,VC_1735,100
N900_RS05660,,,,,,,,,VC_1733,100
N900_RS05665,aroA,aroA,aroA,aroA,,,,,VC_1732,100
N900_RS05670,yciN,yciN,,,DUF2498 family protein,,,,VC_1731,100
N900_RS05675,topA_2,topA_2,topA,topA,type I DNA topoisomerase,,,,VC_1730,100
N900_RS05680,glgC_1,glgC_1,glgC1,glgC1,,,,,VC_1727,100
N900_RS05685,glgA,glgA,glgA,glgA,,,,,VC_1726,100
N900_RS05690,menH_3,menH_3,,,alpha/beta hydrolase,,,,VC_1725,100
N900_RS05695,,,,,DUF2007 domain-containing protein,,,,VC_1724,100
N900_RS05700,,,,,TVP38/TMEM64 family protein,,,TVP38/TMEM64 family membrane protein slr0305,VC_1723,100
N900_RS05705,tfoY,tfoY,,,TfoX/Sxy family DNA transformation protein,,,,VC_1722,100
N900_RS05710,purR,purR,purR,purR,,,,,VC_1721,100
N900_RS05715,torD,torD,torD,torD,,,,,VC_1720,100
N900_RS05720,torR,torR,,,,,,,VC_1719,100
N900_RS05725,elyC,elyC,,,,,,,VC_1718,99.6
N900_RS05730,cmoM,cmoM,cmoM,cmoM,,,,,VC_1717,99.6
N900_RS05735,mukF,mukF,mukF,mukF,,,,,VC_1716,100
N900_RS05740,mukE,mukE,mukE,mukE,,,,,VC_1715,99.6
N900_RS05745,mukB,mukB,mukB,mukB,,,,,VC_1714,100
N900_RS05750,lrp_2,lrp_2,,,Lrp/AsnC family transcriptional regulator,,,,VC_1713,100
N900_RS05755,LysE family translocator_1,LysE family translocator_1,,,LysE family translocator,,,,VC_1712,99.5
N900_RS05760,VC_1711_BLAST,VC_1711_BLAST,,,YgiQ family radical SAM protein,UPF0313 protein VC_1711,,,VC_1711,100
N900_RS05765,,,,,EAL domain-containing protein,,,,VC_1710,100
N900_RS05770,"zinc protease, insulinase family","zinc protease, insulinase family",,,insulinase family protein,,"zinc protease, insulinase family",,VC_1709,100
N900_RS05775,,,,,,,,,VC_1708,100
N900_RS05780,,,,,DUF4250 domain-containing protein,,,,VC_1707,100
N900_RS05785,metR,metR,,,,,,,VC_1706,100
N900_RS05790,metE,metE,metE,metE,,,,,VC_1704,100
N900_RS05795,,,,,,,,,VC_1703,99.4
N900_RS05800,ycii,ycii,,,YciI family protein,,,,VC_1702,100
N900_RS05805,yciA_1,yciA_1,,,,,,,VC_1701,99.3
N900_RS05810,yciB,yciB,yciB,yciB,septation protein A,,,,VC_1700,100
N900_RS05815,,,,,,,,,VC_1699,98.9
N900_RS05820,ydcf,ydcf,,,YdcF family protein,,,,VC_1698,100
N900_RS05825,yeeZ,yeeZ,,,NAD(P)H-binding protein,,,,VC_1697,100
N900_RS05830,DNA-binding protein inhibitor Id-2-related protein,DNA-binding protein inhibitor Id-2-related protein,,,TIGR02647 family protein,,DNA-binding protein inhibitor Id-2-related protein,,VC_1696,100
N900_RS05835,focA_1,focA_1,,,,,,,VC_1695,100
N900_RS05840,,,,,,,,,VC_1211,28.1
N900_RS05845,torE,torE,,,,,,,VC_1694,100
N900_RS05850,torC,torC,,,,,,,VC_1693,100
N900_RS05855,torA,torA,torA,torA,,,,,VC_1692,100
N900_RS05860,alpha-galactosidase,alpha-galactosidase,,,alpha-galactosidase,,,,VC_1690,100
N900_RS05865,,,,,,,,,VC_1689,100
N900_RS05870,,,,,,,,,VC_1688,99.8
N900_RS05875,ppaC,ppaC,,,manganese-dependent inorganic pyrophosphatase,,,,VC_1687,100
N900_RS05880,,,,,DUF2750 domain-containing protein,,,,VC_1686,100
N900_RS05885,,,,,DUF2927 domain-containing protein,,,,VC_1685,100
N900_RS05890,sapF,sapF,,,ATP-binding cassette domain-containing protein,,,,VC_1684,100
N900_RS05895,gsiA,gsiA,,,ATP-binding cassette domain-containing protein,,,,VC_1683,100
N900_RS05900,sapC,sapC,,,,,,,VC_1682,100
N900_RS05905,sapB,sapB,,,ABC transporter permease subunit,,,,VC_1681,100
N900_RS05910,ABC transporter substrate-binding protein_2,ABC transporter substrate-binding protein_2,,,ABC transporter substrate-binding protein,,,,VC_1680,100
N900_RS05915,pspF,pspF,,,,,,,VC_1679,100
N900_RS05920,pspA,pspA,,,,,,,VC_1678,100
N900_RS05925,pspB,pspB,,,,,,,VC_1677,100
N900_RS05930,pspC,pspC,,,,,,,VC_1676,100
N900_RS05935,ttgG,ttgG,,,efflux RND transporter periplasmic adaptor subunit,,,,VC_1675,100
N900_RS05940,efflux RND transporter periplasmic adaptor subunit,efflux RND transporter periplasmic adaptor subunit,,,efflux RND transporter periplasmic adaptor subunit,,,,VC_1674,99.5
N900_RS05945,vexK,vexK,,,,,,,VC_1673,99.9
N900_RS05950,tag,tag,,,DNA-3-methyladenine glycosylase I,,,,VC_1672,100
N900_RS05955,metC,metC,,,cystathionine beta-lyase,,,,VC_1671,100
N900_RS05960,clsA,clsA,clsA,clsA,cls,,,,VC_1670,100
N900_RS05965,sodium-dependent transporter_3,sodium-dependent transporter_3,,,sodium-dependent transporter,,,,VC_1669,99.8
N900_RS05970,TIGR01621 family pseudouridine synthase,TIGR01621 family pseudouridine synthase,,,TIGR01621 family pseudouridine synthase,,,,VC_1668,100
N900_RS05975,ynjF,ynjF,,,CDP-alcohol phosphatidyltransferase family protein,,,,VC_1667,100
N900_RS05980,malK_1,malK_1,,,ATP-binding cassette domain-containing protein,,,,VC_1666,100
N900_RS05985,ABC transporter permease subunit_1,ABC transporter permease subunit_1,,,ABC transporter permease,,,,VC_1665,100
N900_RS05990,ynjB,ynjB,,,ABC transporter substrate-binding protein,,,,VC_1664,100
N900_RS05995,hslJ,hslJ,,,META domain-containing protein,,,,VC_1663,100
N900_RS06000,,,,,DUF1289 domain-containing protein,,,,VC_1662,100
N900_RS06005,,,,,,,,,VC_1661,98.6
N900_RS06010,ybhS,ybhS,,,ABC transporter permease,,,,VC_1608,23.5
N900_RS06015,ybhF,ybhF,,,ABC transporter ATP-binding protein,,,,VC_0589,38.8
N900_RS06020,HlyD family efflux transporter periplasmic adaptor subunit,HlyD family efflux transporter periplasmic adaptor subunit,,,HlyD family efflux transporter periplasmic adaptor subunit,,,,VC_1659,100
N900_RS06025,sdaC,sdaC,,,serine transporter,,,,VC_1658,99.8
N900_RS06030,eamA_5,eamA_5,,,DMT family transporter,,,,VC_1656,100
N900_RS06035,mgtE_2,mgtE_2,,,,,,,VC_1655,99.8
N900_RS06040,rcsC_2,rcsC_2,,,transporter substrate-binding domain-containing protein,,,,VC_1653,100
N900_RS06045,vieA,vieA,,,EAL domain-containing protein,,,,VC_1652,99.8
N900_RS06050,response regulator_1,response regulator_1,,,response regulator,,,,VC_1651,100
N900_RS06055,Pseudogene_N900_RS06055,Pseudogene_N900_RS06055,,,collagenase,,,,,
N900_RS06060,vesC,vesC,,,,,,,VC_1649,100
N900_RS06065,sgrR_1,sgrR_1,,,SgrR family transcriptional regulator,,,,VC_1647,100
N900_RS06070,,,,,,,,,VC_1646,100
N900_RS06075,yihX,yihX,,,HAD family phosphatase,,,,VC_1645,100
N900_RS06080,,,,,DUF3103 family protein,,,,VC_1644,99.8
N900_RS06085,methyl-accepting chemotaxis protein_8,methyl-accepting chemotaxis protein_8,,,methyl-accepting chemotaxis protein,,,,VC_1643,100
N900_RS06090,,,ftsA,ftsA,,,,,VC_2398,41.7
N900_RS06095,,,,,,,,,VC_1642,100
N900_RS06100,bluF,bluF,,,EAL domain-containing protein,,,,VC_1641,100
N900_RS06105,rplY,rplY,rplY,rplY,,,,,VC_1640,100
N900_RS06110,sensor histidine kinase_1,sensor histidine kinase_1,,,sensor histidine kinase,,,,VC_1639,99.8
N900_RS06115,mprA,mprA,,,response regulator transcription factor,,,,VC_1638,100
N900_RS06120,membrane protein_6,membrane protein_6,,,membrane protein,,,,VC_1637,99.3
N900_RS06125,radD,radD,,,DEAD/DEAH box helicase,,,,VC_1636,100
N900_RS06130,rsuA,rsuA,rsuA,rsuA,,,,,VC_1635,100
N900_RS06135,bcr_1,bcr_1,,,Bcr/CflA family multidrug efflux MFS transporter,,,,VC_1634,100
N900_RS06140,,,,,DUF2913 family protein,,,,VC_1633,100
N900_RS06145,Putative NAD(P)-binding protein YbjT_BLAST,Putative NAD(P)-binding protein YbjT_BLAST,,,DUF2867 domain-containing protein,,,Putative NAD(P)-binding protein YbjT,VC_1632,100
N900_RS06150,norM_2,norM_2,,,MATE family efflux transporter,,,,VC_1631,99.8
N900_RS06155,lolD_2,lolD_2,,,ABC transporter ATP-binding protein,,,,VC_1630,100
N900_RS06160,ABC transporter permease_1,ABC transporter permease_1,,,ABC transporter permease,,,,VC_1629,99.9
N900_RS06165,attH,attH,,,hydroxyneurosporene synthase,,,,VC_1628,100
N900_RS06170,nhaA,nhaA,nhaA,nhaA,,,,,VC_1627,100
N900_RS06175,argD,argD,ectB,ectB,aminotransferase class III-fold pyridoxal phosphate-dependent enzyme,,,,VC_A0824,34.3
N900_RS06180,VC_1624_BLAST,VC_1624_BLAST,,,saccharopine dehydrogenase family protein,Carboxynorspermidine synthase,,,VC_1624,100
N900_RS06185,nspC,nspC,nspC,nspC,,,,,VC_1623,100
N900_RS06190,oprF,oprF,,,OmpA family protein,,,,VC_1622,100
N900_RS06195,bepC,bepC,,,TolC family outer membrane protein,,,,VC_1621,100
N900_RS06200,Pseudogene_N900_RS06200,Pseudogene_N900_RS06200,,,cadherin,,,,,
N900_RS06210,,,,,type I secretion C-terminal target domain-containing protein,,,,VC_A0849,37.5
N900_RS06215,,,,,DUF1415 domain-containing protein,,,,VC_1619,100
N900_RS06220,ynfM,ynfM,,,MFS transporter,,,,VC_1618,100
N900_RS06225,LysR family transcriptional regulator_5,LysR family transcriptional regulator_5,,,LysR family transcriptional regulator,,,,VC_1617,99.3
N900_RS06230,"glutaredoxin, putative","glutaredoxin, putative",,,glutaredoxin family protein,,"glutaredoxin, putative",,VC_1616,100
N900_RS06235,ygjP,ygjP,,,M48 family metallopeptidase,,,,VC_1615,100
N900_RS06240,rlmF,rlmF,rlmF,rlmF,,,,,VC_1614,100
N900_RS06245,,,,,,,,,VC_1613,100
N900_RS06250,pilW,pilW,,,,,,,VC_1612,100
N900_RS06255,metA,metA,metAS,metAS; metA,,,,,VC_1611,100
N900_RS06260,ATP-binding protein_1,ATP-binding protein_1,,,ATP-binding protein,,,,VC_1610,99.3
N900_RS06265,ABC transporter permease_4,ABC transporter permease_4,,,ABC transporter permease,,,,VC_1609,100
N900_RS06270,ABC transporter permease_3,ABC transporter permease_3,,,ABC transporter permease,,,,VC_1608,99.7
N900_RS06275,HlyD family secretion protein,HlyD family secretion protein,,,HlyD family secretion protein,,,,VC_1607,100
N900_RS06280,,,,,TolC family protein,,,,VC_1606,100
N900_RS06285,,,,,,,,,VC_1643,45.5
N900_RS06290,dpiB,dpiB,,,sensor histidine kinase,,,,VC_1605,100
N900_RS06295,citT,citT,,,response regulator,,,,VC_1604,100
N900_RS06300,amino acid ABC transporter substrate-binding protein,amino acid ABC transporter substrate-binding protein,,,transporter substrate-binding domain-containing protein,,,,VC_1603,100
N900_RS06305,chev_1,chev_1,,,chemotaxis protein CheV,,,,VC_1602,99.7
N900_RS06310,,,,,,,,,VC_1601,100
N900_RS06315,,,,,DUF2726 domain-containing protein,,,,VC_1600,100
N900_RS06320,sensor domain-containing diguanylate cyclase_3,sensor domain-containing diguanylate cyclase_3,,,sensor domain-containing diguanylate cyclase,,,,VC_1599,100
N900_RS06325,tRNA-Val_2,tRNA-Val_2,csd,csd,,,,,VC_2309,47.4
N900_RS06330,tRNA-Val_1,tRNA-Val_1,csd,csd,,,,,VC_2309,47.4
N900_RS06335,ABC transporter substrate-binding protein_7,ABC transporter substrate-binding protein_7,,,transporter substrate-binding domain-containing protein,,,,VC_1598,99.6
N900_RS06340,bmr3_1,bmr3_1,,,MFS transporter,,,,VC_1597,100
N900_RS06345,galT,galT,,,UDP-glucose--hexose-1-phosphate uridylyltransferase,,,,VC_1596,100
N900_RS06350,galK,galK,galK,galK,,,,,VC_1595,99.8
N900_RS06355,galM,galM,,,,,,,VC_1594,100
N900_RS06360,,,,,GGDEF domain-containing protein,,,,VC_1593,100
N900_RS06365,,,,,EAL domain-containing protein,,,Cyclic di-GMP phosphodiesterase PdeF,VC_1592,100
N900_RS06370,fabG_3,fabG_3,,,SDR family oxidoreductase,,,,VC_1591,100
N900_RS06375,alsS,alsS,,,,,,,VC_1590,100
N900_RS06385,LysR family transcriptional regulator_6,LysR family transcriptional regulator_6,,,LysR family transcriptional regulator,,,,VC_1588,99.7
N900_RS06390,ykgB,ykgB,,,DUF417 family protein,,,,VC_1587,100
N900_RS06395,katB,katB,,,catalase,,,,VC_1585,99.6
N900_RS06400,ankB protein,ankB protein,,,ankyrin repeat domain-containing protein,,ankB protein,,VC_1584,99.5
N900_RS06405,sodC,sodC,,,superoxide dismutase family protein,,,,VC_1583,100
N900_RS06410,dabA_BLAST,dabA_BLAST,dabA,dabA,DUF2309 family protein,Probable inorganic carbon transporter subunit DabA,,,VC_1582,99.9
N900_RS06415,dabB,dabB,dabB,dabB,NADH-quinone oxidoreductase subunit L,,,,VC_1581,100
N900_RS06420,LysR family transcriptional regulator_3,LysR family transcriptional regulator_3,,,LysR family transcriptional regulator,,,,VC_1580,99.7
N900_RS06425,almE,almE,,,,,,,VC_1579,100
N900_RS06430,almF,almF,,,,,,,VC_1578,100
N900_RS06435,almG,almG,,,,,,,VC_1577,99.6
N900_RS06440,VCM66_1516_BLAST,VCM66_1516_BLAST,,,ASCH domain-containing protein,N(4)-acetylcytidine amidohydrolase,,,VC_1576,100
N900_RS06445,,,,,DUF2127 domain-containing protein,,,,VC_1575,100
N900_RS06450,membrane protein_7,membrane protein_7,,,DMT family protein,,,,VC_1574,99.2
N900_RS06455,fumC,fumC,fumC,fumC,class II fumarate hydratase,,,,VC_1573,100
N900_RS06460,,,,,,,,,VC_1572,100
N900_RS06465,appC,appC,,,cytochrome ubiquinol oxidase subunit I,,,,VC_1571,99.8
N900_RS06470,appB,appB,,,cytochrome d ubiquinol oxidase subunit II,,,,VC_1570,100
N900_RS06475,yknY_2,yknY_2,,,ABC transporter ATP-binding protein,,,,VC_1568,100
N900_RS06480,macB_1,macB_1,,,ABC transporter permease,,,,VC_1567,100
N900_RS06485,macB_2,macB_2,,,ABC transporter permease,,,,VC_1566,100
N900_RS06490,tolc,tolc,,,TolC family protein,,,,VC_1565,100
N900_RS06495,macA,macA,,,efflux RND transporter periplasmic adaptor subunit,,,,VC_1563,99.4
N900_RS06500,varG,varG,,,,,,,VC_1562,100
N900_RS06505,lysr_3,lysr_3,,,LysR family transcriptional regulator,,,,VC_1561,100
N900_RS06510,katG,katG,katG,katG,,,,,VC_1560,100
N900_RS06515,bglA,bglA,,,6-phospho-beta-glucosidase,,,,VC_1558,100
N900_RS06520,LacI family DNA-binding transcriptional regulator,LacI family DNA-binding transcriptional regulator,,,LacI family DNA-binding transcriptional regulator,,,,VC_1557,99.7
N900_RS06525,rutC,rutC,,,RidA family protein,,,,VC_1556,100
N900_RS06530,Toxin-antitoxin biofilm protein TabA homolog_BLAST,Toxin-antitoxin biofilm protein TabA homolog_BLAST,,,DUF386 domain-containing protein,,,Toxin-antitoxin biofilm protein TabA homolog,VC_1555,99.4
N900_RS06535,glpQ_1,glpQ_1,,,glycerophosphoryl diester phosphodiesterase,,,,VC_1554,100
N900_RS06540,glpR_1,glpR_1,,,DeoR/GlpR transcriptional regulator,,,,VC_1553,99.6
N900_RS06545,ugpc,ugpc,ugpC,ugpC,sn-glycerol-3-phosphate import ATP-binding protein UgpC,,,,VC_1552,99.7
N900_RS06550,ugpE,ugpE,ugpE,ugpE,,,,,VC_1551,100
N900_RS06555,ugpA,ugpA,,,ABC transporter permease subunit,,,,VC_1550,99.7
N900_RS06560,ugpB,ugpB,,,extracellular solute-binding protein,,,,VC_1549,100
N900_RS06565,tonB,tonB,,,DUF3450 domain-containing protein,,,,VC_1548,100
N900_RS06570,mota,mota,,,flagellar motor protein MotA,,,,VC_1547,100
N900_RS06575,tolQ_3,tolQ_3,,,MotA/TolQ/ExbB proton channel family protein,,,,VC_1546,99.4
N900_RS06580,exbd,exbd,exbD2,exbD2,biopolymer transporter ExbD,,,,VC_1545,100
N900_RS06585,TonB_1,TonB_1,,,energy transducer TonB,,,,VC_1544,100
N900_RS06590,,,,,,,,,VC_1543,100
N900_RS06595,ligA_1,ligA_1,,,DNA ligase,,,,VC_1542,100
N900_RS06600,,,,,DUF3080 domain-containing protein,,,,VC_1541,100
N900_RS06605,vcmA,vcmA,norM,norM; vcmA,,,,,VC_1540,100
N900_RS06610,CPXCG motif-containing cysteine-rich protein,CPXCG motif-containing cysteine-rich protein,,,CPXCG motif-containing cysteine-rich protein,,,,VC_2334,52.6
N900_RS06615,VC_1539_BLAST,VC_1539_BLAST,,,fructosamine kinase family protein,Probable ketoamine kinase VC_1539,,,VC_1539,100
N900_RS06620,,,,,DUF3802 family protein,,,,VC_1538,100
N900_RS06625,NlpC,NlpC,,,lipoprotein NlpC,,,,VC_1537,100
N900_RS06630,methyl-accepting chemotaxis protein_2,methyl-accepting chemotaxis protein_2,,,methyl-accepting chemotaxis protein,,,,VC_1535,99.8
N900_RS06635,,,,,sterol desaturase family protein,,,,VC_1534,100
N900_RS06640,tRNA-uridine aminocarboxypropyltransferase_BLAST,tRNA-uridine aminocarboxypropyltransferase_BLAST,,,DTW domain-containing protein,,,tRNA-uridine aminocarboxypropyltransferase,VC_1533,100
N900_RS06645,nagK,nagK,nagK,nagK,,,,,VC_1532,100
N900_RS06650,,,,,DUF2960 domain-containing protein,,,,VC_1531,100
N900_RS06655,,,,,,,,,VC_1530,100
N900_RS06660,,,,,,,,,VC_1529,100
N900_RS06665,amino acid ABC transporter,amino acid ABC transporter,,,transporter substrate-binding domain-containing protein,,,,VC_1528,100
N900_RS06670,MoeA,MoeA,,,bifunctional molybdopterin-guanine dinucleotide biosynthesis adaptor protein MobB/molybdopterin molybdotransferase MoeA,,,,VC_1527,100
N900_RS06675,mobA,mobA,mobA,mobA,,,,,VC_1526,99.5
N900_RS06680,btuD_1,btuD_1,,,energy-coupling factor ABC transporter ATP-binding protein,,,,VC_1525,100
N900_RS06685,tupB,tupB,,,ABC transporter permease subunit,,,,VC_1524,100
N900_RS06690,tungsten ABC transporter substrate-binding protein,tungsten ABC transporter substrate-binding protein,,,tungsten ABC transporter substrate-binding protein,,,,VC_1523,100
N900_RS06695,atoC_2,atoC_2,,,sigma-54-dependent Fis family transcriptional regulator,,,,VC_1522,100
N900_RS06700,sasA_2,sasA_2,,,HAMP domain-containing protein,,,,VC_1521,100
N900_RS06705,ybiT,ybiT,,,ABC-F family ATPase,,,,VC_1520,99.8
N900_RS06710,fdhD,fdhD,fdhD,fdhD,,,,,VC_1519,100
N900_RS06715,,,,,DUF3305 domain-containing protein,,,,VC_1518,100
N900_RS06720,,,,,DUF3306 domain-containing protein,,,,VC_1517,99.5
N900_RS06725,napF_1,napF_1,,,4Fe-4S dicluster domain-containing protein,,,,VC_1516,100
N900_RS06730,molecular chaperone,molecular chaperone,,,molecular chaperone,,,,VC_1515,100
N900_RS06735,transcriptional initiation protein Tat,transcriptional initiation protein Tat,,,twin-arginine translocation signal domain-containing protein,,,,VC_1514,100
N900_RS06740,napA_1,napA_1,napA,napA,formate dehydrogenase subunit alpha,,,,VC_A0678,24.8
N900_RS06745,fdhB1,fdhB1,,,4Fe-4S dicluster domain-containing protein,,,,VC_1512,100
N900_RS06750,formate dehydrogenase subunit gamma,formate dehydrogenase subunit gamma,,,formate dehydrogenase subunit gamma,,,,VC_1511,99.7
N900_RS06755,,,,,,,,,VC_1510,100
N900_RS06760,cobB,cobB,cobB,cobB,,,,,VC_1509,99.6
N900_RS06765,VC0395_A1115_BLAST,VC0395_A1115_BLAST,,,YajQ family cyclic di-GMP-binding protein,Nucleotide-binding protein VC0395_A1115,,,VC_1508,100
N900_RS06770,aroH,aroH,,,3-deoxy-7-phosphoheptulonate synthase,,,,VC_1507,100
N900_RS06775,,,,,DUF4442 domain-containing protein,,,,VC_1506,100
N900_RS06780,,,,,,,,,VC_1505,100
N900_RS06785,cvfB,cvfB,,,S1 RNA-binding domain-containing protein,,,,VC_1503,100
N900_RS06790,rsmF,rsmF,rsmF,rsmF,,,,,VC_1502,99.8
N900_RS06795,yebT,yebT,,,PqiB family protein,,,,VC_1501,100
N900_RS06800,paraquat-inducible protein A,paraquat-inducible protein A,,,paraquat-inducible protein A,,,,VC_1500,99.8
N900_RS06805,ABC transporter ATP-binding protein_2,ABC transporter ATP-binding protein_2,,,ABC transporter ATP-binding protein,,,,VC_1499,100
N900_RS06810,msrC_BLAST,msrC_BLAST,,,GAF domain-containing protein,Free methionine-R-sulfoxide reductase,,,VC_1498,99.5
N900_RS06815,proQ,proQ,proQ,proQ,,,,,VC_1497,100
N900_RS06820,prc,prc,,,carboxy terminal-processing peptidase,,,,VC_1496,100
N900_RS06825,,,,,,,,,VC_1495,100
N900_RS06830,pepN,pepN,,,,,,,VC_1494,100
N900_RS06835,,,,,DUF2835 family protein,,,,VC_1493,98.7
N900_RS06840,gdhB,gdhB,,,NAD-glutamate dehydrogenase,,,,VC_1492,100
N900_RS06845,pyrD,pyrD,pyrD,pyrD,,,,,VC_1491,100
N900_RS06850,zapc,zapc,zapC,zapC,cell division protein ZapC,,,,VC_1490,100
N900_RS06855,rlmKL,rlmKL,rlmL,rlmL,rlmKL,,,,VC_1488,100
N900_RS06860,,,,,glutaredoxin family protein,,,,VC_1487,100
N900_RS06865,uup,uup,uup,uup,ABC transporter ATP-binding protein,,,,VC_1486,100
N900_RS06870,,,,,DUF3466 family protein,,,,VC_1485,100
N900_RS06875,rmf,rmf,rmf,rmf,ribosome modulation factor,,,,VC_1484,100
N900_RS06880,fabA,fabA,fabA,fabA,,,,,VC_1483,100
N900_RS06885,ATP-dependent protease LA-related protein,ATP-dependent protease LA-related protein,,,Lon protease family protein,,ATP-dependent protease LA-related protein,,VC_1482,99.3
N900_RS06890,matP,matP,matP,matP,,,,,VC_1481,99.4
N900_RS06895,,,,,DUF3634 family protein,,,,VC_1480,100
N900_RS06900,,,,,,,,,VC_1479,99.2
N900_RS06905,IS256 family transposase_D2,IS256 family transposase_D2,,,IS256 family transposase,,,,VC_0188,44
N900_RS06910,insN_BLAST_1,insN_BLAST_1,,,IS3-like element ISVch4 family transposase,Transposase InsN for insertion sequence element IS911,,,VC_1477,99.1
N900_RS06920,XRE family transcriptional regulator_D1,XRE family transcriptional regulator_D1,vasX,vasX,helix-turn-helix transcriptional regulator,,,,VC_A0020,22.2
N900_RS06925,replication protein,replication protein,,,replication protein,,,,VC_1475,99.8
N900_RS06930,,,,,,,,,VC_1474,100
N900_RS06935,XRE family transcriptional regulator_D1,XRE family transcriptional regulator_D1,,,helix-turn-helix transcriptional regulator,,,,VC_1473,99.6
N900_RS06940,,,,,,,,,VC_1472,100
N900_RS06945,,,,,,,,,VC_1471,100
N900_RS06950,XRE family transcriptional regulator_D2,XRE family transcriptional regulator_D2,vasX,vasX,helix-turn-helix transcriptional regulator,,,,VC_A0020,22.2
N900_RS06955,DNA replication protein_1,DNA replication protein_1,,,DNA replication protein,,,,VC_1475,100
N900_RS06960,DNA replication protein_2,DNA replication protein_2,,,DNA replication protein,,,,VC_1475,99.6
N900_RS06965,,,,,,,,,VC_1474,100
N900_RS06970,XRE family transcriptional regulator_D2,XRE family transcriptional regulator_D2,,,helix-turn-helix transcriptional regulator,,,,VC_1473,99.6
N900_RS06975,,,,,,,,,VC_1472,100
N900_RS06980,DNA-binding protein,DNA-binding protein,,,DNA-binding protein,,,,VC_1465,100
N900_RS06985,rstR_D1,rstR_D1,rstR1,rstR1; ;; rstR2,helix-turn-helix transcriptional regulator,,,,VC_1464,100
N900_RS06990,RstA2 protein,RstA2 protein,,,,,RstA2 protein,,VC_1463,100
N900_RS06995,rstB2_2,rstB2_2,,,,,,,VC_1453,99.2
N900_RS07000,rstc,rstc,,,RstC protein,,,,VC_1452,100
N900_RS07005,rstR_D2,rstR_D2,rstR1,rstR1; ;; rstR2,helix-turn-helix transcriptional regulator,,,,VC_1464,100
N900_RS07010,RstA2 protein,RstA2 protein,,,,,RstA2 protein,,VC_1463,100
N900_RS07015,rstB2_1,rstB2_1,,,,,,,VC_1462,98.4
N900_RS07020,colonization factor,colonization factor,cep,cep,colonization factor,,,,VC_1461,100
N900_RS07025,VC_1460_BLAST,VC_1460_BLAST,,,,Uncharacterized protein VC_1460,,,VC_1460,99.8
N900_RS07030,ace,ace,ace,ace,DUF2523 domain-containing protein,,,,VC_1459,99
N900_RS07035,zot,zot,zot,zot,zot,,,,VC_1458,100
N900_RS07040,ctxA,ctxA,ctxA,ctxA; toxA,,,,,VC_1457,100
N900_RS07045,ctxB,ctxB,ctxB,ctxB; toxB,,,,,VC_1456,97.6
N900_RS07050,rtxA,rtxA,rtxA,rtxA; rtx,,,,,VC_1451,99.9
N900_RS07055,toxin-activating lysine-acyltransferase,toxin-activating lysine-acyltransferase,rtxC,rtxC,toxin-activating lysine-acyltransferase,,,,VC_1450,100
N900_RS07060,,,,,,,,,VC_1449,100
N900_RS07065,peptidase domain-containing ABC transporter,peptidase domain-containing ABC transporter,,,peptidase domain-containing ABC transporter,,,,VC_1448,99.9
N900_RS07070,HlyD family type I secretion periplasmic adaptor subunit_1,HlyD family type I secretion periplasmic adaptor subunit_1,,,HlyD family type I secretion periplasmic adaptor subunit,,,,VC_1447,100
N900_RS07075,hlyB,hlyB,,,type I secretion system permease/ATPase,,,,VC_1446,100
N900_RS07080,rcsC_3,rcsC_3,,,response regulator,,,,VC_1445,100
N900_RS07085,histidine kinase,histidine kinase,,,histidine kinase,,,,VC_1444,99.8
N900_RS07090,,,,,,,,,VC_1443,99.2
N900_RS07095,ccoN,ccoN,,,,,,,VC_1442,100
N900_RS07100,ccoO,ccoO,,,,,,,VC_1441,100
N900_RS07105,CcoQ/FixQ family Cbb3-type cytochrome c oxidase assembly chaperone,CcoQ/FixQ family Cbb3-type cytochrome c oxidase assembly chaperone,,,CcoQ/FixQ family Cbb3-type cytochrome c oxidase assembly chaperone,,,,VC_1440,100
N900_RS07110,ccoP,ccoP,,,,,,,VC_1439,100
N900_RS07115,ccoH,ccoH,,,,,,,VC_1438,100
N900_RS07120,cadA,cadA,,,,,,,VC_1437,100
N900_RS07125,ccoS,ccoS,,,,,,,VC_1436,98.1
N900_RS07130,,,,,sulfite exporter TauE/SafE family protein,,,,VC_1435,99.6
N900_RS07135,fnr,fnr,fnr,fnr,FNR family transcription factor,,,,VC_1434,100
N900_RS07140,uspE,uspE,,,,,,,VC_1433,100
N900_RS07145,ttcA,ttcA,ttcA,ttcA,,,,,VC_1432,100
N900_RS07150,,,,,DUF2987 domain-containing protein,,,,VC_1431,100
N900_RS07155,glucosaminidase,glucosaminidase,,,glucosaminidase,,,,VC_1430,99.6
N900_RS07160,,,,,,,,,VC_1429,99.6
N900_RS07165,potA,potA,potA,potA,,,,,VC_1428,99.7
N900_RS07170,potB,potB,,,,,,,VC_1427,100
N900_RS07175,potC,potC,,,,,,,VC_1426,100
N900_RS07180,potD_1,potD_1,,,extracellular solute-binding protein,,,,VC_1425,100
N900_RS07185,potD_2,potD_2,,,extracellular solute-binding protein,,,,VC_1424,100
N900_RS07190,chromosome segregation ATPase_1,chromosome segregation ATPase_1,,,chromosome segregation ATPase,,,,VC_1423,99.6
N900_RS07195,,,,,,,,,VC_0188,33.3
N900_RS07200,alsT_2,alsT_2,,,sodium:alanine symporter family protein,,,,VC_1422,100
N900_RS07205,rhtB_3,rhtB_3,,,LysE family translocator,,,,VC_1421,100
N900_RS07210,,,,,DUF2931 family protein,,,,VC_1420,100
N900_RS07215,tsiV1,tsiV1,tsiV1,tsiV1,,,,,VC_1419,100
N900_RS07220,tseL,tseL,tseL,tseL,lipase,,,,VC_1418,100
N900_RS07225,,,,,DUF4123 domain-containing protein,,,,VC_1417,100
N900_RS07230,tssI_1,tssI_1,vgrG1,vgrG1; vgrG-1,,,,,VC_1416,100
N900_RS07235,hcp-2_D1,hcp-2_D1,,,Hcp family type VI secretion system effector,,,,VC_A0017,100
N900_RS07240,carboxypeptidase M32,carboxypeptidase M32,,,carboxypeptidase M32,,,,VC_1414,99.8
N900_RS07245,methyl-accepting chemotaxis protein_9,methyl-accepting chemotaxis protein_9,,,methyl-accepting chemotaxis protein,,,,VC_1413,100
N900_RS07250,vceB,vceB,,,,,,,VC_1411,100
N900_RS07255,vceA,vceA,,,,,,,VC_1410,99.8
N900_RS07260,vceC,vceC,,,,,,,VC_1409,99.8
N900_RS07265,vceR,vceR,,,,,,,VC_1408,100
N900_RS07270,rhlE_1,rhlE_1,,,DEAD/DEAH box helicase,,,,VC_1407,100
N900_RS07275,PAS domain S-box protein_1,PAS domain S-box protein_1,,,PAS domain S-box protein,,,,VC_1406,99.8
N900_RS07280,mlp16,methyl-accepting chemotaxis protein_11,,,methyl-accepting chemotaxis protein,,,,VC_1405,100
N900_RS07285,mlp14,methyl-accepting chemotaxis protein_5,,,methyl-accepting chemotaxis protein,,,,VC_1403,100
N900_RS07290,cheW,cheW,,,chemotaxis protein W,,,,VC_1402,100
N900_RS07295,cheB1,cheB_1,cheB3,cheB3,chemotaxis protein CheB,,,,VC_1401,100
N900_RS07300,,,,,,,,,VC_1400,100
N900_RS07305,cheR1,cheR_1,cheR2,cheR2,protein-glutamate O-methyltransferase CheR,,,,VC_1399,100
N900_RS07310,cheY2,cheY_1,,,response regulator,,,,VC_1398,99.2
N900_RS07315,CheA1,CheA,,,chemotaxis protein CheA,,,,VC_1397,100
N900_RS07320,,,,,,,,,VC_1396,100
N900_RS07325,cheY1,cheY_3,,,response regulator,,,,VC_A1096,42.7
N900_RS07330,mlp13,methyl-accepting chemotaxis protein_16,,,methyl-accepting chemotaxis protein,,,,VC_1394,100
N900_RS07335,gdx,gdx,,,multidrug efflux SMR transporter,,,,VC_1393,100
N900_RS07340,cry2,cry2,cry2,cry2; VcCry2,deoxyribodipyrimidine photo-lyase,,,,VC_1392,100
N900_RS07345,bmr3_2,bmr3_2,,,MFS transporter,,,,VC_1391,100
N900_RS07350,lysr_1,lysr_1,,,LysR family transcriptional regulator,,,,VC_1390,100
N900_RS07355,celCCG_BLAST,celCCG_BLAST,,,DUF2256 domain-containing protein,Endoglucanase G,,,VC_1389,98.3
N900_RS07360,lplA,lplA,lplA,lplA,lipoate--protein ligase A,,,,VC_1388,100
N900_RS07365,yegD,yegD,,,,,,,VC_1386,100
N900_RS07370,membrane protein_5,membrane protein_5,,,porin family protein,,,,VC_1384,100
N900_RS07375,hrpA,hrpA,,,,,,,VC_1382,99.9
N900_RS07380,,,,,,,,,VC_1381,100
N900_RS07385,,,,,,,,,VC_1380,99.1
N900_RS07390,,,,,,,,,VC_1379,99.4
N900_RS07400,exonuclease,exonuclease,,,exonuclease domain-containing protein,,,,VC_1377,100
N900_RS07405,diguanylate cyclase_2,diguanylate cyclase_2,,,diguanylate cyclase,,,,VC_1376,98.8
N900_RS07410,,,,,DUF2760 domain-containing protein,,,,VC_1375,100
N900_RS07415,hscA_1,hscA_1,,,Hsp70 family protein,,,,VC_1374,100
N900_RS07420,molecular chaperone DnaK,molecular chaperone DnaK,,,hsp70 family protein,,,,VC_1373,100
N900_RS07425,,,,,GGDEF domain-containing protein,,,,VC_1372,99.7
N900_RS07430,,,,,,,,,VC_1371,100
N900_RS07435,diguanylate cyclase_3,diguanylate cyclase_3,,,diguanylate cyclase,,,,VC_1370,99.8
N900_RS07440,ABC transporter substrate-binding protein_5,ABC transporter substrate-binding protein_5,,,ABC transporter substrate-binding protein,,,,VC_1369,100
N900_RS07445,,,,,,,,,VC_1368,100
N900_RS07450,,,,,GGDEF domain-containing protein,,,,VC_1367,99.8
N900_RS07455,queC,queC,queC,queC,,,,,VC_1366,100
N900_RS07460,queE,queE,queE,queE,,,,,VC_1365,99.6
N900_RS07465,yidA,yidA,,,Cof-type HAD-IIB family hydrolase,,,,VC_1364,100
N900_RS07470,cysG_2,cysG_2,,,siroheme synthase,,,,VC_1363,100
N900_RS07475,aapJ,aapJ,,,amino acid ABC transporter substrate-binding protein,,,,VC_1362,100
N900_RS07480,ABC transporter permease subunit_2,ABC transporter permease subunit_2,,,amino acid ABC transporter permease,,,,VC_1361,100
N900_RS07485,yhdY,yhdY,,,amino acid ABC transporter permease,,,,VC_1360,100
N900_RS07490,glnQ,glnQ,,,amino acid ABC transporter ATP-binding protein,,,,VC_1359,100
N900_RS07495,ycca,ycca,,,Bax inhibitor-1/YccA family protein,,,,VC_1358,100
N900_RS07500,tuse,tuse,,,TusE/DsrC/DsvC family sulfur relay protein,,,,VC_1356,100
N900_RS07505,acyP,acyP,acyP,acyP,acylphosphatase,,,,VC_1355,100
N900_RS07510,rlmI,rlmI,rlmI,rlmI,methyltransferase domain-containing protein,,,,VC_1354,100
N900_RS07515,diguanylate cyclase_1,diguanylate cyclase_1,,,diguanylate cyclase,,,,VC_1353,100
N900_RS07520,,,,,,,,,VC_1351,98.4
N900_RS07525,PGdx_2,PGdx_2,,,peroxiredoxin,,,,VC_1350,100
N900_RS07530,rcsC_4,rcsC_4,,,response regulator,,,,VC_1349,100
N900_RS07535,two-component system response regulator,two-component system response regulator,,,two-component system response regulator,,,,VC_1348,100
N900_RS07540,maiA,maiA,maiA,maiA,,,,,VC_1347,99.5
N900_RS07545,,,,,fumarylacetoacetate hydrolase family protein,,,,VC_1346,100
N900_RS07550,hmgA,hmgA,,,"homogentisate 1,2-dioxygenase",,,,VC_1345,100
N900_RS07555,hppD,hppD,,,,,,,VC_1344,100
N900_RS07560,pepT_1,pepT_1,,,M20/M25/M40 family metallo-hydrolase,,,,VC_1343,100
N900_RS07565,,,,,NUDIX domain-containing protein,,,,VC_1342,100
N900_RS07570,GNAT family N-acetyltransferase_4,GNAT family N-acetyltransferase_4,,,GNAT family N-acetyltransferase,,,,VC_1341,100
N900_RS07575,acsA,acsA,,,propionyl-CoA synthetase,,,,VC_1340,100
N900_RS07580,prpF,prpF,,,,,,,VC_1339,100
N900_RS07585,acnD,acnD,,,,,,,VC_1338,100
N900_RS07590,prpC,prpC,,,,,,,VC_1337,100
N900_RS07595,prpB,prpB,prpB,prpB,,,,,VC_1336,100
N900_RS07600,gntR_1,gntR_1,,,GntR family transcriptional regulator,,,,VC_1335,99.6
N900_RS07605,tripartite tricarboxylate transporter substrate binding protein,tripartite tricarboxylate transporter substrate binding protein,,,tripartite tricarboxylate transporter substrate binding protein,,,,VC_1334,100
N900_RS07610,,,,,tripartite tricarboxylate transporter TctB family protein,,,,VC_1333,99.5
N900_RS07615,tripartite tricarboxylate transporter permease,tripartite tricarboxylate transporter permease,,,tripartite tricarboxylate transporter permease,,,,VC_1332,100
N900_RS07620,,,,,DUF1460 domain-containing protein,,,,VC_1330,100
N900_RS07625,outer membrane beta-barrel protein,outer membrane beta-barrel protein,,,outer membrane beta-barrel protein,,,,VC_1329,100
N900_RS07630,mglC,mglC,,,,,,,VC_1328,100
N900_RS07635,mglA,mglA,mglA,mglA,,,,,VC_1327,100
N900_RS07645,mglB,mglB,,,,,,,VC_1325,100
N900_RS07650,,,,,,,,,VC_1324,98.4
N900_RS07655,,,,,,,,,VC_1323,100
N900_RS07660,nqrM_2,nqrM_2,,,,,,,VC_1322,100
N900_RS07665,penicillin-binding protein,penicillin-binding protein,,,penicillin-binding protein,,,,VC_1321,99.9
N900_RS07670,carR,carR,,,response regulator,,,,VC_1320,100
N900_RS07675,carS,carS,,,HAMP domain-containing protein,,,,VC_1319,100
N900_RS07680,ompv,ompv,ompV,ompV,MipA/OmpV family protein,,,,VC_1318,99.6
N900_RS07685,,,,,DUF535 domain-containing protein,,,,VC_1317,100
N900_RS07690,hupR1_1,hupR1_1,,,response regulator,,,,VC_1316,100
N900_RS07695,sasA_4,sasA_4,,,cyclic nucleotide-binding domain-containing protein,,,,VC_1315,100
N900_RS07700,SLC13 family permease_1,SLC13 family permease_1,,,SLC13 family permease,,,,VC_1314,100
N900_RS07705,methyl-accepting chemotaxis protein_14,methyl-accepting chemotaxis protein_14,,,methyl-accepting chemotaxis protein,,,,VC_1313,100
N900_RS07710,bsrV,bsrV,bsrV,bsrV,alr,,,,VC_1312,100
N900_RS07715,eamA_3,eamA_3,,,DMT family transporter,,,,VC_1311,100
N900_RS07720,,,,,DUF2947 family protein,,,,VC_1310,100
N900_RS07725,rimJ,rimJ,,,,,,,VC_1309,100
N900_RS07730,tyrR,tyrR,,,,,,,VC_1308,99.8
N900_RS07735,VP1870_BLAST,VP1870_BLAST,hflD,hflD,TIGR01620 family protein,UPF0283 membrane protein VP1870,,,VC_1127,24.1
N900_RS07740,ycjx,ycjx,,,YcjX family protein,,,,VC_1306,100
N900_RS07745,,,,,,,,,VC_1305,100
N900_RS07750,fumB,fumB,,,fumarate hydratase,,,,VC_1304,100
N900_RS07755,pabB,pabB,,,,,,,VC_1303,100
N900_RS07760,nudL,nudL,,,CoA pyrophosphatase,,,,VC_1302,99.5
N900_RS07765,sdaC_2,sdaC_2,,,serine transporter,,,,VC_1301,100
N900_RS07770,sdaA_1,sdaA_1,,,L-serine ammonia-lyase,,,,VC_1300,100
N900_RS07775,queD,queD,,,,,,,VC_1299,100
N900_RS07780,methyl-accepting chemotaxis protein_13,methyl-accepting chemotaxis protein_13,,,methyl-accepting chemotaxis protein,,,,VC_1298,100
N900_RS07785,asnS,asnS,asnS,asnS,,,,,VC_1297,100
N900_RS07790,thiD,thiD,,,,,,,VC_1296,100
N900_RS07795,VC_1295_BLAST,VC_1295_BLAST,,,HD domain-containing protein,Cyclic di-GMP phosphodiesterase VC_1295,,,VC_1295,99.8
N900_RS07800,,,,,,,,,VC_1294,98.4
N900_RS07805,aspC,aspC,,,aspartate/tyrosine/aromatic aminotransferase,,,,VC_1293,100
N900_RS07810,,,,,cyclic nucleotide-binding/CBS domain-containing protein,,,,VC_1291,100
N900_RS07815,polC_1,polC_1,,,3'-5' exonuclease,,,,VC_1290,99.2
N900_RS07820,methyl-accepting chemotaxis protein_6,methyl-accepting chemotaxis protein_6,,,methyl-accepting chemotaxis protein,,,,VC_1289,99.8
N900_RS07825,mdoG,mdoG,opgG,opgG,glucan biosynthesis protein,,,,VC_1288,100
N900_RS07830,mdoH,mdoH,opgH,opgH,,,,,VC_1287,100
N900_RS07835,laci_1,laci_1,,,LacI family DNA-binding transcriptional regulator,,,,VC_1286,100
N900_RS07840,chbG,chbG,,,,,,,VC_1285,100
N900_RS07845,licH,licH,,,6-phospho-beta-glucosidase,,,,VC_1284,99.8
N900_RS07850,chbA,chbA,,,PTS lactose/cellobiose transporter subunit IIA,,,,VC_1283,100
N900_RS07855,licC,licC,,,PTS sugar transporter subunit IIC,,,,VC_1282,99.8
N900_RS07860,ccmE_2,ccmE_2,,,PTS sugar transporter subunit IIB,,,,VC_1281,100
N900_RS07865,cod,cod,,,cod,,,,VC_1280,100
N900_RS07870,VP1905_BLAST,VP1905_BLAST,,,BCCT family transporter,Glycine betaine transporter 1,,,VC_1279,100
N900_RS07875,sarZ_1,sarZ_1,,,MarR family transcriptional regulator,,,,VC_1278,99.4
N900_RS07880,DNA-binding response regulator_1,DNA-binding response regulator_1,,,response regulator transcription factor,,,,VC_1277,100
N900_RS07885,nreB,nreB,,,sensor histidine kinase,,,,VC_1276,100
N900_RS07890,dctM_2,dctM_2,,,TRAP transporter large permease subunit,,,,VC_1275,100
N900_RS07900,ABC transporter substrate-binding protein_3,ABC transporter substrate-binding protein_3,,,ABC transporter substrate-binding protein,,,,VC_1273,100
N900_RS07905,,,,,,,,,VC_1272,99.3
N900_RS07910,,,,,DUF2982 domain-containing protein,,,,VC_1271,100
N900_RS07915,gloC,gloC,,,MBL fold metallo-hydrolase,,,,VC_1270,100
N900_RS07920,"Peptidoglycan L,D-endopeptidase MepK_BLAST","Peptidoglycan L,D-endopeptidase MepK_BLAST",,,DUF882 domain-containing protein,,,"Probable peptidoglycan L,D-endopeptidase MepK",VC_1269,99.5
N900_RS07925,ycbB,ycbB,,,"murein L,D-transpeptidase",,,,VC_1268,99.8
N900_RS07930,,,,,DUF1513 domain-containing protein,,,,VC_1267,100
N900_RS07935,iron-regulated protein A,iron-regulated protein A,,,iron-regulated protein A,,,,VC_1266,100
N900_RS07940,c-type cytochrome,c-type cytochrome,,,c-type cytochrome,,,,VC_1265,100
N900_RS07945,peptidase_2,peptidase_2,,,peptidase,,,,VC_1264,100
N900_RS07950,ribA,ribA,ribA,ribA,GTP cyclohydrolase II,,,,VC_1263,100
N900_RS07955,,,,,,,,,VC_1262,98.3
N900_RS07960,setA,setA,,,MFS transporter,,,,VC_1261,99.8
N900_RS07965,arac,arac,,,AraC family transcriptional regulator,,,,VC_1260,100
N900_RS07970,rhodanese-related sulfurtransferase,rhodanese-related sulfurtransferase,trhO,trhO,rhodanese-related sulfurtransferase,,,,VC_1259,99.7
N900_RS07975,gyrA,gyrA,gyrA,gyrA,,,,,VC_1258,99.9
N900_RS07980,ubiG,ubiG,ubiG,ubiG,bifunctional 3-demethylubiquinone 3-O-methyltransferase/2-octaprenyl-6-hydroxy phenol methylase,,,,VC_1257,100
N900_RS07985,nrdA,nrdA,,,,,,,VC_1256,100
N900_RS07990,nrdB,nrdB,,,,,,,VC_1255,100
N900_RS07995,(Fe-S)-binding protein,(Fe-S)-binding protein,,,2Fe-2S iron-sulfur cluster binding domain-containing protein,,,,VC_1254,100
N900_RS08005,pncC_1,pncC_1,,,CinA family nicotinamide mononucleotide deamidase-related protein,,,,VC_1252,100
N900_RS08010,,,,,DUF3943 domain-containing protein,,,,VC_1250,99.7
N900_RS08015,glycine cleavage system protein R,glycine cleavage system protein R,,,glycine cleavage system protein R,,,,VC_1249,100
N900_RS08020,mcpP_1,mcpP_1,,,methyl-accepting chemotaxis protein,,,,VC_1248,100
N900_RS08025,,,,,DUF2750 domain-containing protein,,,,VC_1247,100
N900_RS08030,SAM-dependent methyltransferase,SAM-dependent methyltransferase,,,SAM-dependent methyltransferase,,,,VC_1246,100
N900_RS08035,btuD,btuD,btuD,btuD,,,,,VC_1245,100
N900_RS08040,btuC,btuC,btuC,btuC,,,,,VC_1244,100
N900_RS08045,astE,astE,astE,astE,succinylglutamate desuccinylase,,,,VC_1242,100
N900_RS08050,alpha-ribazole-5'-phosphate phosphatase,alpha-ribazole-5'-phosphate phosphatase,,,alpha-ribazole-5'-phosphate phosphatase,,,,VC_1240,100
N900_RS08055,cobU,cobU,,,,,,,VC_1239,99.4
N900_RS08060,cobS_1,cobS_1,cobS,cobS,adenosylcobinamide-GDP ribazoletransferase,,,,VC_1238,100
N900_RS08065,cobT,cobT,cobT,cobT,,,,,VC_1237,99.7
N900_RS08070,msrB_1,msrB_1,,,,,,,VC_1236,100
N900_RS08075,L-cystine transporter,L-cystine transporter,,,L-cystine transporter,,,,VC_1235,100
N900_RS08080,sbcB,sbcB,,,,,,,VC_1234,100
N900_RS08085,VC0395_A0854_BLAST,VC0395_A0854_BLAST,,,membrane protein,UPF0299 membrane protein VC0395_A0854/VC395_1352,,,VC_1233,99.2
N900_RS08090,yohK_2,yohK_2,,,LrgB family protein,,,,VC_1232,100
N900_RS08095,cdd,cdd,cdd,cdd,cdd,,,,VC_1231,100
N900_RS08100,AEC family transporter_1,AEC family transporter_1,,,AEC family transporter,,,,VC_1229,100
N900_RS08105,purT,purT,purT,purT,,,,,VC_1228,99.7
N900_RS08110,,,,,,,,,VC_1227,98.2
N900_RS08115,tpm,tpm,tpm,tpm,thiopurine S-methyltransferase,,,,VC_1226,100
N900_RS08120,relV,relV,,,phosphoribosylglycinamide formyltransferase,,,,VC_1224,100
N900_RS08125,,,,,,,,,VC_1223,100
N900_RS08130,ihfA,ihfA,ihfA,ihfA; himA,,,,,VC_1222,100
N900_RS08135,pheT,pheT,pheT,pheT,,,,,VC_1220,100
N900_RS08140,pheS,pheS,pheS,pheS,,,,,VC_1219,100
N900_RS08145,GNAT family N-acetyltransferase_3,GNAT family N-acetyltransferase_3,,,GNAT family N-acetyltransferase,,,,VC_1217,100
N900_RS08150,,,,,GGDEF domain-containing protein,,,Bifunctional diguanylate cyclase/cyclic di-GMP phosphodiesterase MucR,VC_1216,100
N900_RS08155,tRNA-Gly_6,tRNA-Gly_6,,,,,,,,
N900_RS08160,tRNA-Leu_1,tRNA-Leu_1,,,,,,,VC_0648,41.7
N900_RS08165,tRNA-Gly_5,tRNA-Gly_5,,,,,,,,
N900_RS08170,tRNA-Cys_1,tRNA-Cys_1,,,,,,,VC_A0847,37.5
N900_RS08175,pgsA,pgsA,,,,,,,VC_1215,100
N900_RS08180,uvrC,uvrC,uvrC,uvrC,,,,,VC_1214,99.8
N900_RS08185,uvrY,uvrY,,,,,,,VC_1213,99.5
N900_RS08190,polB,polB,,,DNA polymerase II,,,,VC_1212,99.9
N900_RS08195,,,,,EAL domain-containing protein,,,,VC_1211,99.9
N900_RS08200,nucleotidyltransferase,nucleotidyltransferase,,,nucleotidyltransferase,,,,VC_1210,99.6
N900_RS08205,yeiP,yeiP,,,,,,,VC_1209,100
N900_RS08210,VC0395_A0828_BLAST,VC0395_A0828_BLAST,,,DUF440 family protein,Putative double-stranded DNA mimic protein VC0395_A0828/VC395_1327,,,VC_1208,100
N900_RS08215,,,,,DUF3187 family protein,,,,VC_1207,100
N900_RS08220,hutC,hutC,,,,,,,VC_1206,99.6
N900_RS08225,hutI,hutI,hutI,hutI,imidazolonepropionase,,,,VC_1205,100
N900_RS08230,hutG,hutG,hutG,hutG,formimidoylglutamase,,,,VC_1204,100
N900_RS08235,hutU,hutU,hutU,hutU,urocanate hydratase,,,,VC_1203,100
N900_RS08240,hutH,hutH,hutH,hutH,,,,,VC_1202,100
N900_RS08245,,,,,DUF3581 family protein,,,,VC_1201,100
N900_RS08250,vesB,vesB,,,,,,,VC_1200,99.8
N900_RS08255,,,,,isoprenylcysteine carboxylmethyltransferase family protein,,,Protein-S-isoprenylcysteine O-methyltransferase,VC_1199,99.4
N900_RS08260,ydiJ_BLAST,ydiJ_BLAST,,,FAD-binding oxidoreductase,D-2-hydroxyglutarate dehydrogenase,,,VC_1198,99.9
N900_RS08265,,,,,DUF3334 family protein,,,,VC_1197,100
N900_RS08270,,,,,DUF2786 domain-containing protein,,,,VC_1196,99.6
N900_RS08275,yiaD,yiaD,,,OmpA family protein,,,,VC_1195,99.6
N900_RS08280,molecular chaperone DnaJ,molecular chaperone DnaJ,,,J domain-containing protein,,,,VC_1194,99.7
N900_RS08285,,,,,,,,,VC_1193,98.5
N900_RS08290,,,,,,,,,VC_1191,100
N900_RS08295,purC,purC,purC,purC,,,,,VC_1190,100
N900_RS08300,,,,,,,,,VC_1189,99.3
N900_RS08305,maeA,maeA,maeA,maeA,NAD-dependent malic enzyme,,,,VC_1188,100
N900_RS08310,,,,,DUF3392 domain-containing protein,,,,VC_1187,100
N900_RS08315,vancomycin high temperature exclusion protein,vancomycin high temperature exclusion protein,,,vancomycin high temperature exclusion protein,,,,VC_1186,100
N900_RS08320,Pseudogene_N900_RS08320,Pseudogene_N900_RS08320,,,GGDEF domain-containing protein,,,,,
N900_RS08325,sufS_2,sufS_2,,,cysteine desulfurase-like protein,,,,VC_1184,100
N900_RS08330,agglutination protein,agglutination protein,,,2OG-Fe dioxygenase family protein,,,,VC_1183,100
N900_RS08335,trxB,trxB,trxB,trxB,,,,,VC_1182,100
N900_RS08340,cydD,cydD,,,,,,,VC_1181,100
N900_RS08345,cydC,cydC,,,,,,,VC_1180,100
N900_RS08350,rluB,rluB,rluB,rluB,,,,,VC_1179,100
N900_RS08355,yciO,yciO,,,threonylcarbamoyl-AMP synthase,,,,VC_1178,100
N900_RS08360,yciV,yciV,,,PHP domain-containing protein,,,,VC_1177,100
N900_RS08365,,,,,,,,,VC_1176,100
N900_RS08370,trpE,trpE,trpE,trpE,anthranilate synthase component 1,,,,VC_1174,100
N900_RS08375,trpG_2,trpG_2,trpG,trpG,aminodeoxychorismate/anthranilate synthase component II,,,,VC_1173,100
N900_RS08380,trpD,trpD,trpD,trpD,,,,,VC_1172,100
N900_RS08385,trpCF,trpCF,trpCF,trpCF,trpCF,,,,VC_1171,100
N900_RS08390,trpB,trpB,trpB,trpB,,,,,VC_1170,100
N900_RS08395,trpA,trpA,trpA,trpA,,,,,VC_1169,100
N900_RS08400,dicarboxylate/amino acid:cation symporter,dicarboxylate/amino acid:cation symporter,,,dicarboxylate/amino acid:cation symporter,,,,VC_1168,100
N900_RS08405,tdk,tdk,tdk,tdk,thymidine kinase,,,,VC_1167,99.5
N900_RS08410,aspS,aspS,aspS,aspS,,,,,VC_1166,100
N900_RS08415,UPF0759 protein YecE_BLAST,UPF0759 protein YecE_BLAST,,,DUF72 domain-containing protein,,,UPF0759 protein YecE,VC_1165,99
N900_RS08420,cmoA,cmoA,cmoA,cmoA,,,,,VC_1164,100
N900_RS08425,cmoB,cmoB,cmoB,cmoB,,,,,VC_1163,100
N900_RS08430,ATP-dependent Zn protease,ATP-dependent Zn protease,,,ATP-dependent Zn protease,,,,VC_1162,100
N900_RS08435,gonadoliberin III,gonadoliberin III,,,gonadoliberin III,,,,VC_1161,100
N900_RS08440,alpha-L-glutamate ligase-like protein,alpha-L-glutamate ligase-like protein,,,alpha-L-glutamate ligase-like protein,,,,VC_1160,100
N900_RS08445,serC,serC,serC,serC,,,,,VC_1159,99.7
N900_RS08450,,,,,DUF945 domain-containing protein,,,,VC_1158,100
N900_RS08455,sasA_5,sasA_5,,,cyclic nucleotide-binding domain-containing protein,,,,VC_1156,100
N900_RS08460,response regulator_3,response regulator_3,,,response regulator,,,,VC_1155,99.4
N900_RS08465,,,,,,,,,VC_1154,100
N900_RS08470,DNA transformation protein,DNA transformation protein,,,TfoX/Sxy family DNA transformation protein,,,,VC_1153,99.5
N900_RS08475,,,,,HDOD domain-containing protein,,,,VC_1152,99.7
N900_RS08480,lyso,lyso,,,lysine exporter LysO family protein,,,,VC_1151,100
N900_RS08485,,,,,,,,,VC_1150,100
N900_RS08490,panP,panP,,,,,,,VC_1149,100
N900_RS08495,hexR,hexR,,,MurR/RpiR family transcriptional regulator,,,,VC_1148,100
N900_RS08500,iron-containing alcohol dehydrogenase_1,iron-containing alcohol dehydrogenase_1,,,iron-containing alcohol dehydrogenase,,,,VC_1147,99.8
N900_RS08505,grxa,grxa,grx,grx,GrxA family glutaredoxin,,,,VC_1146,100
N900_RS08510,aspT,aspT,,,transporter,,,,VC_1145,99.8
N900_RS08515,clpA,clpA,,,,,,,VC_1144,100
N900_RS08520,clpS,clpS,clpS,clpS,,,,,VC_1143,100
N900_RS08525,cspD,cspD,cspD,cspD,,,,,VC_1142,100
N900_RS08530,icd2,icd2,,,NADP-dependent isocitrate dehydrogenase,,,,VC_1141,100
N900_RS08535,rluE,rluE,rluE,rluE,,,,,VC_1140,100
N900_RS08540,hisI,hisI,hisI,hisI; hisIE,bifunctional phosphoribosyl-AMP cyclohydrolase/phosphoribosyl-ATP diphosphatase HisIE,,,,VC_1139,100
N900_RS08545,hisF,hisF,hisF,hisF,,,,,VC_1138,100
N900_RS08550,hisA,hisA,hisA,hisA,1-(5-phosphoribosyl)-5-[(5- phosphoribosylamino)methylideneamino]imidazole-4- carboxamide isomerase,,,,VC_1137,100
N900_RS08555,hisH,hisH,hisH,hisH,,,,,VC_1136,100
N900_RS08560,hisB,hisB,hisB,hisB,,,,,VC_1135,99.7
N900_RS08565,hisC,hisC,hisC,hisC; his8,histidinol-phosphate transaminase,,,,VC_1134,100
N900_RS08570,hisD,hisD,hisD,hisD,,,,,VC_1133,100
N900_RS08575,hisG,hisG,hisG,hisG,,,,,VC_1132,100
N900_RS08580,tet(35),tet(35),,,Na+/H+ antiporter NhaC family protein,,,,VC_1131,100
N900_RS08585,hns,hns,,,H-NS histone family protein,,,,VC_1130,99.3
N900_RS08590,gsk_1,gsk_1,gsk,gsk,inosine/guanosine kinase,,,,VC_1129,100
N900_RS08595,mnmA,mnmA,mnmA,mnmA; trmU,,,,,VC_1128,99.7
N900_RS08600,hflD,hflD,hflD,hflD,,,,,VC_1127,99.5
N900_RS08605,purB,purB,,,,,,,VC_1126,100
N900_RS08610,,,,,DUF3833 domain-containing protein,,,,VC_1125,100
N900_RS08615,,,,,,,,,VC_1124,100
N900_RS08620,,,,,DUF2878 domain-containing protein,,,,VC_1123,100
N900_RS08625,class I SAM-dependent methyltransferase_1,class I SAM-dependent methyltransferase_1,,,class I SAM-dependent methyltransferase,,,,VC_1122,99.8
N900_RS08630,,,,,DUF1365 domain-containing protein,,,,VC_1121,100
N900_RS08635,FAD-dependent oxidoreductase_1,FAD-dependent oxidoreductase_1,,,NAD(P)/FAD-dependent oxidoreductase,,,,VC_1120,99.8
N900_RS08640,SDR family NAD(P)-dependent oxidoreductase,SDR family NAD(P)-dependent oxidoreductase,,,SDR family oxidoreductase,,,,VC_1119,100
N900_RS08645,"transcriptional regulator, putative","transcriptional regulator, putative",,,nuclear transport factor 2 family protein,,"transcriptional regulator, putative",,VC_1118,100
N900_RS08650,htpX,htpX,htpX,htpX,,,,,VC_1117,100
N900_RS08655,,,,,,,,,VC_1116,98.6
N900_RS08660,bioD,bioD,bioD,bioD,,,,,VC_1115,99.6
N900_RS08665,bioC,bioC,bioC,bioC,,,,,VC_1114,100
N900_RS08670,bioF,bioF,bioF,bioF,,,,,VC_1113,99.7
N900_RS08675,biob,biob,bioB,bioB,biotin synthase BioB,,,,VC_1112,99.7
N900_RS08680,bioA,bioA,bioA,bioA,,,,,VC_1111,100
N900_RS08685,serS,serS,serS,serS,,,,,VC_1110,100
N900_RS08690,rarA,rarA,,,replication-associated recombination protein A,,,,VC_1108,99.8
N900_RS08695,lolA,lolA,lolA,lolA,,,,,VC_1107,100
N900_RS08700,prepilin peptidase_1,prepilin peptidase_1,,,YecA family protein,,,,VC_1106,99.5
N900_RS08705,dusC,dusC,dusC,dusC,,,,,VC_1105,100
N900_RS08710,sensor domain-containing diguanylate cyclase_1,sensor domain-containing diguanylate cyclase_1,,,sensor domain-containing diguanylate cyclase,,,,VC_1104,100
N900_RS08715,lktB_1,lktB_1,,,ABC transporter ATP-binding protein,,,,VC_1103,100
N900_RS08720,ABC transporter permease_5,ABC transporter permease_5,,,ABC transporter permease,,,,VC_1102,99.7
N900_RS08725,ABC transporter substrate-binding protein_6,ABC transporter substrate-binding protein_6,,,ABC transporter substrate-binding protein,,,,VC_1101,100
N900_RS08730,DNA-binding protein VF530,DNA-binding protein VF530,,,DNA-binding protein VF530,,,,VC_1100,100
N900_RS08735,VC_1099_BLAST,VC_1099_BLAST,,,DUF412 domain-containing protein,UPF0208 membrane protein VC_1099,,,VC_1099,100
N900_RS08740,ackA_1,ackA_1,ackA1,ackA1,acetate kinase,,,,VC_1098,100
N900_RS08745,pta,pta,pta,pta,phosphate acetyltransferase,,,,VC_1097,100
N900_RS08750,yqjG,yqjG,,,glutathione S-transferase family protein,,,,VC_1096,100
N900_RS08755,oppF_BLAST,oppF_BLAST,,,ABC transporter ATP-binding protein,Oligopeptide transport ATP-binding protein OppF,,,VC_1095,99.7
N900_RS08760,oppD_1,oppD_1,,,ABC transporter ATP-binding protein,,,,VC_1094,100
N900_RS08765,oppC,oppC,,,,,,,VC_1093,100
N900_RS08770,oppB,oppB,,,,,,,VC_1092,100
N900_RS08775,oppA,oppA,,,peptide ABC transporter substrate-binding protein,,,,VC_1091,100
N900_RS08780,ptxB,ptxB,,,phosphate/phosphite/phosphonate ABC transporter substrate-binding protein,,,,VC_1089,100
N900_RS08785,rcsC_5,rcsC_5,,,HAMP domain-containing protein,,,,VC_1088,100
N900_RS08790,rcsC_6,rcsC_6,,,two-component system response regulator,,,,VC_1087,100
N900_RS08795,rssB_2,rssB_2,,,EAL domain-containing protein,,,,VC_1086,100
N900_RS08800,sasA_6,sasA_6,,,two-component sensor histidine kinase,,,,VC_1085,100
N900_RS08805,sasA_7,sasA_7,,,two-component sensor histidine kinase,,,,VC_1084,100
N900_RS08810,CheC,CheC,,,chemotaxis protein CheC,,,,VC_1083,100
N900_RS08815,cheY_4,cheY_4,,,response regulator,,,,VC_1082,100
N900_RS08820,response regulator,response regulator,,,HDOD domain-containing protein,,response regulator,,VC_1081,100
N900_RS08825,sensor histidine kinase_3,sensor histidine kinase_3,,,Hpt domain-containing protein,,,,VC_1080,100
N900_RS08830,ywlC,ywlC,,,threonylcarbamoyl-AMP synthase,,,,VC_1079,100
N900_RS08835,,,,,,,,,VC_1078,97.8
N900_RS08840,,,,,,,,,VC_1077,100
N900_RS08845,araC_1,araC_1,,,helix-turn-helix transcriptional regulator,,,,VC_1076,100
N900_RS08850,YbhB/YbcL family Raf kinase inhibitor-like protein,YbhB/YbcL family Raf kinase inhibitor-like protein,,,YbhB/YbcL family Raf kinase inhibitor-like protein,,,,VC_1075,100
N900_RS08855,CPBP family intramembrane metalloprotease,CPBP family intramembrane metalloprotease,,,CPBP family intramembrane metalloprotease,,,,VC_1074,100
N900_RS08860,chitinase_1,chitinase_1,,,chitinase,,,,VC_1073,99.9
N900_RS08865,arsJ,arsJ,,,,,,,VC_1071,99.8
N900_RS08870,phosphatase,phosphatase,,,phosphatase,,,,VC_1070,100
N900_RS08875,gap3,gap3,,,ArsJ-associated glyceraldehyde-3-phosphate dehydrogenase,,,,VC_1069,100
N900_RS08880,arsR1,arsR1,,,metalloregulator ArsR/SmtB family transcription factor,,,,VC_1068,100
N900_RS08885,,,,,GGDEF domain-containing protein,,,,VC_1067,99.9
N900_RS08890,,,,,,,,,VC_1066,100
N900_RS08895,A79_1377_BLAST,A79_1377_BLAST,,,MGMT family protein,DNA base-flipping protein,,,VC_1065,100
N900_RS08900,lipoprotein-related protein,lipoprotein-related protein,,,,,lipoprotein-related protein,,VC_1064,100
N900_RS08905,tesB,tesB,,,,,,,VC_1063,100
N900_RS08910,decR,decR,,,Lrp/AsnC family transcriptional regulator,,,,VC_1062,100
N900_RS08915,sbnA,sbnA,cds1,cds1,PLP-dependent cysteine synthase family protein,,,,VC_1061,100
N900_RS08920,sohB,sohB,,,,,,,VC_1060,100
N900_RS08925,ycik,ycik,,,YciK family oxidoreductase,,,,VC_1059,99.6
N900_RS08930,VC0395_A0576_BLAST,VC0395_A0576_BLAST,,,YcgN family cysteine cluster protein,UPF0260 protein VC0395_A0576/VC395_1072,,,VC_1058,100
N900_RS08935,ykgj,ykgj,,,YkgJ family cysteine cluster protein,,,,VC_1057,100
N900_RS08940,recR,recR,recR,recR,,,,,VC_1056,100
N900_RS08945,ybab,ybab,,,YbaB/EbfC family nucleoid-associated protein,,,,VC_1055,100
N900_RS08950,dnaX,dnaX,dnaX,dnaX,DNA polymerase III subunit gamma/tau,,,,VC_1054,100
N900_RS08955,apt,apt,apt,apt,adenine phosphoribosyltransferase,,,,VC_1053,100
N900_RS08960,ybaN,ybaN,,,DUF454 domain-containing protein,,,,VC_1052,100
N900_RS08965,,,,,,,,,VC_1051,100
N900_RS08970,response regulator_2,response regulator_2,,,response regulator,,,,VC_1050,99.7
N900_RS08975,LysR family transcriptional regulator_4,LysR family transcriptional regulator_4,,,LysR family transcriptional regulator,,,,VC_1049,99.7
N900_RS08980,ydjA,ydjA,,,NAD(P)H nitroreductase,,,,VC_1048,100
N900_RS08985,fadJ,fadJ,fadJ,fadJ,,,,,VC_1047,100
N900_RS08990,fadI,fadI,fadI,fadI,,,,,VC_1046,100
N900_RS08995,Pseudogene_N900_RS08995,Pseudogene_N900_RS08995,,,,,,,,
N900_RS09000,RNA polymerase sigma factor,RNA polymerase sigma factor,,,sigma-70 family RNA polymerase sigma factor,,,,VC_1045,99.5
N900_RS09005,,,,,DUF3379 domain-containing protein,,,,VC_1044,100
N900_RS09010,fadL,fadL,,,outer membrane protein transport protein,,,,VC_1043,100
N900_RS09015,aromatic hydrocarbon degradation protein,aromatic hydrocarbon degradation protein,,,outer membrane protein transport protein,,,,VC_1042,100
N900_RS09020,low molecular weight phosphotyrosine protein phosphatase_2,low molecular weight phosphotyrosine protein phosphatase_2,,,low molecular weight phosphotyrosine protein phosphatase,,,,VC_1041,100
N900_RS09025,cobO,cobO,,,,,,,VC_1040,100
N900_RS09030,asma_1,asma_1,,,AsmA family protein,,,,VC_1039,100
N900_RS09035,udk,udk,udk,udk,uridine kinase,,,,VC_1038,100
N900_RS09040,,,,,,,,,VC_0268,42.1
N900_RS09045,apbC,apbC,,,,,,,VC_1037,99.7
N900_RS09050,metG,metG,metG,metG,,,,,VC_1036,100
N900_RS09055,,,,,,,,,VC_1035,99.7
N900_RS09060,udp_1,udp_1,,,uridine phosphorylase,,,,VC_1034,100
N900_RS09065,zntA,zntA,,,zinc/cadmium/mercury/lead-transporting ATPase,,,,VC_1033,100
N900_RS09070,,,,,,,,,VC_1032,100
N900_RS09075,inosine monophosphate dehydrogenase-related protein,inosine monophosphate dehydrogenase-related protein,,,CBS domain-containing protein,,inosine monophosphate dehydrogenase-related protein,,VC_1031,100
N900_RS09080,,,,,GGDEF domain-containing protein,,,Phytochrome-like protein cph2,VC_1029,99.7
N900_RS09085,moaE,moaE,moaE,moaE,,,,,VC_1028,100
N900_RS09090,moaD,moaD,,,,,,,VC_1027,100
N900_RS09095,moaC,moaC,moaC,moaC,,,,,VC_1026,100
N900_RS09100,moaB,moaB,,,,,,,VC_1025,100
N900_RS09105,moaA,moaA,moaA,moaA,,,,,VC_1024,100
N900_RS09110,ybhK,ybhK,,,YvcK family protein,,,,VC_1023,100
N900_RS09115,luxu,luxu,luxU,luxU,phosphorelay protein LuxU,,,,VC_1022,100
N900_RS09120,luxO_BLAST,luxO_BLAST,luxO,luxO,sigma-54-dependent Fis family transcriptional regulator,Regulatory protein LuxO,,,VC_1021,100
N900_RS09125,,,,,,,,,VC_1020,98.5
N900_RS09130,uvrB,uvrB,mfd,mfd,,,,,VC_1886,22.5
N900_RS09135,tRNA-Asn,tRNA-Asn,,,,,,,,
N900_RS09140,rsxA,rsxA,rnfA,rnfA,,,,,VC_1017,100
N900_RS09145,rsxB,rsxB,rnfB,rnfB,,,,,VC_1016,100
N900_RS09150,rsxC,rsxC,rnfC,rnfC,,,,,VC_1015,100
N900_RS09155,rsxD,rsxD,rnfD,rnfD,,,,,VC_1014,99.7
N900_RS09160,rsxG,rsxG,rnfG,rnfG,,,,,VC_1013,100
N900_RS09165,rnfE,rnfE,rnfE,rnfE,electron transport complex subunit E,,,,VC_1012,100
N900_RS09170,nth,nth,nth,nth,nth,,,,VC_1011,100
N900_RS09175,gloA,gloA,gloA,gloA,,,,,VC_1010,100
N900_RS09180,VP2110_BLAST,VP2110_BLAST,,,DUF2753 domain-containing protein,Uncharacterized protein VP2110,,,VC_1009,99.3
N900_RS09185,motY,motY,,,OmpA family protein,,,,VC_1008,100
N900_RS09195,ribonuclease T,ribonuclease T,rnt,rnt,ribonuclease T,,,,VC_1006,99.6
N900_RS09200,yuiF,yuiF,,,Na+/H+ antiporter family protein,,,,VC_1005,100
N900_RS09205,purF,purF,purF,purF,,,,,VC_1004,100
N900_RS09210,cvpA,cvpA,,,bacteriocin production protein,,,,VC_1003,100
N900_RS09215,dedD,dedD,,,SPOR domain-containing protein,,,,VC_1002,100
N900_RS09220,folC,folC,,,,,,,VC_1001,100
N900_RS09225,accD,accD,accD,accD,acetyl-CoA carboxylase carboxyltransferase subunit beta,,,,VC_1000,100
N900_RS09230,truA,truA,truA,truA,,,,,VC_0999,100
N900_RS09235,Pseudogene_N900_RS09235,Pseudogene_N900_RS09235,,,,,,,,
N900_RS09240,glnS,glnS,glnS,glnS,,,,,VC_0997,100
N900_RS09245,nagE,nagE,,,PTS N-acetylmuramic acid transporter subunit IIBC,,,,VC_0995,99.8
N900_RS09250,nagA_1,nagA_1,nagA,nagA,,,,,VC_0994,99.7
N900_RS09255,nagC,nagC,,,ROK family protein,,,,VC_0993,100
N900_RS09260,ybaL,ybaL,,,cation:proton antiporter,,,,VC_0992,100
N900_RS09265,asnB,asnB,,,asparagine synthase B,,,,VC_0991,100
N900_RS09270,rfaH,rfaH,rfaH,rfaH,,,,,VC_0990,100
N900_RS09275,dtpA,dtpA,,,,,,,VC_0988,99.8
N900_RS09280,ferrochelatase,ferrochelatase,hemH,hemH,ferrochelatase,,,,VC_0987,99.7
N900_RS09285,adk,adk,adk,adk,adenylate kinase,,,,VC_0986,100
N900_RS09290,htpG,htpG,htpG,htpG,,,,,VC_0985,100
N900_RS09295,toxR_BLAST,toxR_BLAST,toxR,toxR,transcriptional regulator,Cholera toxin transcriptional activator,,,VC_0984,100
N900_RS09300,toxS,toxS,toxS,toxS,,,,,VC_0983,100
N900_RS09305,selenoprotein W-related protein,selenoprotein W-related protein,,,SelT/SelW/SelH family protein,,selenoprotein W-related protein,,VC_0982,100
N900_RS09310,phosphodiesterase,phosphodiesterase,,,phosphodiesterase,,,,VC_0981,99.5
N900_RS09315,yfcH,yfcH,hldD,hldD; gmhD; rfaD,TIGR01777 family protein,,,,VC_0240,25
N900_RS09320,ybbO,ybbO,,,SDR family oxidoreductase,,,,VC_0979,100
N900_RS09325,YbbN,YbbN,,,co-chaperone YbbN,,,,VC_0977,99.7
N900_RS09330,qmcA,qmcA,,,SPFH/Band 7/PHB domain protein,,,,VC_0976,100
N900_RS09335,ybbJ,ybbJ,,,NfeD family protein,,,,VC_0975,100
N900_RS09340,cueR,cueR,cueR,cueR; vvgR,,,,,VC_0974,100
N900_RS09345,,,,,,,,,VC_0973,100
N900_RS09350,chiP,chiP,,,,,,,VC_0972,100
N900_RS09355,ligA,ligA,ligA,ligA,,,,,VC_0971,100
N900_RS09360,zipA,zipA,zipA,zipA,,,,,VC_0970,100
N900_RS09365,cysZ,cysZ,cysZ,cysZ,,,,,VC_0969,100
N900_RS09370,cysK,cysK,,,,,,,VC_0968,100
N900_RS09375,,,,,,,,,VC_0967,98.6
N900_RS09380,ptsH,ptsH,ptsH,ptsH,HPr family phosphocarrier protein,,,,VC_0966,100
N900_RS09385,ptsI,ptsI,,,,,,,VC_0965,100
N900_RS09390,crr,crr,,,PTS glucose transporter subunit IIA,,,,VC_0964,100
N900_RS09395,"2-octaprenyl-3-methyl-6-methoxy-1,4-benzoquinol hydroxylase","2-octaprenyl-3-methyl-6-methoxy-1,4-benzoquinol hydroxylase",,,"2-octaprenyl-3-methyl-6-methoxy-1,4-benzoquinol hydroxylase",,,,VC_0963,99.7
N900_RS09400,miaB,miaB,miaB,miaB,,,,,VC_0962,100
N900_RS09405,ybeZ,ybeZ,,,PhoH family protein,,,,VC_0961,99.7
N900_RS09410,ybeY,ybeY,ybeY,ybeY,,,,,VC_0960,100
N900_RS09415,corc,corc,corC,corC,CNNM family magnesium/cobalt transport protein CorC,,,,VC_0959,100
N900_RS09420,lnt,lnt,lnt,lnt,lnt,,,,VC_0958,100
N900_RS09425,zinc ribbon-containing protein,zinc ribbon-containing protein,,,zinc ribbon-containing protein,,,,VC_0957,100
N900_RS09430,leuS,leuS,leuS,leuS,,,,,VC_0956,100
N900_RS09435,lptE,lptE,lptE,lptE,luciferase,,,,VC_0954,100
N900_RS09440,holA,holA,,,,,,,VC_0953,100
N900_RS09445,rsfS,rsfS,rsfS,rsfS,,,,,VC_0952,99
N900_RS09450,rlmH,rlmH,rlmH,rlmH,,,,,VC_0951,99.4
N900_RS09455,mrdA,mrdA,mrdA,mrdA,,,,,VC_0950,100
N900_RS09460,mrdB,mrdB,mrdB,mrdB; rodA,,,,,VC_0949,100
N900_RS09465,rlpa,rlpa,rlpA,rlpA,septal ring lytic transglycosylase RlpA family protein,,,,VC_0948,100
N900_RS09470,dacA_1,dacA_1,,,serine hydrolase,,,,VC_0947,99.7
N900_RS09480,VC_0945_BLAST,VC_0945_BLAST,,,DUF493 family protein,UPF0250 protein VC_0945,,,VC_0945,100
N900_RS09485,lipB,lipB,lipB,lipB,,,,,VC_0944,100
N900_RS09490,lipA,lipA,lipA,lipA,,,,,VC_0943,100
N900_RS09495,,,,,,,,,VC_0942,99.1
N900_RS09500,glyA,glyA,glyA1,glyA1,serine hydroxymethyltransferase,,,,VC_0941,100
N900_RS09505,yitt,yitt,,,YitT family protein,,,,VC_0940,100
N900_RS09510,vpsQ,vpsQ,,,VanZ family protein,,,,VC_0939,99.3
N900_RS09515,vpsP,vpsP,,,,,,,VC_0938,99.6
N900_RS09520,vpsO,vpsO,,,polysaccharide biosynthesis tyrosine autokinase,,,,VC_0937,100
N900_RS09525,vpsN,vpsN,,,polysaccharide export protein,,,,VC_0936,100
N900_RS09530,vpsM,vpsM,,,outer membrane beta-barrel protein,,,,VC_0935,100
N900_RS09535,vpsL,vpsL,,,undecaprenyl-phosphate glucose phosphotransferase,,,,VC_0934,99.8
N900_RS09540,,,,,,,,,VC_0933,100
N900_RS09545,,,,,O-antigen ligase family protein,,,,VC_0931,100
N900_RS09550,hemolysin_1,hemolysin_1,,,hemolysin,,,,VC_0930,100
N900_RS09555,,,,,,,,,VC_0929,99.8
N900_RS09560,,,,,,,,,VC_0928,99.6
N900_RS09565,glycosyltransferase,glycosyltransferase,,,WecB/TagA/CpsF family glycosyltransferase,,,,VC_0927,100
N900_RS09570,vpsJ,vpsJ,,,,,,,VC_0926,100
N900_RS09575,glycosyltransferase family 1 protein,glycosyltransferase family 1 protein,,,glycosyltransferase family 4 protein,,,,VC_0925,99.7
N900_RS09580,vpsH,vpsH,,,phenylacetate--CoA ligase family protein,,,,VC_0924,100
N900_RS09585,vpsG,vpsG,,,serine acetyltransferase,,,,VC_0923,100
N900_RS09590,vpsF,vpsF,,,,,,,VC_0922,99.8
N900_RS09595,vpsE,vpsE,,,lipopolysaccharide biosynthesis protein,,,,VC_0921,99.8
N900_RS09600,vpsD,vpsD,,,glycosyltransferase family 4 protein,,,,VC_0920,100
N900_RS09605,vpsC,vpsC,,,serine acetyltransferase,,,,VC_0919,100
N900_RS09610,wecC,wecC,,,,,,,VC_0918,100
N900_RS09615,vpsA,vpsA,,,UDP-N-acetylglucosamine 2-epimerase (non-hydrolyzing),,,,VC_0917,99.7
N900_RS09620,low molecular weight phosphotyrosine protein phosphatase_1,low molecular weight phosphotyrosine protein phosphatase_1,,,low molecular weight phosphotyrosine protein phosphatase,,,,VC_0916,100
N900_RS09625,vexH,vexH,,,,,,,VC_0914,100
N900_RS09630,vexG,vexG,,,,,,,VC_0913,100
N900_RS09635,tRNA-Tyr_3,tRNA-Tyr_3,,,,,,,VC_0873,40
N900_RS09640,VIPP1_BLAST,VIPP1_BLAST,gyrA,gyrA,,"Membrane-associated protein VIPP1, chloroplastic",,,VC_1258,61.5
N900_RS09645,tRNA-Tyr_2,tRNA-Tyr_2,,,,,,,VC_0873,40
N900_RS09650,treC,treC,,,,,,,VC_0911,100
N900_RS09655,treB,treB,,,,,,,VC_0910,99.8
N900_RS09660,treR,treR,,,,,,,VC_0909,100
N900_RS09665,gmhB,gmhB,gmhB,gmhB,,,,,VC_0908,99.5
N900_RS09670,metN,metN,metN,metN,,,,,VC_0907,100
N900_RS09675,metI,metI,metI,metI,ABC transporter permease,,,,VC_0906,100
N900_RS09680,metq,metq,metQ,metQ,MetQ/NlpA family lipoprotein,,,,VC_0905,100
N900_RS09685,,,,,,,,,VC_0904,100
N900_RS09690,SecY-interacting protein,SecY-interacting protein,syd,syd,SecY-interacting protein,,,,VC_0903,99.5
N900_RS09695,queF,queF,queF,queF,,,,,VC_0902,100
N900_RS09700,tetratricopeptide repeat protein_2,tetratricopeptide repeat protein_2,,,tetratricopeptide repeat protein,,,,VC_0901,100
N900_RS09705,,,,,GGDEF domain-containing protein,,,Diguanylate cyclase DgcP,VC_0900,99.8
N900_RS09710,ppnN_BLAST,ppnN_BLAST,,,LOG family protein,Pyrimidine/purine nucleotide 5'-monophosphate nucleosidase,,,VC_0899,99.8
N900_RS09715,xni,xni,xni,xni; ygdG,xni,,,,VC_0898,99.6
N900_RS09720,UPF0382 membrane protein SAB0533_BLAST,UPF0382 membrane protein SAB0533_BLAST,,,DUF423 domain-containing protein,,,UPF0382 membrane protein SSP2132,VC_0897,100
N900_RS09725,lysR,lysR,,,transcriptional regulator GcvA,,,,VC_0896,100
N900_RS09735,thiI,thiI,thiI,thiI,,,,,VC_0894,100
N900_RS09740,motb,motb,,,flagellar motor protein MotB,,,,VC_0893,100
N900_RS09745,pomA,pomA,,,,,,,VC_0892,100
N900_RS09750,xseB,xseB,xseB,xseB,,,,,VC_0891,100
N900_RS09755,ispA,ispA,,,,,,,VC_0890,100
N900_RS09760,dxs,dxs,dxs,dxs,1-deoxy-D-xylulose-5-phosphate synthase,,,,VC_0889,100
N900_RS09765,truC,truC,truC,truC,,,,,VC_0888,100
N900_RS09770,yqcC,yqcC,,,,,,,VC_0887,100
N900_RS09775,,,,,DUF3549 family protein,,,,VC_0886,100
N900_RS09780,,,,,DUF3301 domain-containing protein,,,,VC_0885,100
N900_RS09785,N-acetyltransferase_1,N-acetyltransferase_1,,,GNAT family N-acetyltransferase,,,,VC_0884,100
N900_RS09790,kfrA_2,kfrA_2,,,,,,,VC_0882,100
N900_RS09795,VC_0881_BLAST,VC_0881_BLAST,,,YaiI/YqxD family protein,UPF0178 protein VC_0881,,,VC_0881,100
N900_RS09800,mtrF,mtrF,,,AbgT family transporter,,,,VC_0880,100
N900_RS09805,ykgO,ykgO,rpmJ2,rpmJ2,50S ribosomal protein L36,,,,VC_0879,100
N900_RS09810,rpmE2,rpmE2,rpmE2,rpmE2,type B 50S ribosomal protein L31,,,,VC_0878,100
N900_RS09815,tsaA,tsaA,,,,,,,VC_0876,100
N900_RS09820,proS,proS,proS,proS,proline--tRNA ligase,,,,VC_0875,100
N900_RS09825,,,,,,,,,VC_0874,100
N900_RS09830,terB,terB,,,DUF533 domain-containing protein,,,,VC_0873,100
N900_RS09835,VC_0872_BLAST,VC_0872_BLAST,,,YaeP family protein,UPF0253 protein VC_0872,,,VC_0872,100
N900_RS09840,,,,,DUF4250 domain-containing protein,,,,VC_0871,100
N900_RS09845,tnp_D1,tnp_D1,,,IS200/IS605-like element IS1004 family transposase,,,,VC_A0275,100
N900_RS09850,purL,purL,purL,purL,,,,,VC_0869,100
N900_RS09855,,,,,,,,,VC_0868,98.6
N900_RS09860,mltF,mltF,mltF,mltF,,,,,VC_0866,100
N900_RS09870,tadA,tadA,tadA,tadA,,,,,VC_0864,99.5
N900_RS09875,abgT_2,abgT_2,,,AbgT family transporter,,,,VC_0863,100
N900_RS09880,,,,,,,,,VC_0862,99.2
N900_RS09885,pilV,pilV,,,prepilin-type N-terminal cleavage/methylation domain-containing protein,,,,VC_0861,100
N900_RS09890,pilX,pilX,,,,,,,VC_0860,99.8
N900_RS09895,PilW,PilW,,,pilus assembly protein PilW,,,,VC_0859,100
N900_RS09900,"type IV pilin, putative","type IV pilin, putative",,,prepilin-type N-terminal cleavage/methylation domain-containing protein,,"type IV pilin, putative",,VC_0858,99.5
N900_RS09905,type IV pilin protein,type IV pilin protein,,,type IV pilin protein,,,,VC_0857,100
N900_RS09910,dnaJ,dnaJ,dnaJ,dnaJ,,,,,VC_0856,100
N900_RS09915,dnaK,dnaK,dnaK,dnaK,,,,,VC_0855,100
N900_RS09920,grpE,grpE,grpE,grpE,,,,,VC_0854,100
N900_RS09925,nadK,nadK,nadK,nadK,,,,,VC_0853,100
N900_RS09930,recN,recN,recN,recN,,,,,VC_0852,100
N900_RS09935,bamE,bamE,bamE,bamE; smpA,,,,,VC_0851,99.3
N900_RS09940,VC_0850_BLAST,VC_0850_BLAST,,,RnfH family protein,UPF0125 protein VC_0850,,,VC_0850,99
N900_RS09945,rata,rata,ratA,ratA,type II toxin-antitoxin system RatA family toxin,,,,VC_0849,100
N900_RS09950,smpB,smpB,smpB,smpB,,,,,VC_0848,100
N900_RS09955,intA_3,intA_3,,,tyrosine-type recombinase/integrase,,,,VC_0847,100
N900_RS09965,acfd,acfd,acfD,acfD,accessory colonization factor AcfD,,,,VC_0845,100
N900_RS09970,acfa,acfa,,,accessory colonization factor AcfA,,,,VC_0844,100
N900_RS09975,M23 family peptidase,M23 family peptidase,,,M23 family metallopeptidase,,,,VC_0843,100
N900_RS09980,,,,,RDD family protein,,,,VC_0842,100
N900_RS09985,acfC,acfC,,,,,,,,
N900_RS09990,Pseudogene_N900_RS09990,Pseudogene_N900_RS09990,,,methyl-accepting chemotaxis protein,,,,,
N900_RS09995,tcpJ,tcpJ,,,,,,,,
N900_RS10000,toxT,toxT,,,,,,,,
N900_RS10005,tcpF,tcpF,tcpF,tcpF,,,,,VC_0837,100
N900_RS10010,tcpE,tcpE,tcpE,tcpE,,,,,VC_0836,100
N900_RS10015,tcpT,tcpT,tcpT,tcpT,,,,,VC_0835,100
N900_RS10020,tcpS,tcpS,tcpS,tcpS,,,,,VC_0834,100
N900_RS10025,tcpD,tcpD,tcpD,tcpD,,,,,VC_0833,99.6
N900_RS10035,tcpC,tcpC,tcpC,tcpC,,,,,VC_0831,100
N900_RS10040,tcpQ,tcpQ,tcpQ,tcpQ,,,,,VC_0830,100
N900_RS10045,tcpB,tcpB,tcpB,tcpB,,,,,VC_0829,100
N900_RS10050,tcpA,tcpA,tcpA,tcpA,,,,,VC_0828,99.6
N900_RS10055,tcpH,tcpH,tcpH,tcpH,,,,,VC_0827,100
N900_RS10060,tcpP,tcpP,tcpP,tcpP,,,,,VC_0826,100
N900_RS10065,tcpI,tcpI,tcpI,tcpI; tagB,,,,,VC_0825,100
N900_RS10070,tpx,tpx,tpx,tpx; tagD,thiol peroxidase,,,,VC_0824,100
N900_RS10075,,,,,,,,,VC_0823,100
N900_RS10080,membrane protein_1,membrane protein_1,,,membrane protein,,,,VC_0822,99.9
N900_RS10085,Pseudogene_N900_RS10085,Pseudogene_N900_RS10085,,,peptidase M66,,,,,
N900_RS10090,adh,adh,aldA,aldA,aldehyde dehydrogenase,,,,VC_0819,100
N900_RS10105,IS481-like element ISVch1 family transposase,IS481-like element ISVch1 family transposase,,,IS481-like element ISVch1 family transposase,,,,VC_0817,100
N900_RS10110,,,,,,,,,VC_0816,98.3
N900_RS10115,type II toxin-antitoxin system HipA family toxin,type II toxin-antitoxin system HipA family toxin,,,type II toxin-antitoxin system HipA family toxin,,,,VC_0815,99.8
N900_RS10120,XRE family transcriptional regulator_5,XRE family transcriptional regulator_5,,,helix-turn-helix transcriptional regulator,,,,VC_0814,100
N900_RS10125,class I SAM-dependent methyltransferase_5,class I SAM-dependent methyltransferase_5,,,class I SAM-dependent methyltransferase,,,,VC_0813,100
N900_RS10130,uvrB_2,uvrB_2,,,DEAD/DEAH box helicase,,,,VC_0812,99.9
N900_RS10135,,,,,NERD domain-containing protein,,,,VC_0811,100
N900_RS10140,,,,,,,,,VC_0810,99.4
N900_RS10145,,,,,SWIM zinc finger domain-containing protein,,,,VC_0809,99.8
N900_RS10150,,,,,,,,,VC_0808,100
N900_RS10155,MFS transporter_1,MFS transporter_1,,,MFS transporter,,,,VC_0807,100
N900_RS10160,NAD(P)/FAD-dependent oxidoreductase,NAD(P)/FAD-dependent oxidoreductase,,,NAD(P)/FAD-dependent oxidoreductase,,,,VC_0806,100
N900_RS10165,Ferredoxin 1_BLAST,Ferredoxin 1_BLAST,,,ferredoxin family protein,Ferredoxin 1,,,VC_0804,100
N900_RS10170,RNA methyltransferase,RNA methyltransferase,,,RNA methyltransferase,,,,VC_0803,99.6
N900_RS10175,,,,,ACT domain-containing protein,,,,VC_0802,100
N900_RS10180,citG,citG,citG,citG,,,,,VC_0801,100
N900_RS10185,citX,citX,citX,citX,,,,,VC_0800,100
N900_RS10190,citF,citF,,,,,,,VC_0799,100
N900_RS10195,citE,citE,,,,,,,VC_0798,99.3
N900_RS10200,citD,citD,citD,citD,,,,,VC_0797,100
N900_RS10205,citC,citC,,,,,,,VC_0796,99.7
N900_RS10210,citS,citS,,,citrate:sodium symporter,,,,VC_0795,100
N900_RS10215,sodium pump decarboxylase,sodium pump decarboxylase,oadG2,oadG2,sodium pump decarboxylase,,,,VC_0794,99.3
N900_RS10220,oadA_1,oadA_1,,,,,,,VC_0550,65.4
N900_RS10225,oadB,oadB,oadB,oadB,sodium ion-translocating decarboxylase subunit beta,,,,VC_0792,100
N900_RS10230,citA,citA,,,sensor histidine kinase,,,,VC_0791,100
N900_RS10235,dpiA,dpiA,,,response regulator,,,,VC_0790,100
N900_RS10240,,,,,,,,,VC_0789,100
N900_RS10245,"DOPA 4,5-dioxygenase","DOPA 4,5-dioxygenase",,,"DOPA 4,5-dioxygenase",,,,VC_0788,100
N900_RS10250,dsdC_1,dsdC_1,,,LysR family transcriptional regulator,,,,VC_0787,100
N900_RS10255,dadA1,dadA1,dadA,dadA,D-amino acid dehydrogenase,,,,VC_0786,100
N900_RS10260,acp,acp,,,alanine:cation symporter family protein,,,,VC_0784,100
N900_RS10265,yjcS,yjcS,,,alkyl/aryl-sulfatase,,,,VC_0783,100
N900_RS10270,leuO_2,leuO_2,,,LysR family transcriptional regulator,,,,VC_0781,99.7
N900_RS10275,vibriobactin biosynthesis 4\'-phosphopantetheinyl transferase VibD,vibriobactin biosynthesis 4\'-phosphopantetheinyl transferase VibD,,,4'-phosphopantetheinyl transferase superfamily protein,,,,VC_0780,99.6
N900_RS10280,fepC,fepC,,,ABC transporter ATP-binding protein,,,,VC_0779,100
N900_RS10285,fepG,fepG,,,Fe(3+)-siderophore ABC transporter permease,,,,VC_0778,100
N900_RS10290,yfiZ,yfiZ,,,iron ABC transporter permease,,,,VC_0777,100
N900_RS10295,fepB,fepB,,,,,,,VC_0776,100
N900_RS10300,vibH,vibH,,,,,,,VC_0775,99.8
N900_RS10305,dhbA,dhbA,vibA,vibA,"2,3-dihydro-2,3-dihydroxybenzoate dehydrogenase",,,,VC_0774,100
N900_RS10310,dhbC,dhbC,vibC,vibC,isochorismate synthase MenF,,,,VC_0773,100
N900_RS10315,dhbE,dhbE,vibE,vibE,"(2,3-dihydroxybenzoyl)adenylate synthase",,,,VC_0772,100
N900_RS10320,vibB,vibB,vibB,vibB,,,,,VC_0771,100
N900_RS10325,satP,satP,,,,,,,VC_0770,100
N900_RS10330,carbohydrate-binding protein,carbohydrate-binding protein,,,carbohydrate-binding protein,,,,VC_0769,99.8
N900_RS10335,guaA,guaA,guaA,guaA,,,,,VC_0768,100
N900_RS10340,guaB,guaB,guaB,guaB,,,,,VC_0767,100
N900_RS10345,xseA,xseA,xseA,xseA,,,,,VC_0766,99.8
N900_RS10350,,,,,,,,DNA polymerase II large subunit,VC_0765,100
N900_RS10355,alanyl-tRNA editing protein,alanyl-tRNA editing protein,,,alanyl-tRNA editing protein,,,,VC_0764,99.7
N900_RS10360,der,der,der,der; engA,der,,,,VC_0763,100
N900_RS10365,bamB,bamB,bamB,bamB,,,,,VC_0762,100
N900_RS10370,membrane protein_4,membrane protein_4,,,tetratricopeptide repeat protein,,,,VC_0761,99.5
N900_RS10375,hisS,hisS,hisS,hisS,,,,,VC_0760,99.8
N900_RS10380,ispG,ispG,ispG,ispG,,,,,VC_0759,100
N900_RS10385,rodZ,rodZ,,,,,,,VC_0758,100
N900_RS10390,rlmn,rlmn,rlmN,rlmN,trmG/rlmN,,,,VC_0757,100
N900_RS10395,ndk,ndk,ndk,ndk,nucleoside-diphosphate kinase,,,,VC_0756,100
N900_RS10400,pepB,pepB,pepB,pepB,,,,,VC_0755,100
N900_RS10405,iscX,iscX,,,,,,,VC_0754,100
N900_RS10410,fdx,fdx,,,fdx,,,,VC_0753,100
N900_RS10415,hscA,hscA,hscA,hscA,,,,,VC_0752,100
N900_RS10420,hscB,hscB,hscB,hscB,,,,,VC_0751,100
N900_RS10425,iscA,iscA,,,,,,,VC_0750,100
N900_RS10430,iscU,iscU,,,,,,,VC_0749,100
N900_RS10435,iscs,iscs,iscS,iscS,IscS subfamily cysteine desulfurase,,,,VC_0748,100
N900_RS10440,iscR,iscR,iscR,iscR,,,,,VC_0747,100
N900_RS10445,trmJ,trmJ,trmJ,trmJ,,,,,VC_0746,100
N900_RS10450,suhB,suhB,,,,,,,VC_0745,100
N900_RS10455,secF_1,secF_1,secF,secF,,,,,VC_0744,100
N900_RS10460,secD_1,secD_1,secD,secD,,,,,VC_0743,99.8
N900_RS10465,yajC,yajC,,,,,,,VC_0742,99.1
N900_RS10470,tgt,tgt,tgt,tgt,tgt,,,,VC_0741,99.7
N900_RS10475,,,,,,,,,VC_0740,100
N900_RS10480,queA,queA,queA,queA,,,,,VC_0739,100
N900_RS10485,"acetoin utilization protein AcuB, putative","acetoin utilization protein AcuB, putative",,,CBS domain-containing protein,,"acetoin utilization protein AcuB, putative",,VC_0737,100
N900_RS10490,aceA,aceA,,,,,,,VC_0736,100
N900_RS10495,malate synthase A,malate synthase A,,,malate synthase A,,,,VC_0734,100
N900_RS10500,oxyR_2,oxyR_2,,,hydrogen peroxide-inducible genes activator,,,,VC_0732,100
N900_RS10505,ahpC,ahpC,,,peroxiredoxin C,,,,VC_0731,100
N900_RS10510,cutc,cutc,cutC,cutC,copper homeostasis protein CutC,,,,VC_0730,100
N900_RS10515,ppk2,ppk2,,,ppk2,,,,VC_0728,100
N900_RS10520,phoU,phoU,,,,,,,VC_0727,100
N900_RS10525,pstB,pstB,pstB1,pstB1,,,,,VC_0726,100
N900_RS10530,pstA_1,pstA_1,,,,,,,VC_0725,100
N900_RS10535,ABC transporter permease subunit,ABC transporter permease subunit,,,ABC transporter permease subunit,,,,VC_0724,100
N900_RS10540,ppk,ppk,ppk,ppk,ppk1,,,,VC_0723,100
N900_RS10545,ppx,ppx,ppx,ppx,ppx,,,,VC_0722,99.6
N900_RS10550,pstS_1,pstS_1,,,phosphate ABC transporter substrate-binding protein,,,,VC_0721,100
N900_RS10555,phoR,phoR,,,,,,,VC_0720,100
N900_RS10560,phoB,phoB,,,,,,,VC_0719,100
N900_RS10565,rdgC,rdgC,rdgC,rdgC,,,,,VC_0718,100
N900_RS10570,rlhA,rlhA,,,U32 family peptidase,,,,VC_0717,100
N900_RS10575,yfhl,yfhl,,,YfhL family 4Fe-4S dicluster ferredoxin,,,,VC_0716,100
N900_RS10580,nfsA,nfsA,,,,,,,VC_0715,99.6
N900_RS10585,,,,,DUF1904 domain-containing protein,,,,VC_0714,100
N900_RS10590,AtMg01060_BLAST_D3,AtMg01060_BLAST_D3,,,,Uncharacterized mitochondrial protein AtMg01060,,,VC_0957,37.5
N900_RS10595,rrf_D4,rrf_D4,metAS,metAS; metA,,,,,VC_1611,58.3
N900_RS10600,rRNA-23S_3,rRNA-23S_3,,,,,,,VC_2603,30.9
N900_RS10605,Atg2a_BLAST_D2,Atg2a_BLAST_D2,trpD,trpD,,Autophagy-related protein 2 homolog A,,,VC_1172,50
N900_RS10610,rRNA-16S_4,rRNA-16S_4,,,,,,,VC_0713,100
N900_RS10615,clpB,clpB,clpB,clpB,,,,,VC_0711,100
N900_RS10620,pgeF,pgeF,,,,,,,VC_0710,100
N900_RS10625,rluD,rluD,rluD,rluD,,,,,VC_0709,100
N900_RS10630,bamd,bamd,bamD,bamD,outer membrane protein assembly factor BamD,,,,VC_0708,100
N900_RS10635,raiA,raiA,,,,,,,VC_0706,100
N900_RS10640,pheA,pheA,,,,,,,VC_0705,100
N900_RS10645,spuD,spuD,nspS,nspS,extracellular solute-binding protein,,,,VC_0704,99.7
N900_RS10650,mbaA,mbaA,mbaA,mbaA,GGDEF and EAL domain-containing protein,,,,VC_0703,100
N900_RS10655,yjjX,yjjX,,,,,,,VC_0702,100
N900_RS10660,trpR,trpR,trpR,trpR,,,,,VC_0701,99.2
N900_RS10665,sltY,sltY,,,,,,,VC_0700,100
N900_RS10670,ettA,ettA,ettA,ettA,,,,,VC_0698,100
N900_RS10675,,,,,PilZ domain-containing protein,,,Cyclic diguanosine monophosphate-binding protein PA4608,VC_0697,99.3
N900_RS10680,tyrA,tyrA,,,,,,,VC_0696,100
N900_RS10685,aroF,aroF,,,3-deoxy-7-phosphoheptulonate synthase,,,,VC_0695,100
N900_RS10690,btsS,btsS,,,sensor histidine kinase,,,,VC_0694,100
N900_RS10695,yehT_1,yehT_1,,,,,,,VC_0693,100
N900_RS10700,nagZ,nagZ,nagZ,nagZ,,,,,VC_0692,100
N900_RS10705,anmK,anmK,anmK,anmK,anhydro-N-acetylmuramic acid kinase,,,,VC_0691,100
N900_RS10710,murQ_1,murQ_1,murQ2,murQ2,,,,,VC_0690,100
N900_RS10715,nhaP2_2,nhaP2_2,,,sodium:proton antiporter,,,,VC_0689,100
N900_RS10720,,,,,DUF2799 domain-containing protein,,,,VC_0688,100
N900_RS10725,carbon starvation protein A,carbon starvation protein A,,,carbon starvation protein A,,,,VC_0687,100
N900_RS10730,ispH,ispH,ispH,ispH; lytB,,,,,VC_0685,100
N900_RS10735,fkpB,fkpB,,,,,,,VC_0684,99.3
N900_RS10740,lspA,lspA,lspA,lspA,lipoprotein signal peptidase,,,,VC_0683,100
N900_RS10745,ileS,ileS,ileS,ileS,,,,,VC_0682,100
N900_RS10750,ribF,ribF,,,,,,,VC_0681,100
N900_RS10755,murJ,murJ,murJ,murJ; mviN,,,,,VC_0680,99.8
N900_RS10760,rpsT,rpsT,rpsT,rpsT,,,,,VC_0679,98.8
N900_RS10765,winged helix-turn-helix transcriptional regulator,winged helix-turn-helix transcriptional regulator,hlyU,hlyU,winged helix-turn-helix transcriptional regulator,,,,VC_0678,100
N900_RS10770,nhaR,nhaR,nhaR,nhaR; hlyT,,,,,VC_0677,100
N900_RS10775,nptA protein,nptA protein,,,Na/Pi cotransporter family protein,,nptA protein,,VC_0676,100
N900_RS10780,thyA,thyA,thyA,thyA,thymidylate synthase,,,,VC_0675,99.6
N900_RS10785,lgt,lgt,lgt,lgt,prolipoprotein diacylglyceryl transferase,,,,VC_0674,100
N900_RS10790,Probable membrane transporter protein HI_0902_BLAST,Probable membrane transporter protein HI_0902_BLAST,,,sulfite exporter TauE/SafE family protein,,,Probable membrane transporter protein HI_0902,VC_0673,99.6
N900_RS10795,ptsP,ptsP,,,,,,,VC_0672,100
N900_RS10800,rppH,rppH,rppH,rppH; nudH,,,,,VC_0671,99.5
N900_RS10810,mutH,mutH,mutH,mutH,,,,,VC_0668,99.5
N900_RS10815,NADP(H)-dependent aldo-keto reductase,NADP(H)-dependent aldo-keto reductase,,,NADP(H)-dependent aldo-keto reductase,,,,VC_0667,99.7
N900_RS10820,,,,,,,,,VC_0666,100
N900_RS10825,vpsR,vpsR,,,sigma-54-dependent Fis family transcriptional regulator,,,,VC_0665,100
N900_RS10830,lysS,lysS,lysS,lysS,,,,,VC_0664,100
N900_RS10835,prfB,prfB,,,,,,,,
N900_RS10840,brnQ,brnQ,,,,,,,VC_0662,99.8
N900_RS10845,tRNA1(Val) (adenine(37)-N6)-methyltransferase,tRNA1(Val) (adenine(37)-N6)-methyltransferase,,,tRNA1(Val) (adenine(37)-N6)-methyltransferase,,,,VC_0661,100
N900_RS10850,srmB,srmB,srmB,srmB,,,,,VC_0660,99.8
N900_RS10855,prfC,prfC,prfC,prfC,,,,,VC_0659,98.3
N900_RS10860,s087_BLAST,s087_BLAST,lexA,lexA,LexA family transcriptional regulator,HTH-type transcriptional regulator for conjugative element SXT,,,VC_0092,25
N900_RS10865,Putative transcriptional regulator YdaS_BLAST,Putative transcriptional regulator YdaS_BLAST,,,helix-turn-helix domain-containing protein,,,Putative transcriptional regulator YdaS,VC_0414,27.7
N900_RS10870,,,cobQ,cobQ,,,,,VC_A0727,29.5
N900_RS10875,,,,,,,,,VC_0377,26.7
N900_RS10880,,,,,lytic transglycosylase domain-containing protein,,,,VC_2462,45.2
N900_RS10885,flhD,flhD,,,,,,,VC_1831,38.1
N900_RS10890,flhC,flhC,,,,,,,VC_1386,26.8
N900_RS10895,eexS,eexS,,,,,,,VC_A1080,61.1
N900_RS10900,trag,trag,proC,proC,conjugal transfer protein TraG,,,,VC_0460,81.2
N900_RS10905,trah,trah,,,conjugal transfer protein TraH,,,,VC_A0307,31.4
N900_RS10910,,,dnaJ,dnaJ,thioredoxin family protein,,,,VC_0856,42.9
N900_RS10915,xerC_2,xerC_2,,,integron integrase,,,,VC_A0291,42.8
N900_RS10920,dfrA1,dfrA1,,,trimethoprim-resistant dihydrofolate reductase DfrA1,,,,VC_0440,28
N900_RS10925,,,luxP,luxP,,,,,VC_A0737,36
N900_RS10930,XRE family transcriptional regulator_7,XRE family transcriptional regulator_7,,,helix-turn-helix transcriptional regulator,,,,VC_A0998,26
N900_RS10935,,,,,DUF1801 domain-containing protein,,,,VC_A1057,40.7
N900_RS10940,AraC family transcriptional regulator_3,AraC family transcriptional regulator_3,,,helix-turn-helix transcriptional regulator,,,,VC_A1001,29.7
N900_RS10950,,,bamC,bamC,,,,,VC_2156,31.3
N900_RS10955,primase,primase,,,primase,,,,VC_A0299,40.9
N900_RS10960,,,,,,,,,VC_A0025,40.9
N900_RS10965,radC_1,radC_1,,,,,,,VC_1786,57
N900_RS10970,,,,,VWA domain-containing protein,,,,VC_A0103,27.4
N900_RS10975,,,hutI,hutI,,,,,VC_1205,35.4
N900_RS10980,,,cds1,cds1,DUF3150 domain-containing protein,,,,VC_1061,29.9
N900_RS10985,,,hisA,hisA,,,,,VC_1137,32.5
N900_RS10990,cobS,cobS,,,AAA domain-containing protein,,,,VC_0032,28.2
N900_RS10995,endonuclease,endonuclease,ugpE,ugpE,endonuclease,,,,VC_1551,28.8
N900_RS11000,bet,bet,,,bet,,,,,
N900_RS11005,ssb_2,ssb_2,ssb,ssb,ssb,,,,VC_0397,43
N900_RS11010,,,,,,,,,VC_1515,38.9
N900_RS11015,,,,,,,,,VC_1161,45.7
N900_RS11020,endA,endA,dns,dns,endonuclease,,,,VC_0470,51.6
N900_RS11025,AAA family ATPase,AAA family ATPase,sbcC,sbcC,AAA family ATPase,,,,VC_A0521,40
N900_RS11030,IS21 family transposase,IS21 family transposase,,,IS21 family transposase,,,,VC_A0279,38.5
N900_RS11035,istB,istB,dnaA,dnaA,AAA family ATPase,,,,VC_0012,22.9
N900_RS11040,,,msbA,msbA,,,,,VC_1878,33.3
N900_RS11045,tran,tran,potA,potA,conjugal transfer protein TraN,,,,VC_1428,29.7
N900_RS11050,trau,trau,,,conjugal transfer protein TraU,,,,VC_1681,26.3
N900_RS11055,,,,,,,,,VC_1516,33.9
N900_RS11060,TrhF,TrhF,,,,,,,VC_2462,29.6
N900_RS11065,,,,,,,,,VC_2376,28.6
N900_RS11070,traC,traC,,,,,,,VC_1771,28.8
N900_RS11075,dsbC_2,dsbC_2,,,DsbC family protein,,,,VC_2418,26.6
N900_RS11080,,,pyrE,pyrE,nucleotidyl transferase AbiEii/AbiGii toxin family protein,,,,VC_0211,32.1
N900_RS11085,,,,,,,,,VC_A0380,34
N900_RS11090,,,,,,,,,VC_0914,31.6
N900_RS11095,traV,traV,,,,,,,VC_A0594,34.9
N900_RS11100,TraB,TraB,mbaA,mbaA,conjugal transfer protein TraB,,,,VC_0703,32.6
N900_RS11105,trak,trak,,,conjugal transfer protein TraK,,,,VC_0914,26.7
N900_RS11110,traE,traE,,,,,,,VC_A0064,38
N900_RS11115,traL,traL,,,,,,,VC_1286,35.3
N900_RS11120,,,ompU,ompU,,,,,VC_0633,34.3
N900_RS11125,,,,,,,,,VC_0604,24.2
N900_RS11130,,,,,DUF4400 domain-containing protein,,,,VC_0282,34.6
N900_RS11135,,,,,,,,,VC_A0809,29.2
N900_RS11140,traD,traD,ftsK,ftsK,,,,,VC_1903,37.5
N900_RS11145,phosphohydrolase,phosphohydrolase,,,phosphohydrolase,,,,VC_2253,28.2
N900_RS11150,abortive infection protein,abortive infection protein,,,abortive infection family protein,,,,VC_1772,31.5
N900_RS11155,,,,,,,,,VC_0667,29.6
N900_RS11160,brxL,brxL,lon,lon,,,,,VC_1920,26.8
N900_RS11165,pglz,pglz,rpsD,rpsD,PglZ domain-containing protein,,,,VC_2572,31.7
N900_RS11170,pglX,pglX,rlmL,rlmL,,,,,VC_1488,26.1
N900_RS11175,brxC,brxC,rtxA,rtxA; rtx,,,,,VC_1451,30.8
N900_RS11180,,,,,,,,,VC_1161,39.3
N900_RS11185,,,,,DUF1819 family protein,,,,VC_0104,37.5
N900_RS11190,,,,,WYL domain-containing protein,,,DNA-binding transcriptional repressor CapW,VC_1772,29.9
N900_RS11195,,,,,,,,,VC_0282,30.8
N900_RS11200,dinG_2,dinG_2,dnaQ,dnaQ,DNA polymerase III subunit epsilon,,,,VC_2233,31.1
N900_RS11205,,,,,,,,,,
N900_RS11210,umuD,umuD,lexA,lexA,,,,,VC_0092,35.3
N900_RS11215,umuC_1,umuC_1,tufB,tufB,,,,,VC_0362,35.7
N900_RS11220,Pseudogene_N900_RS11220,Pseudogene_N900_RS11220,,,site-specific integrase,,,,,
N900_RS11225,IS256 family transposase_D3,IS256 family transposase_D3,,,IS256 family transposase,,,,VC_0188,44
N900_RS11230,IS256 family transposase_D4,IS256 family transposase_D4,,,IS256 family transposase,,,,VC_0188,44
N900_RS11235,Pseudogene_N900_RS11235,Pseudogene_N900_RS11235,,,DUF4158 domain-containing protein,,,,,
N900_RS11240,sul2,sul2,,,sul2,,,,VC_0638,31.6
N900_RS11245,aph(3'')-Ib,aph(3'')-Ib,,,aph(3'')-Ib,,,,VC_1893,33.3
N900_RS11250,aph(6)-Id,aph(6)-Id,,,aminoglycoside O-phosphotransferase APH(6)-Id,,,,VC_2656,30.2
N900_RS11255,IS91 family transposase_2,IS91 family transposase_2,,,IS91 family transposase,,,,VC_1339,25.8
N900_RS11260,hdfR_2,hdfR_2,,,LysR family transcriptional regulator,,,,VC_1588,47.1
N900_RS11265,floR,floR,,,,,,,VC_0069,30.4
N900_RS11270,,,,,DUF3363 domain-containing protein,,,,VC_A0093,35.6
N900_RS11275,IS91 family transposase_1,IS91 family transposase_1,,,IS91 family transposase,,,,VC_0765,32.4
N900_RS11280,,,,,,,,,VC_0618,40
N900_RS11285,Tn3 family transposase,Tn3 family transposase,,,Tn3 family transposase,,,,VC_A0688,23.3
N900_RS11290,Pseudogene_N900_RS11290,Pseudogene_N900_RS11290,,,Tn3 family transposase,,,,,
N900_RS11295,umuC,umuC,,,,,,,,
N900_RS11300,mobI,mobI,,,,,,,VC_A1056,37.8
N900_RS11305,stba,stba,secD,secD,ParM/StbA family protein,,,,VC_0743,29.1
N900_RS11310,,,,,,,,,VC_1059,28.9
N900_RS11315,intS,intS,,,integrase family protein,,,,VC_A0281,27.2
N900_RS11320,DNA mismatch repair protein,DNA mismatch repair protein,mutL,mutL,DNA mismatch repair protein,,,,VC_0345,34.8
N900_RS11325,,,,,,,,,VC_1785,28.6
N900_RS11330,c-di-GMP phosphodiesterase A-related protein,c-di-GMP phosphodiesterase A-related protein,,,EAL domain-containing protein,,c-di-GMP phosphodiesterase A-related protein,,VC_0658,100
N900_RS11335,rimI,rimI,rimI,rimI,,,,,VC_0657,99.4
N900_RS11340,DNA polymerase III subunit psi,DNA polymerase III subunit psi,,,DNA polymerase III subunit psi,,,,VC_0656,100
N900_RS11345,N-acetyltransferase_2,N-acetyltransferase_2,,,N-acetyltransferase,,,,VC_0655,99.5
N900_RS11350,ubiT,ubiT,ubiT,ubiT,SCP2 domain-containing protein,,,,VC_0654,99.4
N900_RS11355,bifunctional diguanylate cyclase/phosphodiesterase_1,bifunctional diguanylate cyclase/phosphodiesterase_1,,,bifunctional diguanylate cyclase/phosphodiesterase,,,,VC_0653,99.9
N900_RS11360,ubiU,ubiU,ubiU,ubiU,U32 family peptidase,,,,VC_0652,100
N900_RS11365,ubiV,ubiV,ubiV,ubiV,U32 family peptidase,,,,VC_0651,100
N900_RS11370,vcrM,vcrM,,,,,,,VC_0650,100
N900_RS11375,MarR family transcriptional regulator,MarR family transcriptional regulator,,,MarR family transcriptional regulator,,,,VC_0649,99.3
N900_RS11380,nlpI,nlpI,,,,,,,VC_0648,99.7
N900_RS11385,pnp,pnp,pnp,pnp,pnp,,,,VC_0647,100
N900_RS11390,rpsO,rpsO,rpsO,rpsO,,,,,VC_0646,100
N900_RS11395,truB,truB,truB,truB,,,,,VC_0645,100
N900_RS11400,rbfA,rbfA,rbfA,rbfA,,,,,VC_0644,100
N900_RS11405,infB,infB,infB,infB,,,,,VC_0643,100
N900_RS11410,nusA,nusA,nusA,nusA,,,,,VC_0642,100
N900_RS11415,rimP,rimP,rimP,rimP,,,,,VC_0641,100
N900_RS11420,tRNA-Met_4,tRNA-Met_4,,,,,,,,
N900_RS11425,tRNA-Leu_5,tRNA-Leu_5,ppk,ppk,,,,,VC_0723,63.6
N900_RS11430,secG,secG,,,,,,,VC_0640,100
N900_RS11435,,,,,,,,,VC_A0889,50
N900_RS11440,glmM,glmM,glmM,glmM,,,,,VC_0639,100
N900_RS11445,folP,folP,,,,,,,VC_0638,100
N900_RS11450,ftsH,ftsH,ftsH,ftsH,,,,,VC_0637,99.8
N900_RS11455,rlmE,rlmE,rlmE,rlmE; ftsJ; rrmJ,,,,,VC_0636,100
N900_RS11460,yhbY,yhbY,,,,,,,VC_0635,100
N900_RS11465,greA,greA,greA,greA,,,,,VC_0634,100
N900_RS11470,ompU,ompU,ompU,ompU,,,,,VC_0633,100
N900_RS11475,dacB,dacB,,,,,,,VC_0632,99.8
N900_RS11480,tyrS_1,tyrS_1,tyrS2,tyrS2,Tyrosine--tRNA ligase 2,,,,VC_0631,100
N900_RS11485,mepM_1,mepM_1,shyC,shyC,peptidoglycan DD-metalloendopeptidase family protein,,,,VC_0630,100
N900_RS11490,vexF,vexF,,,,,,,VC_0629,100
N900_RS11495,vexE,vexE,,,,,,,VC_0628,100
N900_RS11500,erpA,erpA,erpA,erpA,,,,,VC_0627,99.1
N900_RS11510,hemL,hemL,hemL,hemL,"glutamate-1-semialdehyde 2,1-aminomutase",,,,VC_0626,100
N900_RS11520,ydiK,ydiK,,,AI-2E family transporter,,,,VC_0624,99.4
N900_RS11525,rsmC,rsmC,rsmC,rsmC,,,,,VC_0623,100
N900_RS11530,chiS,chiS,,,response regulator,,,,VC_0622,100
N900_RS11540,ABC transporter substrate-binding protein_1,ABC transporter substrate-binding protein_1,,,ABC transporter substrate-binding protein,,,,VC_0620,100
N900_RS11545,dppB_1,dppB_1,,,ABC transporter permease,,,,VC_0619,100
N900_RS11550,dppC_1,dppC_1,,,ABC transporter permease,,,,VC_0618,100
N900_RS11555,oppD_2,oppD_2,,,ABC transporter ATP-binding protein,,,,VC_0617,100
N900_RS11560,oppF_2,oppF_2,,,ABC transporter ATP-binding protein,,,,VC_0616,100
N900_RS11565,endoglucanase-related protein,endoglucanase-related protein,,,,,endoglucanase-related protein,,VC_0615,100
N900_RS11570,N-acetylglucosamine kinase,N-acetylglucosamine kinase,gspK,gspK,N-acetylglucosamine kinase,,,,VC_0614,99.7
N900_RS11575,exoI,exoI,,,beta-N-acetylhexosaminidase,,,,VC_0613,100
N900_RS11580,chbP,chbP,,,"N,N'-diacetylchitobiose phosphorylase",,,,VC_0612,100
N900_RS11585,pgm_2,pgm_2,,,phosphoglucomutase/phosphomannomutase family protein,,,,VC_0611,100
N900_RS11590,phnT,phnT,,,ABC transporter ATP-binding protein,,,,VC_0610,100
N900_RS11595,iron ABC transporter permease,iron ABC transporter permease,,,iron ABC transporter permease,,,,VC_0609,100
N900_RS11600,futA1,futA1,,,Fe(3+) ABC transporter substrate-binding protein,,,,VC_0608,100
N900_RS11605,amtB,amtB,astE,astE,ammonium transporter,,,,VC_1242,32.1
N900_RS11610,glnK,glnK,,,,,,,VC_0606,100
N900_RS11615,VC_0605_BLAST,VC_0605_BLAST,,,,UPF0231 protein VC_0605,,,VC_0605,100
N900_RS11620,acnB,acnB,,,,,,,VC_0604,99.9
N900_RS11625,,,,,,,,,VC_0603,99.9
N900_RS11630,mrcB,mrcB,mrcB,mrcB; ponB,,,,,VC_0602,100
N900_RS11635,hrpB,hrpB,,,,,,,VC_0601,99.9
N900_RS11640,alpha/beta fold hydrolase,alpha/beta fold hydrolase,,,alpha/beta fold hydrolase,,,,VC_0600,99.8
N900_RS11645,sfsA,sfsA,sfsA,sfsA,,,,,VC_0597,100
N900_RS11650,dksA,dksA,dksA,dksA,,,,,VC_0596,100
N900_RS11655,gluQ,gluQ,gluQ,gluQ,tRNA glutamyl-Q(34) synthetase GluQRS,,,,VC_0595,100
N900_RS11660,pcnB,pcnB,pcnB,pcnB,,,,,VC_0594,100
N900_RS11665,folK_2,folK_2,,,,,,,VC_0593,100
N900_RS11670,panB,panB,panB,panB,,,,,VC_0592,100
N900_RS11675,panC,panC,panC,panC,,,,,VC_0591,100
N900_RS11680,yadH,yadH,,,ABC transporter permease,,,,VC_0590,100
N900_RS11685,yadG,yadG,,,ABC transporter ATP-binding protein,,,,VC_0589,100
N900_RS11690,bicA,bicA,,,SulP family inorganic anion transporter,,,,VC_0587,99.8
N900_RS11695,can,can,,,carbonate dehydratase,,,,VC_0586,100
N900_RS11700,hpt,hpt,,,hpt,,,,VC_0585,100
N900_RS11705,luxR_2,luxR_2,,,TetR/AcrR family transcriptional regulator,,,,VC_1408,29.3
N900_RS11710,rsmI,rsmI,rsmI,rsmI,,,,,VC_0582,100
N900_RS11715,lpoA,lpoA,lpoA,lpoA,penicillin-binding protein activator,,,,VC_0581,100
N900_RS11720,VC_0580_BLAST,VC_0580_BLAST,,,YraN family protein,UPF0102 protein VC_0580,,,VC_0580,100
N900_RS11725,gmhA/diaA,diaA,gmhA,gmhA,phosphoheptose isomerase,,,,VC_0579,100
N900_RS11730,"hemolysin, putative","hemolysin, putative",,,BON domain-containing protein,,"hemolysin, putative",,VC_0578,100
N900_RS11735,sspB,sspB,,,,,,,VC_0577,100
N900_RS11740,sspA,sspA,,,,,,,VC_0576,100
N900_RS11745,petC,petC,,,cytochrome c1,,,,VC_0575,100
N900_RS11750,petB,petB,,,cytochrome bc complex cytochrome b subunit,,,,VC_0574,100
N900_RS11755,petA,petA,,,,,,,VC_0573,100
N900_RS11760,rpsI,rpsI,rpsI,rpsI,,,,,VC_0571,100
N900_RS11765,rplM,rplM,rplM,rplM,,,,,VC_0570,100
N900_RS11775,zape,zape,zapE,zapE,cell division protein ZapE,,,,VC_0568,100
N900_RS11780,yhcB,yhcB,,,DUF1043 family protein,,,,VC_0567,100
N900_RS11785,degq,degq,,,DegQ family serine endoprotease,,,,VC_0566,100
N900_RS11790,degS,degS,,,,,,,VC_0565,100
N900_RS11795,rplS,rplS,rplS,rplS,50S ribosomal protein L19,,,,VC_0564,100
N900_RS11800,trmD,trmD,trmD,trmD,,,,,VC_0563,100
N900_RS11805,rimM,rimM,rimM,rimM,,,,,VC_0562,100
N900_RS11810,rpsP,rpsP,rpsP,rpsP,,,,,VC_0561,100
N900_RS11815,ffh,ffh,ffh,ffh,signal recognition particle protein,,,,VC_0560,100
N900_RS11820,ypjd,ypjd,,,inner membrane protein YpjD,,,,VC_0559,100
N900_RS11825,yfjD,yfjD,,,HlyC/CorC family transporter,,,,VC_0558,99.8
N900_RS11830,luxS,luxS,luxS,luxS,,,,,VC_0557,100
N900_RS11835,gshA,gshA,gshA,gshA,glutamate--cysteine ligase,,,,VC_0556,99.8
N900_RS11840,"protease, insulinase family/protease, insulinase family","protease, insulinase family/protease, insulinase family",,,insulinase family protein,,"protease, insulinase family/protease, insulinase family",,VC_0554,99.9
N900_RS11845,yqaA,yqaA,,,DedA family protein,,,,VC_0553,100
N900_RS11850,qorA,qorA,,,NADP-dependent oxidoreductase,,,,VC_0552,100
N900_RS11855,gcdB,gcdB,,,sodium ion-translocating decarboxylase subunit beta,,,,VC_0551,100
N900_RS11860,oadA_2,oadA_2,,,,,,,VC_0550,100
N900_RS11865,oadG_2,oadG_2,oadG1,oadG1,oxaloacetate decarboxylase subunit gamma,,,,VC_0549,100
N900_RS11870,,,gsk,gsk,,,,,VC_1129,35.5
N900_RS11875,tRNA-Arg_6,tRNA-Arg_6,dapD,dapD,,,,,VC_2329,40
N900_RS11880,tRNA-Arg_1,tRNA-Arg_1,,,,,,,VC_1554,47.4
N900_RS11885,tRNA-Arg_5,tRNA-Arg_5,,,,,,,VC_A0192,50
N900_RS11890,tRNA-OTHER,tRNA-OTHER,,,,,,,VC_1990,50
N900_RS11895,tRNA-Arg_4,tRNA-Arg_4,dapD,dapD,,,,,VC_2329,40
N900_RS11900,tRNA-Ser_3,tRNA-Ser_3,,,,,,,VC_1977,63.6
N900_RS11905,tRNA-Arg_3,tRNA-Arg_3,,,,,,,VC_0613,57.1
N900_RS11910,tRNA-Ser_1,tRNA-Ser_1,rsmC,rsmC,,,,,VC_0623,38.5
N900_RS11915,csrA,csrA,csrA,csrA,,,,,VC_0548,100
N900_RS11920,aspartate kinase,aspartate kinase,,,aspartate kinase,,,,VC_0547,99.7
N900_RS11925,alaS,alaS,alaS,alaS,,,,,VC_0545,100
N900_RS11930,recX,recX,recX,recX,,,,,VC_0544,100
N900_RS11935,recA,recA,recA,recA,,,,,VC_0543,99.7
N900_RS11940,pncC,pncC,,,,,,,VC_0542,100
N900_RS11945,cysA,cysA,cysA,cysA,sulfate/molybdate ABC transporter ATP-binding protein,,,,VC_0541,100
N900_RS11950,cysW,cysW,,,,,,,VC_0540,100
N900_RS11955,cysT,cysT,,,,,,,VC_0539,100
N900_RS11960,cysP,cysP,,,sulfate ABC transporter substrate-binding protein,,,,VC_0538,100
N900_RS11965,cysM,cysM,,,,,,,VC_0537,99.7
N900_RS11970,mutS,mutS,mutS,mutS,,,,,VC_0535,100
N900_RS11975,rpoS,rpoS,rpoS,rpoS,,,,,VC_0534,100
N900_RS11980,nlpD,nlpD,,,,,,,VC_0533,100
N900_RS11985,pcm,pcm,pcm,pcm,protein-L-isoaspartate(D-aspartate) O-methyltransferase,,,,VC_0532,100
N900_RS11990,SurE,SurE,surE,surE,5'/3'-nucleotidase SurE,,,,VC_0531,100
N900_RS11995,truD,truD,truD,truD,,,,,VC_0530,100
N900_RS12000,ispF,ispF,ispF,ispF,,,,,VC_0529,100
N900_RS12005,ispD,ispD,ispD,ispD,,,,,VC_0528,100
N900_RS12010,ftsB,ftsB,ftsB,ftsB,,,,,VC_0527,99
N900_RS12015,uppP,uppP,uppP,uppP; bacA; upk,undecaprenyl-diphosphate phosphatase,,,,VC_0526,100
N900_RS12020,folK_1,folK_1,,,,,,,VC_0525,100
N900_RS12025,folB,folB,,,,,,,VC_0524,99.2
N900_RS12030,plsY,plsY,plsY,plsY,,,,,VC_0523,100
N900_RS12035,catD,catD,,,alpha/beta fold hydrolase,,,,VC_0522,100
N900_RS12040,tsaD,tsaD,,,,,,,VC_1989,28.6
N900_RS12045,rpsU,rpsU,rpsU,rpsU,,,,,VC_0520,100
N900_RS12050,yqey,yqey,,,GatB/YqeY domain-containing protein,,,,VC_0519,100
N900_RS12055,dnaG,dnaG,gpsA,gpsA,,,,,VC_2651,28.9
N900_RS12060,rpoD,rpoD,rpoD,rpoD,,,,,VC_0517,100
N900_RS12065,tRNA-Met_6,tRNA-Met_6,,,,,,,VC_1697,72.7
N900_RS12070,intA_4,intA_4,,,tyrosine-type recombinase/integrase,,,,VC_0516,100
N900_RS12075,cdgJ_3,cdgJ_3,,,EAL domain-containing protein,,,,VC_0515,100
N900_RS12080,pctB_2,pctB_2,,,methyl-accepting chemotaxis protein,,,,VC_0514,100
N900_RS12085,AraC family transcriptional regulator_2,AraC family transcriptional regulator_2,,,helix-turn-helix transcriptional regulator,,,,VC_0513,99.3
N900_RS12095,insN_BLAST_D2,insN_BLAST_D2,,,IS3-like element ISVch4 family transposase,Transposase InsN for insertion sequence element IS911,,,VC_A0792,100
N900_RS12100,,,,,inovirus Gp2 family protein,,,,VC_0494,100
N900_RS12105,marr_1,marr_1,,,MarR family transcriptional regulator,,,,VC_0493,100
N900_RS12110,,,,,,,,,VC_0492,100
N900_RS12115,,,,,,,,,VC_0491,99.4
N900_RS12120,,,,,DUF3732 domain-containing protein,,,,VC_0490,100
N900_RS12125,GNAT family N-acetyltransferase_1,GNAT family N-acetyltransferase_1,,,GNAT family N-acetyltransferase,,,,VC_0489,100
N900_RS12130,ABC transporter substrate-binding protein_4,ABC transporter substrate-binding protein_4,,,ABC transporter substrate-binding protein,,,,VC_0488,100
N900_RS12135,glmS,glmS,glmS,glmS,,,,,VC_0487,100
N900_RS12140,DeoR/GlpR transcriptional regulator,DeoR/GlpR transcriptional regulator,,,DeoR/GlpR transcriptional regulator,,,,VC_0486,99.6
N900_RS12145,pykF,pykF,,,,,,,VC_0485,100
N900_RS12150,oxidative stress defense protein,oxidative stress defense protein,,,oxidative stress defense protein,,,,VC_0483,100
N900_RS12155,argp,argp,argP,argP; iciA,LysR family transcriptional regulator ArgP,,,,VC_0482,100
N900_RS12160,argO,argO,,,amino acid transporter,,,,VC_0481,100
N900_RS12165,mscS_1,mscS_1,,,,,,,VC_0480,100
N900_RS12170,,,,,,,,,VC_0479,100
N900_RS12175,fbaA,fbaA,,,,,,,VC_0478,100
N900_RS12180,pgk,pgk,pgk,pgk,phosphoglycerate kinase,,,,VC_0477,100
N900_RS12185,epd,epd,epd,epd,erythrose-4-phosphate dehydrogenase,,,,VC_0476,100
N900_RS12190,cirA,cirA,irgA,irgA,ligand-gated channel protein,,,,VC_0475,100
N900_RS12195,irgB,irgB,irgB,irgB,LysR family transcriptional regulator,,,,VC_0474,100
N900_RS12200,Pseudogene_N900_RS12200,Pseudogene_N900_RS12200,,,tkt,,,,,
N900_RS12210,metK,metK,metK,metK,,,,,VC_0472,100
N900_RS12215,sprt,sprt,sprT,sprT,SprT family zinc-dependent metalloprotease,,,,VC_0471,100
N900_RS12220,xds_2,xds_2,dns,dns,xds,,,,VC_0470,100
N900_RS12225,rsmE,rsmE,,,,,,,VC_0469,100
N900_RS12230,gshB,gshB,gshB,gshB,,,,,VC_0468,100
N900_RS12235,VC_0467_BLAST,VC_0467_BLAST,,,YqgE/AlgH family protein,UPF0301 protein VC_0467,,,VC_0467,100
N900_RS12240,ruvX,ruvX,,,,,,,VC_0466,100
N900_RS12245,tyrS,tyrS,tyrS1,tyrS1,,,,,VC_0465,99.8
N900_RS12250,luxR_1,luxR_1,,,helix-turn-helix transcriptional regulator,,,,VC_0464,99.6
N900_RS12255,pilT_1,pilT_1,,,PilT/PilU family type 4a pilus ATPase,,,,VC_0463,100
N900_RS12260,pilT_2,pilT_2,,,type IV pilus twitching motility protein PilT,,,,VC_0462,100
N900_RS12265,yggs,yggs,,,YggS family pyridoxal phosphate-dependent enzyme,,,,VC_0461,100
N900_RS12270,proC,proC,proC,proC,pyrroline-5-carboxylate reductase,,,,VC_0460,100
N900_RS12275,yggt,yggt,,,YggT family protein,,,,VC_0459,100
N900_RS12280,VC_0458_BLAST,VC_0458_BLAST,,,YggU family protein,UPF0235 protein VC_0458,,,VC_0458,100
N900_RS12285,,,,,DUF4426 domain-containing protein,,,,VC_0457,100
N900_RS12290,rdgB,rdgB,,,XTP/dITP diphosphatase,,,,VC_0456,100
N900_RS12295,hemW,hemW,,,,,,,VC_0455,100
N900_RS12300,glsA2,glsA2,glsA,glsA,glutaminase B,,,,VC_0454,100
N900_RS12305,trmB,trmB,trmB,trmB,,,,,VC_0453,100
N900_RS12310,mutY,mutY,,,,,,,VC_0452,99.7
N900_RS12315,yggX,yggX,,,oxidative damage protection protein,,,,VC_0451,100
N900_RS12320,mltC,mltC,,,,,,,VC_0450,100
N900_RS12325,metG_BLAST_D1,metG_BLAST_D1,,,,Methionine--tRNA ligase,,,VC_A0931,50
N900_RS12330,tRNA-Thr_4,tRNA-Thr_4,,,,,,,,
N900_RS12335,tRNA-Phe,tRNA-Phe,,,,,,,VC_A0931,53.8
N900_RS12340,YDR445C_BLAST_D1,YDR445C_BLAST_D1,,,,Putative uncharacterized protein YDR445C,,,VC_1547,30.4
N900_RS12345,mcpP_2,mcpP_2,,,methyl-accepting chemotaxis protein,,,,VC_0449,100
N900_RS12350,metG_BLAST_D2,metG_BLAST_D2,,,,Methionine--tRNA ligase,,,VC_A0931,50
N900_RS12355,tRNA-Thr_3,tRNA-Thr_3,,,,,,,,
N900_RS12360,YDR445C_BLAST_D2,YDR445C_BLAST_D2,,,,Putative uncharacterized protein YDR445C,,,VC_1547,30.4
N900_RS12365,djlA,djlA,djlA,djlA,,,,,VC_0447,100
N900_RS12370,lptD,lptD,lptD,lptD; imp; ostA,,,,,VC_0446,100
N900_RS12375,surA,surA,surA,surA,,,,,VC_0445,100
N900_RS12380,pdxa,pdxa,pdxA,pdxA,4-hydroxythreonine-4-phosphate dehydrogenase PdxA,,,,VC_0444,100
N900_RS12385,rsmA,rsmA,rsmA,rsmA; ksgA,,,,,VC_0443,100
N900_RS12390,apaG,apaG,apaG,apaG,,,,,VC_0442,100
N900_RS12395,apaH,apaH,apaH,apaH,symmetrical bis(5'-nucleosyl)-tetraphosphatase,,,,VC_0441,99.6
N900_RS12400,folA,folA,,,,,,,VC_0440,100
N900_RS12405,yjjB_BLAST,yjjB_BLAST,,,,Probable succinate transporter subunit YjjB,,,VC_0439,99.4
N900_RS12410,Probable succinate transporter subunit YjjP_BLAST,Probable succinate transporter subunit YjjP_BLAST,,,threonine/serine exporter ThrE family protein,,,Probable succinate transporter subunit YjjP,VC_0438,100
N900_RS12415,cgtA,cgtA,cgtA,cgtA; obg,,,,,VC_0437,100
N900_RS12420,rpmA,rpmA,rpmA,rpmA,50S ribosomal protein L27,,,,VC_0436,100
N900_RS12425,rplU,rplU,rplU,rplU,,,,,VC_0435,100
N900_RS12430,ispB,ispB,,,,,,,VC_0434,100
N900_RS12435,Pseudogene_N900_RS12435,Pseudogene_N900_RS12435,,,amino acid permease,,,,,
N900_RS12445,mdh,mdh,mdh,mdh,mdh,,,,VC_0432,100
N900_RS12450,argR,argR,argR,argR,,,,,VC_0431,100
N900_RS12455,C4-dicarboxylate ABC transporter substrate-binding protein_1,C4-dicarboxylate ABC transporter substrate-binding protein_1,,,TAXI family TRAP transporter solute-binding subunit,,,,VC_0430,100
N900_RS12460,dctM_1,dctM_1,,,TRAP transporter permease,,,,VC_0429,100
N900_RS12465,uspF,uspF,,,universal stress protein,,,,VC_0428,100
N900_RS12470,,,,,DUF2061 domain-containing protein,,,,VC_0426,100
N900_RS12475,,,,,,,,,VC_0425,100
N900_RS12480,rraB,rraB,rraB,rraB,,,,,VC_0424,100
N900_RS12485,arcA_1,arcA_1,arcA,arcA,,,,,VC_0423,100
N900_RS12490,tldD,tldD,,,,,,,VC_0422,100
N900_RS12495,nit1,nit1,,,carbon-nitrogen hydrolase family protein,,,,VC_0421,100
N900_RS12500,,,,,TIGR02099 family protein,,,,VC_0420,99.9
N900_RS12505,rng,rng,,,ribonuclease G,,,,VC_0419,100
N900_RS12510,Maf,Maf,,,septum formation inhibitor Maf,,,,VC_0418,99.5
N900_RS12515,mreD,mreD,,,,,,,VC_0417,100
N900_RS12520,mreC,mreC,,,,,,,VC_0416,100
N900_RS12525,mreB,mreB,mreB,mreB,rod shape-determining protein,,,,VC_0415,100
N900_RS12530,mshQ,mshQ,,,,,,,VC_0414,99.9
N900_RS12535,mshP,mshP,,,,,,,VC_0413,99.3
N900_RS12540,mshO,mshO,,,type II secretion system protein,,,,VC_0412,100
N900_RS12545,type II secretion system protein,type II secretion system protein,,,type II secretion system protein,,,,VC_0411,100
N900_RS12550,mshC,mshC,,,type II secretion system protein,,,,VC_0410,100
N900_RS12555,mshA,mshA,,,type II secretion system protein,,,,VC_0409,100
N900_RS12560,MSHA pilin protein MshB,MSHA pilin protein MshB,,,prepilin-type N-terminal cleavage/methylation domain-containing protein,,MSHA pilin protein MshB,,VC_0408,100
N900_RS12565,mshf,mshf,,,MSHA biogenesis protein MshF,,,,VC_0407,100
N900_RS12570,mshG,mshG,,,type II secretion system F family protein,,,,VC_0406,100
N900_RS12575,mshE,mshE,,,GspE/PulE family protein,,,,VC_0405,99.7
N900_RS12580,MSHA biogenesis protein MshN,MSHA biogenesis protein MshN,,,tetratricopeptide repeat protein,,,,VC_0404,99.7
N900_RS12585,mshM,mshM,,,AAA family ATPase,,,,VC_0403,100
N900_RS12590,mshL,mshL,,,,,,,VC_0402,100
N900_RS12595,mshk,mshk,,,MSHA biogenesis protein MshK,,,,VC_0401,99
N900_RS12600,pilO_1,pilO_1,,,,,,,VC_0400,99.5
N900_RS12605,mshi,mshi,,,MSHA biogenesis protein MshI,,,,VC_0399,100
N900_RS12610,csrD,csrD,,,,,,,VC_0398,98.5
N900_RS12615,ssb_1,ssb_1,ssb,ssb,single-stranded DNA-binding protein,,,,VC_0397,100
N900_RS12620,malT_1,malT_1,,,helix-turn-helix transcriptional regulator,,,,VC_0396,100
N900_RS12625,galU,galU,,,,,,,VC_0395,100
N900_RS12630,uvrA,uvrA,uvrA,uvrA,,,,,VC_0394,100
N900_RS12635,ligase,ligase,,,ligase,,,,VC_0393,99.8
N900_RS12640,pucG,pucG,,,alanine--glyoxylate aminotransferase family protein,,,,VC_0392,100
N900_RS12645,lysC,lysC,,,,,,,VC_0391,100
N900_RS12650,metH,metH,metH,metH,,,,,VC_0390,99.9
N900_RS12655,nhaP,nhaP,,,sodium:proton antiporter,,,,VC_0389,100
N900_RS12660,AtMg01060_BLAST_D4,AtMg01060_BLAST_D4,,,,Uncharacterized mitochondrial protein AtMg01060,,,VC_0957,37.5
N900_RS12665,rrf_D5,rrf_D5,metAS,metAS; metA,,,,,VC_1611,58.3
N900_RS12670,rRNA-23S_6,rRNA-23S_6,,,,,,,VC_2603,30.9
N900_RS12675,tRNA-Ala_2,tRNA-Ala_2,,,,,,,VC_1683,42.1
N900_RS12680,tRNA-Ile_2,tRNA-Ile_2,,,,,,,,
N900_RS12685,rRNA-16S_1,rRNA-16S_1,,,,,,,VC_0713,100
N900_RS12690,cysH,cysH,cysH,cysH,phosphoadenylyl-sulfate reductase,,,,VC_0386,100
N900_RS12695,cysI,cysI,cysI,cysI,,,,,VC_0385,100
N900_RS12700,assimilatory sulfite reductase (NADPH) flavoprotein subunit,assimilatory sulfite reductase (NADPH) flavoprotein subunit,cysJ,cysJ,assimilatory sulfite reductase (NADPH) flavoprotein subunit,,,,VC_0384,100
N900_RS12705,,,,,,,,,VC_0383,100
N900_RS12710,,,,,,,,,VC_0382,98.2
N900_RS12715,TIGR04219 family outer membrane beta-barrel protein,TIGR04219 family outer membrane beta-barrel protein,,,TIGR04219 family outer membrane beta-barrel protein,,,,VC_0381,100
N900_RS12720,pspG,pspG,,,,,,,VC_A0709,50
N900_RS12725,dusA,dusA,dusA,dusA,,,,,VC_0379,100
N900_RS12730,zur,zur,fur,fur,zur,,,,VC_0378,99.4
N900_RS12735,chex,chex,,,chemotaxis protein CheX,,,,VC_0377,100
N900_RS12740,MBL fold metallo-hydrolase_2,MBL fold metallo-hydrolase_2,,,MBL fold metallo-hydrolase,,,,VC_0376,100
N900_RS12745,pgi,pgi,pgi,pgi,glucose-6-phosphate isomerase,,,,VC_0374,100
N900_RS12750,yjbQ_BLAST,yjbQ_BLAST,,,YjbQ family protein,UPF0047 protein YjbQ,,,VC_0373,100
N900_RS12755,alr,alr,alr1,alr1,alr,,,,VC_0372,100
N900_RS12760,dnaB,dnaB,,,replicative DNA helicase,,,,VC_0371,100
N900_RS12765,,,,,DUF481 domain-containing protein,,,,VC_0370,100
N900_RS12770,rplI,rplI,rplI,rplI,,,,,VC_0369,100
N900_RS12775,rpsR,rpsR,rpsR,rpsR,,,,,VC_0368,100
N900_RS12780,priB,priB,priB,priB,,,,,VC_0367,100
N900_RS12785,rpsF,rpsF,rpsF,rpsF,,,,,VC_0366,100
N900_RS12790,bfr,bfr,,,bfr,,,,VC_0365,100
N900_RS12795,bfd,bfd,,,bacterioferritin-associated ferredoxin,,,,VC_0364,100
N900_RS12800,tufB_1,tufB_1,tufB,tufB,tuf,,,,VC_0362,99.7
N900_RS12805,fusA,fusA,fusA1,fusA1,,,,,VC_0361,99.9
N900_RS12810,rpsG,rpsG,rpsG,rpsG,,,,,VC_0360,100
N900_RS12815,rpsL,rpsL,rpsL,rpsL,,,,,VC_0359,100
N900_RS12820,dsrH,dsrH,,,,,,,VC_0358,100
N900_RS12825,tusC,tusC,tusC,tusC,,,,,VC_0357,99.2
N900_RS12830,tusD,tusD,tusD,tusD,,,,,VC_0356,99.2
N900_RS12835,dauR,dauR,,,transcriptional regulator,,,,VC_0355,99.6
N900_RS12840,fkpA,fkpA,,,,,,,VC_0354,100
N900_RS12845,,,,,,,,,VC_0353,99.7
N900_RS12850,slyx,slyx,slyX,slyX,SlyX family protein,,,,VC_0352,100
N900_RS12855,,,,,DUF2065 domain-containing protein,,,,VC_0351,98.5
N900_RS12860,hflC,hflC,hflC,hflC,,,,,VC_0350,100
N900_RS12865,hflK,hflK,hflK,hflK,,,,,VC_0349,100
N900_RS12870,hflX,hflX,hflX,hflX,,,,,VC_0348,99.8
N900_RS12875,hfq,hfq,hfq,hfq,hfq,,,,VC_0347,100
N900_RS12880,miaA,miaA,miaA,miaA,,,,,VC_0346,100
N900_RS12885,mutL,mutL,mutL,mutL,,,,,VC_0345,99.8
N900_RS12890,N-acetylmuramoyl-L-alanine amidase,N-acetylmuramoyl-L-alanine amidase,,,LysM peptidoglycan-binding domain-containing protein,,N-acetylmuramoyl-L-alanine amidase,,VC_0344,100
N900_RS12895,tsaE,tsaE,,,,,,,VC_0343,99.4
N900_RS12900,queG,queG,queG,queG,,,,,VC_0342,100
N900_RS12905,tRNA-Met_3,tRNA-Met_3,,,,,,,VC_A0077,46.7
N900_RS12910,tRNA-Met_7,tRNA-Met_7,,,,,,,VC_A0740,50
N900_RS12915,tRNA-Met_1,tRNA-Met_1,,,,,,,,
N900_RS12920,tRNA-Gly_4,tRNA-Gly_4,,,,,,,,
N900_RS12925,tRNA-Met_2,tRNA-Met_2,,,,,,,VC_A0077,46.7
N900_RS12930,tRNA-Gly_3,tRNA-Gly_3,,,,,,,,
N900_RS12935,tRNA-Gly_2,tRNA-Gly_2,,,,,,,,
N900_RS12940,tRNA-Gly_1,tRNA-Gly_1,,,,,,,,
N900_RS12945,orn,orn,orn,orn,oligoribonuclease,,,,VC_0341,100
N900_RS12950,rsgA,rsgA,rsgA,rsgA,,,,,VC_0340,99.7
N900_RS12955,psd,psd,psd,psd,psd,,,,VC_0339,100
N900_RS12960,SLC13 family permease_2,SLC13 family permease_2,,,SLC13 family permease,,,,VC_0338,99.8
N900_RS12965,DMT family transporter_1,DMT family transporter_1,,,DMT family transporter,,,,VC_0337,99.7
N900_RS12970,gpmM,gpmM,gpmI,gpmI,,,,,VC_0336,100
N900_RS12975,envc,envc,,,murein hydrolase activator EnvC,,,,VC_0335,100
N900_RS12980,,,,,,,,,VC_0334,99.7
N900_RS12985,TetR/AcrR family transcriptional regulator_1,TetR/AcrR family transcriptional regulator_1,,,TetR/AcrR family transcriptional regulator,,,,VC_0333,99.6
N900_RS12990,hemE,hemE,hemE,hemE,,,,,VC_0332,99.7
N900_RS12995,nudC,nudC,nudC,nudC,,,,,VC_0331,100
N900_RS13000,rsd,rsd,,,Rsd/AlgQ family anti-sigma factor,,,,VC_0330,100
N900_RS13005,rpoC,rpoC,rpoC,rpoC,,,,,VC_0329,99.9
N900_RS13010,rpoB,rpoB,rpoB,rpoB,,,,,VC_0328,100
N900_RS13015,rplL,rplL,rplL,rplL,,,,,VC_0327,100
N900_RS13020,rplJ,rplJ,rplJ,rplJ,,,,,VC_0326,100
N900_RS13025,rplA,rplA,rplA,rplA,,,,,VC_0325,100
N900_RS13030,rplK,rplK,rplK,rplK,,,,,VC_0324,100
N900_RS13035,nusG,nusG,nusG,nusG,,,,,VC_0323,100
N900_RS13040,secE,secE,secE,secE,,,,,VC_0322,100
N900_RS13045,tufB_2,tufB_2,tufB,tufB,tuf,,,,VC_0362,100
N900_RS13050,tRNA-Thr_2,tRNA-Thr_2,,,,,,,VC_0278,45.8
N900_RS13055,tRNA-Gly_7,tRNA-Gly_7,glnAv,glnAv,,,,,VC_2746,44.4
N900_RS13060,tRNA-Tyr_1,tRNA-Tyr_1,,,,,,,VC_0873,40
N900_RS13065,tRNA-Thr_1,tRNA-Thr_1,,,,,,,,
N900_RS13070,coaA,coaA,coaA,coaA,type I pantothenate kinase,,,,VC_0320,99.7
N900_RS13075,birA,birA,birA,birA,,,,,VC_0319,100
N900_RS13080,murB,murB,murB,murB,,,,,VC_0318,100
N900_RS13085,N-acetyltransferase_3,N-acetyltransferase_3,,,GNAT family N-acetyltransferase,,,,VC_0317,100
N900_RS13095,pssA,pssA,,,,,,,VC_0315,100
N900_RS13100,AtMg01060_BLAST_D5,AtMg01060_BLAST_D5,,,,Uncharacterized mitochondrial protein AtMg01060,,,VC_0957,37.5
N900_RS13105,rrf_D6,rrf_D6,metAS,metAS; metA,,,,,VC_1611,58.3
N900_RS13110,rRNA-23S_2,rRNA-23S_2,,,,,,,VC_2603,30.1
N900_RS13115,tRNA-Ala_1,tRNA-Ala_1,,,,,,,VC_1683,42.1
N900_RS13120,tRNA-Ile_1,tRNA-Ile_1,,,,,,,,
N900_RS13125,rRNA-16S_2,rRNA-16S_2,,,,,,,VC_0713,100
N900_RS13130,fre,fre,,,NAD(P)H-flavin reductase,,,,VC_0312,100
N900_RS13135,paaE,paaE,,,2Fe-2S iron-sulfur cluster binding domain-containing protein,,,,VC_0311,100
N900_RS13140,ubiD,ubiD,ubiD,ubiD,,,,,VC_0309,100
N900_RS13145,,,,,,,,,VC_0308,100
N900_RS13150,rho,rho,rho,rho,rho,,,,VC_0307,100
N900_RS13155,trxA,trxA,,,,,,,VC_0306,100
N900_RS13160,rhlB,rhlB,rhlB,rhlB,,,,,VC_0305,100
N900_RS13165,gppA,gppA,gppA,gppA,,,,,VC_0304,100
N900_RS13170,rcsC_8,rcsC_8,,,hybrid sensor histidine kinase/response regulator,,,,VC_0303,100
N900_RS13175,hcaT,hcaT,,,3-phenylpropionate MFS transporter,,,,VC_0302,100
N900_RS13180,,,,,,,,,VC_0301,98.5
N900_RS13185,,,,,cyclic nucleotide-binding/CBS domain-containing protein,,,,VC_0300,100
N900_RS13190,polC_2,polC_2,,,3'-5' exonuclease,,,,VC_0299,100
N900_RS13195,acs_1,acs_1,acsA,acsA,acs,,,,VC_0298,100
N900_RS13200,aroQ,aroQ,aroQ,aroQ,,,,,VC_0297,100
N900_RS13205,accB,accB,,,acetyl-CoA carboxylase biotin carboxyl carrier protein,,,,VC_0296,100
N900_RS13210,accC,accC,,,,,,,VC_0295,100
N900_RS13215,prmA,prmA,prmA,prmA,,,,,VC_0293,100
N900_RS13220,dusB,dusB,dusB,dusB,,,,,VC_0291,99.7
N900_RS13225,fis,fis,fis,fis,fis,,,,VC_0290,100
N900_RS13230,gntR_2,gntR_2,,,LacI family DNA-binding transcriptional regulator,,,,VC_0289,99.7
N900_RS13235,edd,edd,edd,edd,phosphogluconate dehydratase,,,,VC_0288,100
N900_RS13240,gntK,gntK,,,gluconokinase,,,,VC_0287,100
N900_RS13245,ygbN,ygbN,,,GntP family permease,,,,VC_0286,100
N900_RS13250,eda,eda,,,bifunctional 4-hydroxy-2-oxoglutarate aldolase/2-dehydro-3-deoxy-phosphogluconate aldolase,,,,VC_0285,100
N900_RS13255,cntO,cntO,,,TonB-dependent receptor,,,,VC_0200,25.6
N900_RS13260,TonB-dependent receptor_1,TonB-dependent receptor_1,,,TonB-dependent receptor,,,,VC_0200,26.3
N900_RS13265,peptidase_3,peptidase_3,,,peptidase,,,,VC_0283,100
N900_RS13270,methyl-accepting chemotaxis protein_12,methyl-accepting chemotaxis protein_12,,,methyl-accepting chemotaxis protein,,,,VC_0282,100
N900_RS13275,cada,cada,,,lysine decarboxylase CadA,,,,VC_0281,100
N900_RS13280,cadB,cadB,,,,,,,VC_0280,100
N900_RS13285,cadc,cadc,,,CadC family transcriptional regulator,,,,VC_0278,100
N900_RS13290,zntR,zntR,,,,,,,VC_0277,99.2
N900_RS13295,,,,,,,,,VC_A0047,26.2
N900_RS13300,purH,purH,purH,purH,,,,,VC_0276,100
N900_RS13305,purD,purD,purD,purD,,,,,VC_0275,99.8
N900_RS13310,,,,,DUF1481 domain-containing protein,,,,VC_0274,99.6
N900_RS13315,hupA,hupA,hupA,hupA,,,,,VC_0273,100
N900_RS13325,HlyC/CorC family transporter_1,HlyC/CorC family transporter_1,,,HlyC/CorC family transporter,,,,VC_0271,100
N900_RS13330,fructokinase,fructokinase,,,ROK family protein,,,,VC_0270,99.4
N900_RS13335,manA,manA_1,,,,,,,VC_0269,100
N900_RS13340,VC_0268,yjaG_BLAST,,,DUF416 family protein,Uncharacterized protein YjaG,,,VC_0268,100
N900_RS13345,VC_0267,ghrA,,,D-2-hydroxyacid dehydrogenase,,,,VC_0267,100
N900_RS13350,VC_0266,udg,,,uracil-DNA glycosylase family protein,,,,VC_0266,100
N900_RS13355,VC_0265,ybdG,,,mechanosensitive ion channel family protein,,,,VC_0265,100
N900_RS13360,rjg,MBL fold metallo-hydrolase_1,,,MBL fold metallo-hydrolase,,,,VC_0264,99.8
N900_RS13365,wbeW,epsL,,,sugar transferase,,,,VC_0263,100
N900_RS13370,galE,gnu,,,SDR family oxidoreductase,,,,VC_0262,100
N900_RS13375,wbeV,pglF,,,polysaccharide biosynthesis protein,,,,VC_0260,100
N900_RS13380,wbeU,rfbV,,,glycosyltransferase,,,,VC_0259,100
N900_RS13385,wbeT,FkbM family methyltransferase,,,FkbM family methyltransferase,,,,VC_0258,100
N900_RS13400,wbeO,vioB,,,acetyltransferase,,,,VC_0252,100
N900_RS13405,wbeN,rfbN,,,acyl-CoA reductase,,,,VC_0251,100
N900_RS13410,wbeM,iron-containing alcohol dehydrogenase_2,,,iron-containing alcohol dehydrogenase,,,,VC_0250,100
N900_RS13415,wbeL,rfbL,,,AMP-binding protein,,,,VC_0249,100
N900_RS13420,wbeK,acyl carrier protein,,,acyl carrier protein,,,,VC_0248,100
N900_RS13425,wzt,ABC transporter ATP-binding protein_3,,,ABC transporter ATP-binding protein,,,,VC_0247,99.6
N900_RS13430,wzm,ABC transporter permease_6,,,ABC transporter permease,,,,VC_0246,100
N900_RS13435,wbeG,rfbG,,,glycosyltransferase,,,,VC_0245,99.8
N900_RS13440,wbeE,rfbE,,,DegT/DnrJ/EryC1/StrS family aminotransferase,,,,VC_0244,100
N900_RS13445,gmd,gmd,gmd,gmd; rfbD,gmd,,,,VC_0243,100
N900_RS13450,manB,algC,rfbB,rfbB,phosphomannomutase/phosphoglucomutase,,,,VC_0242,99.8
N900_RS13455,manC,manC1,rfbA,rfbA,mannose-1-phosphate guanylyltransferase/mannose-6-phosphate isomerase,,,,VC_0241,100
N900_RS13460,hldD,rfaD,hldD,hldD; gmhD; rfaD,,,,,VC_0240,100
N900_RS13465,wavL,wahA,,,polysaccharide deacetylase family protein,,,,VC_0239,100
N900_RS13470,wavK,neuO,,,acyltransferase,,,,VC_0238,99.5
N900_RS13475,waaL,,,,O-antigen ligase family protein,,,,VC_0237,100
N900_RS13480,waaF,waaF,,,,,,,VC_0236,99.7
N900_RS13485,wavJ,glycosyltransferase family 9 protein,,,glycosyltransferase family 9 protein,,,,VC_0235,100
N900_RS13490,wavI,glycosyl transferase_2,,,glycosyl transferase,,,,VC_0234,100
N900_RS13495,waaA,3-deoxy-D-manno-octulosonic acid transferase,,,3-deoxy-D-manno-octulosonic acid transferase,,,,VC_0233,100
N900_RS13500,wavH,,,,HAD hydrolase family protein,,,,VC_0232,100
N900_RS13505,wavG,,,,,,,,VC_0231,100
N900_RS13510,wavF,,,,,,,,VC_0230,100
N900_RS13515,wavE,wavE_2,,,,,,,VC_0229,100
N900_RS13520,wavD,wavE_1,,,,,,,VC_0228,100
N900_RS13525,wavC,3-deoxy-D-manno-octulosonic acid kinase,kdkA,kdkA,3-deoxy-D-manno-octulosonic acid kinase,,,,VC_0227,100
N900_RS13530,waaC,rfaQ,,,glycosyltransferase family 9 protein,,,,VC_0225,99.7
N900_RS13535,wavB,sunS,,,glycosyltransferase family 2 protein,,,,VC_0224,99.6
N900_RS13540,wavA,rfaF_2,,,glycosyltransferase family 9 protein,,,,VC_0223,100
N900_RS13545,coaD,coaD,coaD,coaD,,,,,VC_0222,99.4
N900_RS13550,mutM,mutM,mutM,mutM; fpg,,,,,VC_0221,100
N900_RS13555,,,,,,,,,VC_0220,99.4
N900_RS13560,rpmG,rpmG,rpmG,rpmG,,,,,VC_0219,100
N900_RS13565,rpmB,rpmB,rpmB,rpmB,,,,,VC_0218,100
N900_RS13570,VC0395_A2597_BLAST,VC0395_A2597_BLAST,,,JAB domain-containing protein,UPF0758 protein VC0395_A2597/VC395_0249,,,VC_0217,100
N900_RS13575,methyl-accepting chemotaxis protein_10,methyl-accepting chemotaxis protein_10,,,methyl-accepting chemotaxis protein,,,,VC_0216,100
N900_RS13580,coaBC,coaBC,coaBC,coaBC,coaBC,,,,VC_0215,100
N900_RS13585,slmA,slmA,slmA,slmA,,,,,VC_0214,100
N900_RS13590,lpxL,lpxl,lpxL,lpxL,LpxL/LpxP family Kdo(2)-lipid IV(A) lauroyl/palmitoleoyl acyltransferasee,,,,VC_0213,99.7
N900_RS13595,lpxN,lpxN,lpxM,lpxM,,,,,VC_0212,99.7
N900_RS13600,pyrE,pyrE,pyrE,pyrE,,,,,VC_0211,100
N900_RS13605,rph,rph,rph,rph,ribonuclease PH,,,,VC_0210,100
N900_RS13610,yicc,yicc,,,YicC family protein,,,,VC_0209,100
N900_RS13615,VC0395_A2587_BLAST,VC0395_A2587_BLAST,,,TIGR00645 family protein,UPF0114 protein VC0395_A2587/VC395_0240,,,VC_0208,100
N900_RS13620,murP,murP,murP,murP,,,,,VC_0207,100
N900_RS13625,murQ_2,murQ_2,murQ1,murQ1,,,,,VC_0206,99.7
N900_RS13630,,,,,,,,,VC_0205,100
N900_RS13635,murr,murr,,,MurR/RpiR family transcriptional regulator,,,,VC_0204,100
N900_RS13640,fhuB,fhuB,,,,,,,VC_0203,100
N900_RS13645,fhuD,fhuD,,,iron-siderophore ABC transporter substrate-binding protein,,,,VC_0202,100
N900_RS13650,fhuC,fhuC,,,ABC transporter ATP-binding protein,,,,VC_0201,100
N900_RS13655,TonB-dependent siderophore receptor,TonB-dependent siderophore receptor,,,TonB-dependent siderophore receptor,,,,VC_0200,99.9
N900_RS13660,ABC transporter ATP-binding protein_1,ABC transporter ATP-binding protein_1,,,ABC transporter ATP-binding protein,,,,VC_0199,99.8
N900_RS13665,,,,,,,,,VC_0198,100
N900_RS13670,gene 3 protein-related protein,gene 3 protein-related protein,,,DUF3630 family protein,,gene 3 protein-related protein,,VC_0197,100
N900_RS13675,recQ,recQ,,,,,,,VC_0196,100
N900_RS13680,rarD,rarD,,,,,,,VC_0195,99.7
N900_RS13685,ggt,ggt,,,ggt,,,,VC_0194,100
N900_RS13690,rhaS_2,rhaS_2,,,AraC family transcriptional regulator,,,,VC_0192,99.6
N900_RS13695,rhtC,rhtC,,,LysE family translocator,,,,VC_0191,100
N900_RS13700,uvrD,uvrD,,,,,,,VC_0190,100
N900_RS13705,prlC,prlC,,,,,,,VC_0188,100
N900_RS13710,rlmj,rlmj,rlmJ,rlmJ,23S rRNA (adenine(2030)-N(6))-methyltransferase RlmJ,,,,VC_0187,99.6
N900_RS13715,gorA,gorA,,,,,,,VC_0186,100
N900_RS13720,site-specific integrase,site-specific integrase,,,site-specific integrase,,,,VC_0185,99.8
N900_RS13725,,,,,,,,,VC_0184,100
N900_RS13730,,,,,,,,,VC_0183,100
N900_RS13735,kfrA_1,kfrA_1,,,,,,,VC_0182,100
N900_RS13740,cap3_BLAST,cap3_BLAST,cap3,cap3,peptidase,CD-NTase/cGAS isopeptidase,,,VC_0181,99.4
N900_RS13745,cap2_BLAST,cap2_BLAST,cap2,cap2,,ATP-dependent ubiquitin transferase-like protein Cap2,,,VC_0180,99.7
N900_RS13750,dncV,dncV,dncV,dncV,,,,,VC_0179,99.8
N900_RS13755,capV,capV,capV,capV,patatin,,,,VC_0178,100
N900_RS13760,,,,,,,,,VC_1673,29.7
N900_RS13765,vspR,vspR,vspR,vspR,,,,,VC_0177,100
N900_RS13770,XRE family transcriptional regulator_8,XRE family transcriptional regulator_8,,,helix-turn-helix transcriptional regulator,,,,VC_0176,99
N900_RS13775,,,,,,,,,VC_A1042,50
N900_RS13780,tadA_2,tadA_2,,,deoxycytidylate deaminase,,,,VC_0175,99.8
N900_RS13785,sporulation protein,sporulation protein,,,sporulation protein,,,,VC_0174,100
N900_RS13790,dppC_2,dppC_2,,,ABC transporter permease,,,,VC_0173,100
N900_RS13795,dppB_2,dppB_2,,,ABC transporter permease,,,,VC_0172,99.7
N900_RS13800,dppA,dppA,,,ABC transporter substrate-binding protein,,,,VC_0171,100
N900_RS13805,nikE,nikE,,,ABC transporter ATP-binding protein,,,,VC_0170,100
N900_RS13810,,,,,,,,,VC_0169,98.2
N900_RS13815,,,,,,,,,VC_0231,52
N900_RS13820,tRNA-Pro_2,tRNA-Pro_2,,,,,,,VC_1653,47.4
N900_RS13825,tRNA-His_2,tRNA-His_2,,,,,,,VC_1437,45.5
N900_RS13830,tRNA-Pro_1,tRNA-Pro_1,,,,,,,VC_1653,47.4
N900_RS13835,tRNA-His_1,tRNA-His_1,,,,,,,VC_1437,45.5
N900_RS13840,tRNA-Arg_2,tRNA-Arg_2,tig,tig,,,,,VC_1923,42.3
N900_RS13845,cytochrome c5,cytochrome c5,,,cytochrome c5 family protein,,cytochrome c5,,VC_0168,100
N900_RS13850,rep,rep,rep,rep,rep,,,,VC_0167,100
N900_RS13855,TetR/AcrR family transcriptional regulator_3,TetR/AcrR family transcriptional regulator_3,,,TetR/AcrR family transcriptional regulator,,,,VC_0166,99.5
N900_RS13860,vexA,vexA,,,,,,,VC_0165,99.7
N900_RS13865,vexB,vexB,,,,,,,VC_0164,100
N900_RS13870,ubik,ubik,ubiK,ubiK,accessory factor UbiK family protein,,,,VC_0163,100
N900_RS13875,ilvC,ilvC,ilvC,ilvC,,,,,VC_0162,100
N900_RS13880,ilvY,ilvY,,,,,,,VC_0161,99.7
N900_RS13885,tRNA-Ser_2,tRNA-Ser_2,,,,,,,VC_0676,46.7
N900_RS13890,rrf_8,rrf_8,,,,,,,VC_A0228,43.8
N900_RS13895,rRNA-23S_7,rRNA-23S_7,,,,,,,VC_2603,30.1
N900_RS13900,tRNA-Val_3,tRNA-Val_3,,,,,,,VC_2153,53.3
N900_RS13905,tRNA-Lys,tRNA-Lys,,,,,,,,
N900_RS13910,Atg2a_BLAST_D3,Atg2a_BLAST_D3,trpD,trpD,,Autophagy-related protein 2 homolog A,,,VC_1172,50
N900_RS13915,rRNA-16S_3,rRNA-16S_3,,,,,,,VC_0713,100
N900_RS13920,,,,,,,,,VC_2753,97.8
N900_RS13925,hemG,hemG,hemG,hemG,,,,,VC_2755,99.4
N900_RS13930,trkh,trkh,,,potassium uptake protein TrkH,,,,VC_2756,100
N900_RS13935,yigz,yigz,,,YigZ family protein,,,,VC_2757,100
N900_RS13940,fadB,fadB,fadB,fadB,,,,,VC_2758,100
N900_RS13945,fadA,fadA,fadA,fadA,,,,,VC_2759,100
N900_RS13950,lysr_4,lysr_4,,,LysR family transcriptional regulator,,,,VC_2760,99.7
N900_RS13955,ydhC_1,ydhC_1,,,Bcr/CflA family multidrug efflux MFS transporter,,,,VC_2761,100
N900_RS13960,glmU,glmU,glmU,glmU,,,,,VC_2762,100
N900_RS13965,atpC,atpC,atpC,atpC,,,,,VC_2763,100
N900_RS13970,atpD,atpD,atpD,atpD,,,,,VC_2764,100
N900_RS13975,atpG,atpG,atpG,atpG,,,,,VC_2765,100
N900_RS13980,atpA,atpA,atpA,atpA,,,,,VC_2766,100
N900_RS13985,atpH,atpH,atpH,atpH,,,,,VC_2767,100
N900_RS13990,atpF,atpF,atpF,atpF,,,,,VC_2768,99.4
N900_RS13995,atpE,atpE,atpE,atpE,,,,,VC_2769,100
N900_RS14000,atpB,atpB,atpB,atpB,,,,,VC_2770,100
N900_RS14005,F0F1 ATP synthase subunit I,F0F1 ATP synthase subunit I,atpI,atpI,F0F1 ATP synthase subunit I,,,,VC_2771,100
N900_RS14010,parb,parb,parB,parB,ParB/RepB/Spo0J family partition protein,,,,VC_2772,100
N900_RS14015,soj_2,soj_2,,,ParA family protein,,,,VC_2773,99.6
N900_RS14020,rsmG,rsmG,rsmG,rsmG,,,,,VC_2774,100
N900_RS14025,mnmG,mnmG,mnmG,mnmG; gidA,,,,,VC_2775,100
N900_RS14030,rnpB,rnpB,,,,,,,VC_A0832,42.3
N900_RS14035,rctB,rctB,,,DUF3346 domain-containing protein,,,,VC_A0002,100
N900_RS14040,,,,,,,,,VC_A0003,99.5
N900_RS14045,,,,,,,,,VC_A0004,100
N900_RS14050,,,,,DUF3283 family protein,,,,VC_A0005,98.9
N900_RS14055,yeeN,yeeN,,,YebC/PmpR family DNA-binding transcriptional regulator,,,,VC_A0006,100
N900_RS14060,garR,garR,,,NAD(P)-dependent oxidoreductase,,,,VC_A0007,100
N900_RS14065,pctC_2,pctC_2,,,methyl-accepting chemotaxis protein,,,,VC_A0008,100
N900_RS14070,,,,,,,,,VC_A0009,98.4
N900_RS14075,yibl,yibl,,,YibL family ribosome-associated protein,,,,VC_A0010,100
N900_RS14080,malT,malT,malT,malT,,,,,VC_A0011,99.9
N900_RS14085,glgP,glgP,,,,,,,VC_A0013,100
N900_RS14090,malQ,malQ,,,,,,,VC_A0014,100
N900_RS14095,glgB,glgB,glgB,glgB; /,,,,,VC_A0016,99.7
N900_RS14100,hcp-2_D2,hcp-2_D2,,,Hcp family type VI secretion system effector,,,,VC_A0017,100
N900_RS14105,tssI_3,tssI_3,vgrG2,vgrG2,type VI secretion system tip protein VgrG,,,,VC_A0018,100
N900_RS14110,vasW,vasW,vasW,vasW,DUF4123 domain-containing protein,,,,VC_A0019,100
N900_RS14115,vasX,vasX,vasX,vasX,,,,,VC_A0020,100
N900_RS14120,tsiV2,tsiV2,tsiV2,tsiV2,,,,,VC_A0021,100
N900_RS14125,yecN,yecN,,,glutathione S-transferase,,,,VC_A0022,100
N900_RS14130,acyltransferase_2,acyltransferase_2,,,acyltransferase,,,,VC_A0023,99.7
N900_RS14135,AEC family transporter_2,AEC family transporter_2,,,AEC family transporter,,,,VC_A0024,100
N900_RS14140,nadC_2,nadC_2,,,DASS family sodium-coupled anion symporter,,,,VC_A0025,99.8
N900_RS14145,VC_A0026_BLAST,VC_A0026_BLAST,,,DUF2057 domain-containing protein,UPF0319 protein VC_A0026,,,VC_A0026,100
N900_RS14150,chiA,chiA,,,chitinase,,,,VC_A0027,100
N900_RS14155,,,,,,,,,VC_A0028,100
N900_RS14160,allR,allR,,,IclR family transcriptional regulator,,,,VC_A0029,100
N900_RS14165,arginase,arginase,,,arginase,,,,VC_A0030,99.6
N900_RS14170,methyl-accepting chemotaxis protein_28,methyl-accepting chemotaxis protein_28,,,methyl-accepting chemotaxis protein,,,,VC_A0031,100
N900_RS14175,,,,,,,,,VC_A0032,100
N900_RS14180,PhoX family phosphatase,PhoX family phosphatase,,,PhoX family phosphatase,,,,VC_A0033,100
N900_RS14185,,,,,HDOD domain-containing protein,,,,VC_A0034,99.3
N900_RS14190,"phosphatidylglycerophosphatase B, putative","phosphatidylglycerophosphatase B, putative",,,phosphatase PAP2 family protein,,"phosphatidylglycerophosphatase B, putative",,VC_A0035,100
N900_RS14195,sstT,sstT,sstT,sstT,,,,,VC_A0036,100
N900_RS14200,copper chaperone PCu(A)C,copper chaperone PCu(A)C,,,copper chaperone PCu(A)C,,,,VC_A0037,100
N900_RS14205,Sco1-related protein,Sco1-related protein,,,SCO family protein,,Sco1-related protein,,VC_A0038,100
N900_RS14210,,,,,,,,,VC_A0039,99.3
N900_RS14215,VC_A0040_BLAST,VC_A0040_BLAST,,,DUF368 domain-containing protein,Polyprenyl-phosphate transporter,,,VC_A0040,99.7
N900_RS14220,gltS,gltS,gltS,gltS,,,,,VC_A0041,100
N900_RS14225,VC_A0042_BLAST,VC_A0042_BLAST,,,flagellar brake protein,Cyclic di-GMP binding protein VCA0042,,,VC_A0042,100
N900_RS14230,N-acetyltransferase_7,N-acetyltransferase_7,,,N-acetyltransferase,,,,VC_A0043,100
N900_RS14235,tolB_2,tolB_2,,,protease,,,,VC_A0044,99.7
N900_RS14240,yiaV,yiaV,,,HlyD family secretion protein,,,,VC_A0047,100
N900_RS14245,yiaW,yiaW,,,DUF3302 domain-containing protein,,,,VC_A0048,100
N900_RS14250,,,,,GGDEF domain-containing protein,,,,VC_A0049,99.7
N900_RS14255,,,,,,,,,VC_A0051,100
N900_RS14260,,,,,,,,,VC_A0052,100
N900_RS14265,deoD_2,deoD_2,deoD2,deoD2,,,,,VC_A0053,100
N900_RS14270,,,,,,,,,VC_A0054,98.3
N900_RS14275,,,,,DUF523 and DUF1722 domain-containing protein,,,,VC_A0055,99.4
N900_RS14280,merr,merr,,,MerR family transcriptional regulator,,,,VC_A0056,100
N900_RS14285,phrB_2,phrB_2,phrA,phrA; VcPhr,,,,,VC_A0057,100
N900_RS14290,ycfS,ycfS,,,"L,D-transpeptidase family protein",,,,VC_A0058,100
N900_RS14295,lpp,lpp,lpp,lpp,membrane protein,,,,VC_A0059,100
N900_RS14305,ATP-dependent helicase_1,ATP-dependent helicase_1,,,DEAD/DEAH box helicase,,,,VC_A0061,100
N900_RS14310,ptrB,ptrB,,,S9 family peptidase,,,,VC_A0063,100
N900_RS14315,tonb,tonb,,,TonB-dependent hemoglobin/transferrin/lactoferrin family receptor,,,,VC_A0064,100
N900_RS14320,,,,,,,,,VC_A0065,100
N900_RS14325,,,,,DUF1566 domain-containing protein,,,,VC_A0066,100
N900_RS14330,hutR,hutR,,,DUF1566 domain-containing protein,,,,VC_A0067,100
N900_RS14335,methyl-accepting chemotaxis protein_26,methyl-accepting chemotaxis protein_26,,,methyl-accepting chemotaxis protein,,,,VC_A0068,100
N900_RS14340,pstS1_1,pstS1_1,,,phosphate ABC transporter substrate-binding protein,,,,VC_A0070,100
N900_RS14345,pstC,pstC,,,,,,,VC_A0071,100
N900_RS14350,pstA_2,pstA_2,,,,,,,VC_A0072,100
N900_RS14355,phosphate ABC transporter ATP-binding protein,phosphate ABC transporter ATP-binding protein,pstB2,pstB2,phosphate ABC transporter ATP-binding protein,,,,VC_A0073,100
N900_RS14360,,,,,GGDEF domain-containing protein,,,,VC_A0074,100
N900_RS14365,molybdopterin-dependent oxidoreductase,molybdopterin-dependent oxidoreductase,,,molybdopterin-dependent oxidoreductase,,,,VC_A0075,100
N900_RS14370,,,,,YjiH family protein,,,,VC_A0076,99.8
N900_RS14375,dauA,dauA,,,STAS domain-containing protein,,,,VC_A0077,100
N900_RS14380,"1,4-alpha-glucan-branching protein","1,4-alpha-glucan-branching protein",,,"1,4-alpha-glucan-branching protein",,,,VC_A0078,99.1
N900_RS14385,shyA_BLAST,shyA_BLAST,shyA,shyA,peptidoglycan DD-metalloendopeptidase family protein,Peptidoglycan DD-endopeptidase ShyA,,,VC_A0079,99.8
N900_RS14390,,,,,GGDEF domain-containing protein,,,Cyclic di-GMP phosphodiesterase NbdA,VC_A0080,100
N900_RS14395,pgrR,pgrR,,,LysR family transcriptional regulator,,,,VC_A0082,100
N900_RS14400,mdtL_2,mdtL_2,,,multidrug effflux MFS transporter,,,,VC_A0083,100
N900_RS14405,soxR,soxR,,,,,,,VC_A0084,100
N900_RS14410,MFS transporter_3,MFS transporter_3,,,MFS transporter,,,,VC_A0085,100
N900_RS14415,,,,,,,,,VC_A0086,100
N900_RS14420,,,,,,,,,VC_A0087,100
N900_RS14425,gltP_2,gltP_2,,,dicarboxylate/amino acid:cation symporter,,,,VC_A0088,98.6
N900_RS14430,eamA_9,eamA_9,,,DMT family transporter,,,,VC_A0090,100
N900_RS14435,VC_A0091_BLAST,VC_A0091_BLAST,,,DUF134 domain-containing protein,UPF0251 protein VC_A0091,,,VC_A0091,99
N900_RS14440,triacylglycerol lipase,triacylglycerol lipase,,,triacylglycerol lipase,,,,VC_A0092,100
N900_RS14455,,,,,,,,,VC_A0095,99.6
N900_RS14460,,,,,,,,Peptidyl-Asp metalloendopeptidase,VC_A0096,100
N900_RS14465,NUDIX hydrolase_1,NUDIX hydrolase_1,,,NUDIX hydrolase,,,,VC_A0097,100
N900_RS14470,pncB,pncB,pncB,pncB,,,,,VC_A0098,100
N900_RS14475,ydgJ,ydgJ,,,oxidoreductase,,,,VC_A0099,100
N900_RS14480,phage shock protein E,phage shock protein E,,,rhodanese-like domain-containing protein,,phage shock protein E,,VC_A0100,100
N900_RS14485,,,,,EAL domain-containing protein,,,Probable cyclic di-GMP phosphodiesterase PdeN,VC_A0101,100
N900_RS14490,HAD family phosphatase,HAD family phosphatase,,,HAD family phosphatase,,,,VC_A0102,99.5
N900_RS14495,SulP family inorganic anion transporter_2,SulP family inorganic anion transporter_2,,,SulP family inorganic anion transporter,,,,VC_A0103,99.8
N900_RS14500,RluA family pseudouridine synthase,RluA family pseudouridine synthase,,,RluA family pseudouridine synthase,,,,VC_A0104,100
N900_RS14505,type VI secretion system PAAR protein_2,type VI secretion system PAAR protein_2,,,type VI secretion system PAAR protein,,,,VC_A0105,100
N900_RS14510,,,,,sel1 repeat family protein,,,,VC_A0106,100
N900_RS14515,tssB,tssB,,,,,,,VC_A0107,100
N900_RS14520,tssC,tssC,,,,,,,VC_A0108,100
N900_RS14525,tssE,tssE,,,,,,,VC_A0109,100
N900_RS14530,tssF,tssF,,,,,,,VC_A0110,100
N900_RS14535,tssG,tssG,,,,,,,VC_A0111,100
N900_RS14540,tagH,tagH,,,,,,,VC_A0112,100
N900_RS14545,tssJ,tssJ,,,,,,,VC_A0113,99.4
N900_RS14550,tssK,tssK,,,,,,,VC_A0114,100
N900_RS14555,vasF,vasF,,,DotU family type IV/VI secretion system protein,,,,VC_A0115,100
N900_RS14560,tssH,tssH,,,,,,,VC_A0116,99.9
N900_RS14565,vasH,vasH,vasH,vasH,AAA domain-containing protein,,,,VC_A0117,100
N900_RS14570,tagO,tagO,,,,,,,VC_A0118,99.6
N900_RS14575,tssA,tssA,,,,,,,VC_A0119,100
N900_RS14580,tssM,tssM,,,,,,,VC_A0120,100
N900_RS14585,vasL,vasL,,,type VI secretion protein,,,,VC_A0121,99.8
N900_RS14590,,,,,,,,,VC_A0122,98.8
N900_RS14595,tssI_2,tssI_2,vgrG3,vgrG3,,,,,VC_A0123,100
N900_RS14600,tsiV3,tsiV3,tsiV3,tsiV3,,,,,VC_A0124,100
N900_RS14605,,,,,DUF3012 domain-containing protein,,,,VC_A0125,100
N900_RS14615,rbsD,rbsD,rbsD,rbsD,,,,,VC_A0127,100
N900_RS14620,rbsA,rbsA,rbsA,rbsA,,,,,VC_A0128,100
N900_RS14625,rbsC,rbsC,,,,,,,VC_A0129,99.4
N900_RS14630,rbsB,rbsB,,,,,,,VC_A0130,100
N900_RS14635,rbsK,rbsK,rbsK,rbsK,,,,,VC_A0131,100
N900_RS14640,laci_2,laci_2,,,LacI family DNA-binding transcriptional regulator,,,,VC_A0132,100
N900_RS14645,pnuC,pnuC,opgG,opgG,nicotinamide mononucleotide transporter,,,,VC_1288,26.3
N900_RS14650,Nicotinamide riboside transporter PnuC_BLAST,Nicotinamide riboside transporter PnuC_BLAST,,,,,,Nicotinamide riboside transporter PnuC,VC_0516,31.4
N900_RS14655,udp_2,udp_2,,,nucleoside phosphorylase,,,,VC_A0134,100
N900_RS14660,Crp/Fnr family transcriptional regulator_2,Crp/Fnr family transcriptional regulator_2,,,Crp/Fnr family transcriptional regulator,,,,VC_A0135,100
N900_RS14665,glpQ,glpQ,,,,,,,VC_A0136,100
N900_RS14670,glpT,glpT,,,,,,,VC_A0137,99.8
N900_RS14675,,,,,DUF3316 domain-containing protein,,,,VC_A0139,100
N900_RS14680,spindolin,spindolin,,,spindolin,,,,VC_A0140,100
N900_RS14685,sensor histidine kinase_4,sensor histidine kinase_4,,,sensor histidine kinase,,,,VC_A0141,99.9
N900_RS14690,dctD_2,dctD_2,,,sigma-54-dependent Fis family transcriptional regulator,,,,VC_A0142,99.8
N900_RS14695,,,,,,,,,VC_A0143,97.2
N900_RS14700,C4-dicarboxylate ABC transporter substrate-binding protein_2,C4-dicarboxylate ABC transporter substrate-binding protein_2,,,TAXI family TRAP transporter solute-binding subunit,,,,VC_A0144,100
N900_RS14705,dctM_2,dctM_2,,,TRAP transporter permease,,,,VC_A0146,99.9
N900_RS14710,lhgO,lhgO,,,,,,,VC_A0147,100
N900_RS14715,peptidase M66,peptidase M66,,,peptidase M66,,,,VC_A0148,100
N900_RS14720,def2,def2,def2,def2,peptide deformylase,,,,VC_A0150,100
N900_RS14725,oxidoreductase,oxidoreductase,,,oxidoreductase,,,,VC_A0151,99.8
N900_RS14730,mrpG,mrpG,,,Na+/H+ antiporter subunit G,,,,VC_A0152,100
N900_RS14735,cation:proton antiporter,cation:proton antiporter,,,cation:proton antiporter,,,,VC_A0153,100
N900_RS14740,mrpE,mrpE,,,sodium:proton antiporter,,,,VC_A0154,100
N900_RS14745,mnhD,mnhD,,,NADH dehydrogenase,,,,VC_A0155,100
N900_RS14750,mrpC,mrpC,,,Na+/H+ antiporter subunit C,,,,VC_A0156,100
N900_RS14755,mrpA,mrpA,,,DUF4040 domain-containing protein,,,,VC_A0157,99.9
N900_RS14760,,,,,,,,,VC_A0158,98.5
N900_RS14765,uspA_2,uspA_2,,,universal stress protein,,,,VC_A0159,100
N900_RS14770,tryptophan-specific transporter,tryptophan-specific transporter,,,tryptophan-specific transporter,,,,VC_A0160,99.8
N900_RS14775,tnaA,tnaA,tnaA,tnaA,,,,,VC_A0161,100
N900_RS14785,ypeB_BLAST,ypeB_BLAST,,,DUF3820 family protein,Uncharacterized protein YpeB,,,VC_A0163,100
N900_RS14790,transpeptidase,transpeptidase,,,"L,D-transpeptidase family protein",,,,VC_A0164,100
N900_RS14795,,,,,GGDEF domain-containing protein,,,,VC_A0165,100
N900_RS14800,cspV_1,cspV_1,cspA,cspA,cold-shock protein,,,,VC_A0166,100
N900_RS14805,,,,,SIMPL domain-containing protein,,,,VC_A0167,100
N900_RS14810,batD,batD,,,,,,,VC_A0169,99.5
N900_RS14815,,,,,VWA domain-containing protein,,,,VC_A0171,97.2
N900_RS14820,,,,,VWA domain-containing protein,,,,VC_A0172,99.7
N900_RS14825,,,,,DUF4381 domain-containing protein,,,,VC_A0173,100
N900_RS14830,,,,,DUF58 domain-containing protein,,,,VC_A0174,100
N900_RS14835,MoxR family ATPase,MoxR family ATPase,,,MoxR family ATPase,,,,VC_A0175,100
N900_RS14840,methyl-accepting chemotaxis protein_20,methyl-accepting chemotaxis protein_20,,,methyl-accepting chemotaxis protein,,,,VC_A0176,100
N900_RS14845,chromosome segregation ATPase_2,chromosome segregation ATPase_2,,,chromosome segregation ATPase,,,,VC_A0177,98.5
N900_RS14850,frnE protein,frnE protein,,,DsbA family protein,,frnE protein,,VC_A0178,100
N900_RS14855,psuT,psuT,,,NupC/NupG family nucleoside CNT transporter,,,,VC_A0179,100
N900_RS14860,pepT,pepT,pepT,pepT,,,,,VC_A0180,100
N900_RS14865,mscS_2,mscS_2,,,mechanosensitive ion channel family protein,,,,VC_A0181,100
N900_RS14870,norR,norR,,,,,,,VC_A0182,100
N900_RS14875,hmpA,hmpA,hmp,hmp,,,,,VC_A0183,100
N900_RS14880,cspV_2,cspV_2,,,cold-shock protein,,,,VC_A0184,100
N900_RS14885,arfA,arfA,,,alternative ribosome-rescue factor A,,,,VC_A0185,100
N900_RS14890,,,,,,,,,VC_A0186,100
N900_RS14895,,,,,,,,,VC_A0188,100
N900_RS14900,rcsC_9,rcsC_9,,,response regulator,,,,VC_A0189,100
N900_RS14905,,,,,PAS domain-containing protein,,,,VC_A0190,100
N900_RS14910,NAD(P)H-hydrate dehydratase,NAD(P)H-hydrate dehydratase,nnr,nnr,NAD(P)H-hydrate dehydratase,,,,VC_A0191,99.8
N900_RS14915,ldhA,ldhA,,,2-hydroxyacid dehydrogenase,,,,VC_A0192,100
N900_RS14920,"Na+/H+ antiporter, putative","Na+/H+ antiporter, putative",,,Na+/H+ antiporter NhaC family protein,,"Na+/H+ antiporter, putative",,VC_A0193,100
N900_RS14925,potassium channel protein,potassium channel protein,,,potassium channel family protein,,,,VC_A0194,100
N900_RS14930,,,,,porin family protein,,,,VC_A0195,100
N900_RS14935,,,,,,,,,VC_A0196,99.2
N900_RS14940,guaC,guaC,guaC,guaC,GMP reductase,,,,VC_A0197,100
N900_RS14945,DNA cytosine methyltransferase,DNA cytosine methyltransferase,,,DNA cytosine methyltransferase,,,,VC_A0198,99.7
N900_RS14950,,,,,DUF262 domain-containing protein,,,,VC_A0199,100
N900_RS14955,,,,,DUF3696 domain-containing protein,,,,VC_A0200,100
N900_RS14960,,,,,,,,,VC_A0201,100
N900_RS14965,tnp_D2,tnp_D2,,,IS200/IS605-like element IS1004 family transposase,,,,VC_A0275,100
N900_RS14970,rhlE_2,rhlE_2,rhlE,rhlE,DEAD/DEAH box helicase,,,,VC_A0204,100
N900_RS14975,dcuB,dcuB,,,anaerobic C4-dicarboxylate transporter,,,,VC_A0205,100
N900_RS14980,nadE,nadE,nadE,nadE,,,,,VC_A0207,100
N900_RS14985,nadD,nadD,,,nicotinate-nicotinamide nucleotide adenylyltransferase,,,,VC_A0208,100
N900_RS14990,,,,,,,,,VC_A0209,98.3
N900_RS14995,VC_A0210_BLAST,VC_A0210_BLAST,,,DUF3369 domain-containing protein,3'3'-cGAMP-specific phosphodiesterase 2,,,VC_A0210,99.8
N900_RS15000,rcsC_10,rcsC_10,,,,,,,VC_A0211,100
N900_RS15005,,,,,,,,,VC_A0212,100
N900_RS15010,,,,,Na+/H+ antiporter NhaC family protein,,,,VC_A0213,99.8
N900_RS15015,emrD,emrD,,,,,,,VC_A0214,100
N900_RS15025,,,,,,,,,VC_A0216,100
N900_RS15030,,,,,GGDEF domain-containing protein,,,,VC_A0217,100
N900_RS15035,thermolabile hemolysin,thermolabile hemolysin,,,thermolabile hemolysin,,,,VC_A0218,100
N900_RS15040,hlyA,hlyA,hlyA,hlyA,hemolysin,,,,VC_A0219,100
N900_RS15045,hlyB_BLAST,hlyB_BLAST,hlyB,hlyB,methyl-accepting chemotaxis protein,Methyl-accepting chemotaxis protein HlyB,,,VC_A0220,100
N900_RS15050,hlyC,hlyC,hlyC,hlyC; lipA,triacylglycerol lipase,,,,VC_A0221,100
N900_RS15055,lifO,lifO,lifO,lifO; lipB,lipase secretion chaperone,,,,VC_A0222,100
N900_RS15060,prtV,prtV,prtV,prtV,M6 family metalloprotease domain-containing protein,,,,VC_A0223,100
N900_RS15065,,,,,,,,,VC_A0224,99
N900_RS15070,egtC,egtC,,,class II glutamine amidotransferase,,,,VC_A0225,99.6
N900_RS15075,siderophore ABC transporter substrate-binding protein,siderophore ABC transporter substrate-binding protein,,,siderophore ABC transporter substrate-binding protein,,,,VC_A0227,99.7
N900_RS15080,vctD,vctD,,,ABC transporter permease,,,,VC_A0228,99.7
N900_RS15085,vctG,vctG,,,iron(III) ABC transporter permease,,,,VC_A0229,100
N900_RS15090,vctC,vctC,,,ABC transporter ATP-binding protein,,,,VC_A0230,100
N900_RS15095,AraC family transcriptional regulator_5,AraC family transcriptional regulator_5,,,helix-turn-helix transcriptional regulator,,,,VC_A0231,100
N900_RS15100,vctA,vctA,,,TonB-dependent receptor,,,,VC_A0576,22.3
N900_RS15105,,,,,DUF2218 domain-containing protein,,,,VC_A0233,100
N900_RS15110,ackA_2,ackA_2,ackA2,ackA2,acetate kinase,,,,VC_A0235,100
N900_RS15115,,,,,,,,,VC_A0236,99
N900_RS15120,phosphoribosyl-AMP cyclohydrolase,phosphoribosyl-AMP cyclohydrolase,,,phosphoribosyl-AMP cyclohydrolase,,,,VC_A0237,100
N900_RS15125,sensor histidine kinase_5,sensor histidine kinase_5,,,HAMP domain-containing histidine kinase,,,,VC_A0238,99.8
N900_RS15130,ctrA,ctrA,,,response regulator transcription factor,,,,VC_A0239,100
N900_RS15135,,,,,,,,,VC_A0240,99.5
N900_RS15140,ulaE,ulaE,,,L-ribulose-5-phosphate 3-epimerase,,,,VC_A0241,100
N900_RS15145,sgbH,sgbH,,,3-keto-L-gulonate-6-phosphate decarboxylase UlaD,,,,VC_A0242,100
N900_RS15150,ybhA,ybhA,,,Cof-type HAD-IIB family hydrolase,,,,VC_A0243,100
N900_RS15155,ulaF,ulaF,,,L-ribulose-5-phosphate 4-epimerase,,,,VC_A0244,100
N900_RS15160,ulaC,ulaC,,,PTS ascorbate transporter subunit IIA,,,,VC_A0245,100
N900_RS15165,PTS ascorbate-specific subunit IIBC,PTS ascorbate-specific subunit IIBC,,,PTS ascorbate-specific subunit IIBC,,,,VC_A0246,100
N900_RS15170,ulaR,ulaR,,,,,,,VC_A0247,100
N900_RS15175,ulaG,ulaG,,,,,,,VC_A0248,100
N900_RS15180,yceJ_1,yceJ_1,,,cytochrome b,,,,VC_A0249,100
N900_RS15185,tam,tam,,,alpha-amylase,,,,VC_A0250,100
N900_RS15190,antibiotic acetyltransferase_1,antibiotic acetyltransferase_1,,,CatB-related O-acetyltransferase,,,,VC_A0253,99.6
N900_RS15195,,,,,,,,,VC_A0254,100
N900_RS15200,,,,,,,,,VC_A0254,100
N900_RS15205,,,,,DUF2861 family protein,,,,VC_A0255,100
N900_RS15210,DNA-binding response regulator_2,DNA-binding response regulator_2,,,response regulator transcription factor,,,,VC_A0256,99.6
N900_RS15215,sensor histidine kinase,sensor histidine kinase,,,DUF3404 domain-containing protein,,sensor histidine kinase,,VC_A0257,100
N900_RS15220,,,,,cupin domain-containing protein,,,,VC_A0258,100
N900_RS15225,copI_BLAST,copI_BLAST,copI,copI; cot; /,,Copper-resistant cuproprotein CopI,,,VC_A0261,99
N900_RS15230,,,,,,,,,VC_A0262,100
N900_RS15235,N-acetyltransferase_4,N-acetyltransferase_4,,,N-acetyltransferase,,,,VC_A0263,100
N900_RS15240,yfiC_2,yfiC_2,,,MerR family transcriptional regulator,,,,VC_A0264,100
N900_RS15245,,,,,,,,,VC_A0265,100
N900_RS15250,nimR_1,nimR_1,,,helix-turn-helix transcriptional regulator,,,,VC_A0266,100
N900_RS15255,emrD3,emrD3,,,emrD3,,,,VC_A0267,100
N900_RS15260,methyl-accepting chemotaxis protein_21,methyl-accepting chemotaxis protein_21,,,methyl-accepting chemotaxis protein,,,,VC_A0268,100
N900_RS15265,hdc,hdc,,,aspartate aminotransferase family protein,,,,VC_A0269,100
N900_RS15270,dacA_2,dacA_2,,,D-alanyl-D-alanine carboxypeptidase,,,,VC_A0270,100
N900_RS15275,XRE family transcriptional regulator_9,XRE family transcriptional regulator_9,,,helix-turn-helix domain-containing protein,,,,VC_A0271,100
N900_RS15280,,,,,,,,,VC_A0791,27.8
N900_RS15285,cah,cah,,,carbonic anhydrase,,,,VC_A0274,100
N900_RS15290,tnp_D3,tnp_D3,,,IS200/IS605-like element IS1004 family transposase,,,,VC_A0275,100
N900_RS15295,gcvP,gcvP,,,,,,,VC_2683,27.5
N900_RS15300,gcvH,gcvH,gcvH,gcvH,,,,,VC_A0277,100
N900_RS15305,glyA2,glyA2,glyA2,glyA2,serine hydroxymethyltransferase,,,,VC_A0278,100
N900_RS15310,puuR,puuR,,,helix-turn-helix transcriptional regulator,,,,VC_A0279,100
N900_RS15315,gcvT,gcvT,,,,,,,VC_2681,37.8
N900_RS15320,"integrase, putative","integrase, putative",,,DUF4102 domain-containing protein,,"integrase, putative",,VC_A0281,99.7
N900_RS15325,tnp_D1,tnp_D1,,,IS5-like element ISVch5 family transposase,,,,VC_A0472,100
N900_RS15330,Pseudogene_N900_RS15330,Pseudogene_N900_RS15330,,,,,,,,
N900_RS15335,type VI secretion system PAAR protein_1,type VI secretion system PAAR protein_1,,,type VI secretion system PAAR protein,,,,VC_A0284,100
N900_RS15340,,,,,,,,,VC_A0285,100
N900_RS15350,thrS,thrS,thrS,thrS,,,,,VC_A0287,100
N900_RS15355,infC,infC,fur,fur,,,,,VC_0378,33.9
N900_RS15360,rpmI,rpmI,rpmI,rpmI,,,,,VC_A0289,100
N900_RS15365,rplT,rplT,rplT,rplT,,,,,VC_A0290,100
N900_RS15370,intIA,intIA,,,integron integrase,,,,VC_A0291,100
N900_RS15375,,,,,,,,,VC_A0294,99.2
N900_RS15380,,,,,DUF645 family protein,,,,VC_A0353,100
N900_RS15385,,,,,TIGR03643 family protein,,,,VC_A0343,100
N900_RS15390,,,,,,,,,VC_A0299,99.3
N900_RS15395,catB9,catB9,,,type B-5 chloramphenicol O-acetyltransferase CatB9,,,,VC_A0300,100
N900_RS15400,ygfF,ygfF,,,SDR family oxidoreductase,,,,VC_A0301,100
N900_RS15405,,,,,DUF645 family protein,,,,VC_A0302,100
N900_RS15410,,,,,,,,,VC_A0303,100
N900_RS15415,,,,,DUF645 family protein,,,,VC_A0304,98.3
N900_RS15425,,,,,DUF645 family protein,,,,VC_A0306,100
N900_RS15430,HNH endonuclease_2,HNH endonuclease_2,,,HNH endonuclease,,,,VC_A0307,100
N900_RS15435,VC_A0308_BLAST,VC_A0308_BLAST,,,deoxyguanosinetriphosphate triphosphohydrolase family protein,Deoxyguanosinetriphosphate triphosphohydrolase-like protein 2,,,VC_A0308,100
N900_RS15440,HNH endonuclease_1,HNH endonuclease_1,,,HNH endonuclease,,,,VC_A0309,100
N900_RS15445,,,,,,,,,VC_A0310,100
N900_RS15450,type II toxin-antitoxin system RelE/ParE family toxin_D1,type II toxin-antitoxin system RelE/ParE family toxin_D1,,,type II toxin-antitoxin system RelE/ParE family toxin,,,,VC_A0385,99.1
N900_RS15455,type II toxin-antitoxin system Phd/YefM family antitoxin_D1,type II toxin-antitoxin system Phd/YefM family antitoxin_D1,,,type II toxin-antitoxin system Phd/YefM family antitoxin,,,,VC_A0386,100
N900_RS15460,rppH_2,rppH_2,,,NUDIX hydrolase,,,,VC_A0313,100
N900_RS15465,Pseudogene_N900_RS15465,Pseudogene_N900_RS15465,,,DUF1289 domain-containing protein,,,,,
N900_RS15470,,,,,DUF1196 domain-containing protein,,,,VC_A0315,98.1
N900_RS15475,speG_1,speG_1,,,GNAT family N-acetyltransferase,,,,VC_A0417,100
N900_RS15480,blc_1,blc_1,blc,blc; vlp; vlpA,lipocalin family protein,,,,VC_A0317,100
N900_RS15485,GNAT family N-acetyltransferase_D1,GNAT family N-acetyltransferase_D1,,,GNAT family N-acetyltransferase,,,,VC_A0481,100
N900_RS15490,,,,,DUF1778 domain-containing protein,,,Orphan antixoxin protein TacA,VC_A0482,100
N900_RS15500,,,,,,,,,VC_A0322,99.3
N900_RS15505,IS256 family transposase_D5,IS256 family transposase_D5,,,IS256 family transposase,,,,VC_0188,44
N900_RS15510,type II toxin-antitoxin system YafQ family toxin,type II toxin-antitoxin system YafQ family toxin,,,type II toxin-antitoxin system YafQ family toxin,,,,VC_A0323,100
N900_RS15515,type II toxin-antitoxin system RelB/DinJ family antitoxin,type II toxin-antitoxin system RelB/DinJ family antitoxin,,,type II toxin-antitoxin system RelB/DinJ family antitoxin,,,,VC_A0324,100
N900_RS15525,glod5_BLAST_D1,glod5_BLAST_D1,,,VOC family protein,Glyoxalase domain-containing protein 5,,,VC_A0463,100
N900_RS15530,,,,,TIGR03643 family protein,,,,VC_A0343,100
N900_RS15535,,,,,,,,,VC_A0464,96.6
N900_RS15545,OsmC family peroxiredoxin,OsmC family peroxiredoxin,,,OsmC family protein,,,,VC_A0330,99.4
N900_RS15550,,,,,,,,,VC_A0331,100
N900_RS15555,toxin,toxin,,,toxin,,,,VC_A0332,100
N900_RS15560,copG,copG,,,,,,,VC_A0333,100
N900_RS15565,,,,,,,,,VC_A0334,99.6
N900_RS15570,,,,,DUF645 family protein,,,,VC_A0353,100
N900_RS15575,mccF_1,mccF_1,,,LD-carboxypeptidase,,,,VC_A0337,99.7
N900_RS15580,,,,,VOC family protein,,,,VC_A0338,100
N900_RS15585,,,,,DUF3709 domain-containing protein,,,,VC_A0339,98.7
N900_RS15590,,,,,,,,,VC_A0340,100
N900_RS15595,glod5_BLAST_D2,glod5_BLAST_D2,,,VOC family protein,Glyoxalase domain-containing protein 5,,,VC_A0463,100
N900_RS15600,,,,,,,,,VC_A0342,100
N900_RS15605,,,,,TIGR03643 family protein,,,,VC_A0343,100
N900_RS15610,,,,,,,,,VC_A0344,99.3
N900_RS15615,,,,,DUF1349 domain-containing protein,,,,VC_A0345,99.5
N900_RS15620,H-REV 107-related protein,H-REV 107-related protein,,,,,H-REV 107-related protein,,VC_A0346,100
N900_RS15625,Sfri_3691_BLAST_D1,Sfri_3691_BLAST_D1,,,VOC family protein,Uncharacterized protein Sfri_3691,,,VC_A0506,100
N900_RS15630,"type II toxin-antitoxin system mRNA interferase toxin, RelE/StbE family_D1","type II toxin-antitoxin system mRNA interferase toxin, RelE/StbE family_D1",,,"type II toxin-antitoxin system mRNA interferase toxin, RelE/StbE family",,,,VC_A0503,100
N900_RS15635,relB_D1,relB_D1,,,DNA-damage-inducible protein J,,,,VC_A0504,100
N900_RS15645,,,,,,,,,VC_A0351,99.5
N900_RS15650,,,,,DUF645 family protein,,,,VC_A0353,100
N900_RS15655,VC_A0354_BLAST_1,VC_A0354_BLAST_1,,,,UPF0157 protein VC_A0354,,,VC_A0354,100
N900_RS15660,lyse_2,lyse_2,,,LysE family translocator,,,,VC_A0355,100
N900_RS15665,,,,,,,,,VC_A0356,99.6
N900_RS15670,,,,,,,,,VC_A0398,96.2
N900_RS15675,,,,,DUF645 family protein,,,,VC_A0357,98.3
N900_RS15680,,,,,DUF3465 domain-containing protein,,,,VC_A0414,92.2
N900_RS15685,parE1,parE1,,,type II toxin-antitoxin system RelE/ParE family toxin,,,,VC_A0359,100
N900_RS15690,pard,pard,npr,npr,type II toxin-antitoxin system ParD family antitoxin,,,,VC_2533,37
N900_RS15695,,,,,,,,,VC_A0361,100
N900_RS15705,,,,,,,,,VC_A0363,100
N900_RS15710,,,,,,,,,VC_A0364,100
N900_RS15715,,,,,,,,,VC_A0293,100
N900_RS15720,restriction endonuclease,restriction endonuclease,,,restriction endonuclease,,,,VC_A0366,98.7
N900_RS15725,,,,,,,,,VC_A0367,100
N900_RS15730,,,,,,,,,VC_A0368,99.5
N900_RS15735,,,,,,,,,VC_A0370,99.6
N900_RS15740,insN_BLAST_D3,insN_BLAST_D3,,,IS3-like element ISVch4 family transposase,Transposase InsN for insertion sequence element IS911,,,VC_A0792,100
N900_RS15750,,,,,DUF1817 domain-containing protein,,,,VC_A0374,100
N900_RS15755,,,,,DUF3709 domain-containing protein,,,,VC_A0375,99.1
N900_RS15760,,,,,,,,,VC_A0376,100
N900_RS15765,,,,,,,,,VC_A0379,100
N900_RS15770,nitrate reductase,nitrate reductase,,,nucleotidyltransferase family protein,,,,VC_A0380,100
N900_RS15780,,,,,DUF645 family protein,,,,VC_A0381,98.3
N900_RS15785,yiaC,yiaC,,,GNAT family N-acetyltransferase,,,,VC_A0382,100
N900_RS15790,,,,,,,,,VC_A0310,35.5
N900_RS15795,type II toxin-antitoxin system RelE/ParE family toxin_D2,type II toxin-antitoxin system RelE/ParE family toxin_D2,,,type II toxin-antitoxin system RelE/ParE family toxin,,,,VC_A0385,99.1
N900_RS15800,type II toxin-antitoxin system Phd/YefM family antitoxin_D2,type II toxin-antitoxin system Phd/YefM family antitoxin_D2,,,type II toxin-antitoxin system Phd/YefM family antitoxin,,,,VC_A0386,100
N900_RS15805,bar,bar,,,N-acetyltransferase,,,,VC_A0387,98.8
N900_RS15810,,,,,,,,,VC_A0388,99.5
N900_RS15815,,,,,DUF3709 domain-containing protein,,,,VC_A0389,98.7
N900_RS15820,Pseudogene_N900_RS15820,Pseudogene_N900_RS15820,,,DUF645 family protein,,,,,
N900_RS15825,higB-1_BLAST,higB-1_BLAST,higB-1,higB-1,type II toxin-antitoxin system RelE/ParE family toxin,Toxin HigB-1,,,VC_A0391,99.1
N900_RS15830,higA-1,higA-1,higA-1,higA-1,HigA family addiction module antidote protein,,,,VC_A0392,100
N900_RS15840,LD-carboxypeptidase,LD-carboxypeptidase,,,LD-carboxypeptidase,,,,VC_A0439,100
N900_RS15845,Pseudogene_N900_RS15845,Pseudogene_N900_RS15845,,,,,,,,
N900_RS15850,,,,,,,,,VC_A0441,100
N900_RS15855,GNAT family N-acetyltransferase_9,GNAT family N-acetyltransferase_9,,,GNAT family N-acetyltransferase,,,,VC_A0442,100
N900_RS15860,blc_3,blc_3,,,lipocalin family protein,,,,VC_A0443,100
N900_RS15865,relE_1,relE_1,,,type II toxin-antitoxin system RelE/ParE family toxin,,,,VC_A0444,100
N900_RS15870,type II toxin-antitoxin system Phd/YefM family antitoxin_3,type II toxin-antitoxin system Phd/YefM family antitoxin_3,,,type II toxin-antitoxin system Phd/YefM family antitoxin,,,,VC_A0445,100
N900_RS15880,hemagglutinin,hemagglutinin,,,hemagglutinin,,,,VC_A0446,100
N900_RS15885,site-specific DNA-methyltransferase,site-specific DNA-methyltransferase,,,site-specific DNA-methyltransferase,,,,VC_A0447,100
N900_RS15890,,,,,,,,,VC_A0448,99.3
N900_RS15895,Pseudogene_N900_RS15895,Pseudogene_N900_RS15895,,,DUF3465 domain-containing protein,,,,,
N900_RS15900,,,,,,,,,VC_A0450,100
N900_RS15905,,,,,,,,,VC_A0451,100
N900_RS15910,,,,,,,,,VC_A0452,100
N900_RS15915,,,,,,,,,VC_A0453,100
N900_RS15920,Pseudogene_N900_RS15920,Pseudogene_N900_RS15920,,,sulfate ABC transporter substrate-binding protein,,,,,
N900_RS15925,,,,,DJ-1/PfpI family protein,,,Isonitrile hydratase,VC_A0455,100
N900_RS15930,,,,,,,,,VC_A0457,100
N900_RS15935,,,,,DUF2806 domain-containing protein,,,,VC_A0458,100
N900_RS15940,,,,,,,,,VC_A0459,99.5
N900_RS15950,,,,,,,,,VC_1160,34.9
N900_RS15955,glod5_BLAST_D3,glod5_BLAST_D3,,,VOC family protein,Glyoxalase domain-containing protein 5,,,VC_A0463,100
N900_RS15960,,,,,,,,,VC_A0464,100
N900_RS15965,,,,,,,,,VC_A0465,100
N900_RS15970,,,,,DUF1289 domain-containing protein,,,,VC_A0314,96.8
N900_RS15975,,,,,DUF1196 domain-containing protein,,,,VC_A0467,98.1
N900_RS15980,higB-2,higB-2,higB-2,higB-2,type II toxin-antitoxin system RelE/ParE family toxin,,,,VC_A0468,100
N900_RS15985,higA-2,higA-2,higA-2,higA-2,DNA-binding transcriptional regulator,,,,VC_A0469,100
N900_RS15990,ypeA_3,ypeA_3,,,GNAT family N-acetyltransferase,,,,VC_A0470,99.3
N900_RS16000,tnp_D2,tnp_D2,,,IS5-like element ISVch5 family transposase,,,,VC_A0472,100
N900_RS16005,antibiotic acetyltransferase_2,antibiotic acetyltransferase_2,,,CatB-related O-acetyltransferase,,,,VC_A0473,99
N900_RS16010,GNAT family N-acetyltransferase_6,GNAT family N-acetyltransferase_6,,,GNAT family N-acetyltransferase,,,,VC_A0474,100
N900_RS16015,type II toxin-antitoxin system death-on-curing family toxin,type II toxin-antitoxin system death-on-curing family toxin,,,type II toxin-antitoxin system death-on-curing family toxin,,,,VC_A0475,100
N900_RS16020,Sfri_3691_BLAST_2,Sfri_3691_BLAST_2,,,VOC family protein,Uncharacterized protein Sfri_3691,,,VC_A0476,100
N900_RS16025,type II toxin-antitoxin system Phd/YefM family antitoxin_1,type II toxin-antitoxin system Phd/YefM family antitoxin_1,,,type II toxin-antitoxin system Phd/YefM family antitoxin,,,,VC_A0477,98.9
N900_RS16030,rele,rele,,,type II toxin-antitoxin system RelE/ParE family toxin,,,,VC_A0478,99
N900_RS16035,GNAT family N-acetyltransferase_10,GNAT family N-acetyltransferase_10,,,GNAT family N-acetyltransferase,,,,VC_A0479,100
N900_RS16040,Pseudogene_N900_RS16040,Pseudogene_N900_RS16040,,,DUF645 family protein,,,,,
N900_RS16045,GNAT family N-acetyltransferase_D2,GNAT family N-acetyltransferase_D2,,,GNAT family N-acetyltransferase,,,,VC_A0481,100
N900_RS16050,,,,,DUF1778 domain-containing protein,,,Orphan antixoxin protein TacA,VC_A0482,100
N900_RS16055,,,,,,,,,VC_A0483,100
N900_RS16060,,,,,,,,,VC_A0484,98.9
N900_RS16065,nucleotide pyrophosphohydrolase,nucleotide pyrophosphohydrolase,,,nucleotide pyrophosphohydrolase,,,,VC_A0485,100
N900_RS16070,,,,,DUF1778 domain-containing protein,,,,VC_A0486,100
N900_RS16075,N-acetyltransferase_5,N-acetyltransferase_5,,,GNAT family N-acetyltransferase,,,,VC_A0487,99.4
N900_RS16080,type II toxin-antitoxin system Phd/YefM family antitoxin_2,type II toxin-antitoxin system Phd/YefM family antitoxin_2,,,type II toxin-antitoxin system Phd/YefM family antitoxin,,,,VC_A0488,100
N900_RS16085,relE1,relE1,,,type II toxin-antitoxin system RelE/ParE family toxin,,,,VC_A0489,100
N900_RS16090,Pseudogene_N900_RS16090,Pseudogene_N900_RS16090,,,alpha/beta hydrolase,,,,,
N900_RS16095,,,,,,,,,VC_A0491,100
N900_RS16100,,,,,,,,,VC_A0382,98.6
N900_RS16105,tnp_4,tnp_4,,,IS200/IS605-like element IS1004 family transposase,,,,VC_A0493,100
N900_RS16110,GNAT family N-acetyltransferase_11,GNAT family N-acetyltransferase_11,,,GNAT family N-acetyltransferase,,,,VC_A0382,97.2
N900_RS16115,,,,,DUF3800 domain-containing protein,,,,VC_A0495,99.7
N900_RS16120,glutathione S-transferase,glutathione S-transferase,,,glutathione S-transferase,,,,VC_A0496,99.6
N900_RS16125,,,,,DUF4160 domain-containing protein,,,,VC_A0497,98.9
N900_RS16130,,,,,DUF2442 domain-containing protein,,,,VC_A0498,100
N900_RS16135,,,,,,,,,VC_A0501,100
N900_RS16140,"type II toxin-antitoxin system mRNA interferase toxin, RelE/StbE family_D2","type II toxin-antitoxin system mRNA interferase toxin, RelE/StbE family_D2",,,"type II toxin-antitoxin system mRNA interferase toxin, RelE/StbE family",,,,VC_A0503,100
N900_RS16145,relB_D2,relB_D2,,,DNA-damage-inducible protein J,,,,VC_A0504,100
N900_RS16150,N-acetyltransferase_6,N-acetyltransferase_6,,,GNAT family N-acetyltransferase,,,,VC_A0505,100
N900_RS16155,Sfri_3691_BLAST_D2,Sfri_3691_BLAST_D2,,,VOC family protein,Uncharacterized protein Sfri_3691,,,VC_A0506,100
N900_RS16165,Pseudogene_N900_RS16165,Pseudogene_N900_RS16165,,,IS3-like element ISVch4 family transposase,,,,,
N900_RS16170,nucleotide pyrophosphatase,nucleotide pyrophosphatase,,,nucleotide pyrophosphatase,,,,VC_A0510,99.8
N900_RS16175,nrdD,nrdD,,,,,,,VC_A0511,99.9
N900_RS16180,nrdG,nrdG,nrdG,nrdG,,,,,VC_A0512,100
N900_RS16185,tyrB,tyrB,,,aspartate/tyrosine/aromatic aminotransferase,,,,VC_A0513,100
N900_RS16190,ATP-dependent zinc protease_2,ATP-dependent zinc protease_2,,,ATP-dependent zinc protease,,,,VC_A0514,100
N900_RS16195,fruA,fruA,fruA,fruA,,,,,VC_A0516,99.8
N900_RS16200,pfkB,pfkB,fruk,fruk,,,,,VC_A0517,100
N900_RS16205,fruB,fruB,fruB,fruB,fused PTS fructose transporter subunit IIA/HPr protein,,,,VC_A0518,100
N900_RS16210,cra,cra,fruR,fruR; cra,cra,,,,VC_A0519,100
N900_RS16215,sbcD,sbcD,sbcD,sbcD,exonuclease SbcCD subunit D,,,,VC_A0520,100
N900_RS16220,sbcC_BLAST,sbcC_BLAST,sbcC,sbcC,SMC family ATPase,Nuclease SbcCD subunit C,,,VC_A0521,100
N900_RS16225,cqsS_BLAST,cqsS_BLAST,cqsS,cqsS,response regulator,CAI-1 autoinducer sensor kinase/phosphatase CqsS,,,VC_A0522,99.9
N900_RS16230,cqsA,cqsA,cqsA,cqsA,quorum-sensing autoinducer synthase,,,,VC_A0523,100
N900_RS16235,tellurium resistance protein,tellurium resistance protein,,,TDT family transporter,,,,VC_A0524,99.7
N900_RS16240,clcA,clcA,clcA,clcA,,,,,VC_A0526,100
N900_RS16245,cobW,cobW,,,GTP-binding protein,,,,VC_A0527,100
N900_RS16250,ylqF,ylqF,,,,,,,VC_A0528,100
N900_RS16255,kup,kup,kup,kup,potassium transporter Kup,,,,VC_A0529,100
N900_RS16260,nifJ,nifJ,,,,,,,VC_A0530,100
N900_RS16265,kdpd,kdpd,,,sensor histidine kinase KdpD,,,,VC_A0531,99.8
N900_RS16270,kdpE,kdpE,,,response regulator,,,,VC_A0532,100
N900_RS16275,tata,tata,tatA,tatA,twin-arginine translocase TatA/TatE family subunit,,,,VC_A0533,100
N900_RS16280,deda,deda,,,DedA family protein,,,,VC_A1113,22.6
N900_RS16285,,,,,,,,,VC_A0535,100
N900_RS16290,,,,,EAL domain-containing protein,,,,VC_A0536,100
N900_RS16295,,,,,,,,,VC_A0537,96.9
N900_RS16300,yceJ_2,yceJ_2,,,cytochrome b,,,,VC_A0538,100
N900_RS16305,ycei,ycei,,,YceI family protein,,,,VC_A0539,100
N900_RS16310,focA_2,focA_2,,,,,,,VC_A0540,100
N900_RS16315,argP_2,argP_2,,,LysR family transcriptional regulator,,,,VC_A0542,99.7
N900_RS16320,Inner membrane protein YcdZ_BLAST,Inner membrane protein YcdZ_BLAST,,,DUF1097 domain-containing protein,,,Inner membrane protein YcdZ,VC_A0543,100
N900_RS16325,ATP-dependent endonuclease,ATP-dependent endonuclease,,,ATP-dependent endonuclease,,,,VC_A0544,100
N900_RS16330,bifunctional metallophosphatase/5'-nucleotidase,bifunctional metallophosphatase/5'-nucleotidase,,,bifunctional metallophosphatase/5'-nucleotidase,,,,VC_A0545,100
N900_RS16335,terc,terc,,,TerC/Alx family metal homeostasis membrane protein,,,,VC_A0546,100
N900_RS16340,,,,,,,,,VC_A0547,100
N900_RS16345,alkylphosphonate utilization protein,alkylphosphonate utilization protein,,,alkylphosphonate utilization protein,,,,VC_A0549,99.5
N900_RS16350,,,,,site-2 protease family protein,,,,VC_A0550,99.7
N900_RS16355,,,,,,,,,VC_A0551,100
N900_RS16360,fatty acid cis/trans isomerase,fatty acid cis/trans isomerase,,,fatty acid cis/trans isomerase,,,,VC_A0552,100
N900_RS16365,,,,,,,,,VC_A0553,98.2
N900_RS16370,yhjX,yhjX,,,OFA family MFS transporter,,,,VC_A0554,100
N900_RS16375,,,,,DUF3332 domain-containing protein,,,,VC_A0556,99.5
N900_RS16380,sensor domain-containing diguanylate cyclase_4,sensor domain-containing diguanylate cyclase_4,,,sensor domain-containing diguanylate cyclase,,,,VC_A0557,99.8
N900_RS16385,tRNA-Gly_8,tRNA-Gly_8,glnAv,glnAv,,,,,VC_2746,44.4
N900_RS16390,hpxW,hpxW,,,gamma-glutamyltransferase family protein,,,,VC_A0558,100
N900_RS16395,Solitary outer membrane autotransporter beta-barrel domain,Solitary outer membrane autotransporter beta-barrel domain,,,Solitary outer membrane autotransporter beta-barrel domain,,,,VC_A0559,99.7
N900_RS16400,,,,,GGDEF domain-containing protein,,,,VC_A0560,100
N900_RS16405,,,,,,,,,VC_A0561,100
N900_RS16410,transcriptional regulator_4,transcriptional regulator_4,,,transcriptional regulator,,,,VC_A0562,98.9
N900_RS16415,pntA,pntA,,,Re/Si-specific NAD(P)(+) transhydrogenase subunit alpha,,,,VC_A0563,100
N900_RS16420,pntB,pntB,,,,,,,VC_A0564,100
N900_RS16425,vxrA_BLAST,vxrA_BLAST,vxrA,vxrA,DUF3404 domain-containing protein,Sensor histidine kinase VxrA,,,VC_A0565,100
N900_RS16430,vxrB,vxrB,vxrB,vxrB,response regulator transcription factor,,,,VC_A0566,100
N900_RS16435,,,,,DUF2861 family protein,,,,VC_A0567,99.7
N900_RS16440,TraF,TraF,,,conjugal transfer protein TraF,,,,VC_A0568,100
N900_RS16445,VC0395_0503_BLAST,VC0395_0503_BLAST,,,YoaH family protein,UPF0181 protein VC0395_0503/VC395_A0756,,,VC_A0569,100
N900_RS16450,yciH,yciH,,,,,,,VC_A0570,100
N900_RS16455,,,,,DUF3319 domain-containing protein,,,,VC_A0571,100
N900_RS16460,ddl,ddl,ddl,ddl,D-alanine--D-alanine ligase,,,,VC_A0572,100
N900_RS16465,DamX-related protein,DamX-related protein,,,SPOR domain-containing protein,,DamX-related protein,,VC_A0573,100
N900_RS16470,patZ,patZ,,,bifunctional acetate--CoA ligase family protein/GNAT family N-acetyltransferase,,,,VC_A0574,100
N900_RS16475,yhaJ,yhaJ,,,LysR family transcriptional regulator,,,,VC_A0575,99.7
N900_RS16480,TonB-dependent hemoglobin/transferrin/lactoferrin family receptor,TonB-dependent hemoglobin/transferrin/lactoferrin family receptor,,,TonB-dependent hemoglobin/transferrin/lactoferrin family receptor,,,,VC_A0576,99.9
N900_RS16485,sgrr,sgrr,,,SgrR family transcriptional regulator,,,,VC_A0578,100
N900_RS16490,,,,,DUF3389 domain-containing protein,,,,VC_A0579,100
N900_RS16495,hotdog fold thioesterase,hotdog fold thioesterase,,,hotdog fold thioesterase,,,,VC_A0580,100
N900_RS16500,bepA_3,bepA_3,,,M48 family metallopeptidase,,,,VC_A0581,100
N900_RS16505,,,,,,,,,VC_A0582,100
N900_RS16510,ABC transporter substrate-binding protein_12,ABC transporter substrate-binding protein_12,,,transporter substrate-binding domain-containing protein,,,,VC_A0583,100
N900_RS16515,yfcG,yfcG,,,thiol:disulfide oxidoreductase,,,,VC_A0584,100
N900_RS16520,dcmA,dcmA,,,glutathione S-transferase,,,,VC_A0585,100
N900_RS16525,comR_1,comR_1,,,TetR/AcrR family transcriptional regulator,,,,VC_A0586,100
N900_RS16530,DNA-binding protein_3,DNA-binding protein_3,,,DNA-binding protein,,,,VC_A0587,100
N900_RS16535,yejF,yejF,,,ABC transporter ATP-binding protein,,,,VC_A0588,100
N900_RS16540,yejE,yejE,,,ABC transporter permease,,,,VC_A0589,99.7
N900_RS16545,yejb,yejb,,,microcin C ABC transporter permease YejB,,,,VC_A0590,100
N900_RS16550,ABC transporter substrate-binding protein_9,ABC transporter substrate-binding protein_9,,,ABC transporter substrate-binding protein,,,,VC_A0591,99.8
N900_RS16555,,,,,NUDIX domain-containing protein,,,,VC_A0592,99.5
N900_RS16560,exopolyphosphatase,exopolyphosphatase,,,exopolyphosphatase,,,,VC_A0593,100
N900_RS16565,hemolysin,hemolysin,,,DUF333 domain-containing protein,,hemolysin,,VC_A0594,100
N900_RS16570,,,,,YdcF family protein,,,,VC_A0595,100
N900_RS16575,peptide MFS transporter,peptide MFS transporter,,,peptide MFS transporter,,,,VC_A0597,97.8
N900_RS16580,eamA_7,eamA_7,,,DMT family transporter,,,,VC_A0599,100
N900_RS16585,phnR,phnR,,,,,,,VC_A0600,99.6
N900_RS16590,putative 2-aminoethylphosphonate ABC transporter permease subunit,putative 2-aminoethylphosphonate ABC transporter permease subunit,,,putative 2-aminoethylphosphonate ABC transporter permease subunit,,,,VC_A0601,99.8
N900_RS16595,putative 2-aminoethylphosphonate ABC transporter ATP-binding protein,putative 2-aminoethylphosphonate ABC transporter ATP-binding protein,,,putative 2-aminoethylphosphonate ABC transporter ATP-binding protein,,,,VC_A0602,99.8
N900_RS16600,putative 2-aminoethylphosphonate ABC transporter substrate-binding protein,putative 2-aminoethylphosphonate ABC transporter substrate-binding protein,,,putative 2-aminoethylphosphonate ABC transporter substrate-binding protein,,,,VC_A0603,99.7
N900_RS16605,phnW,phnW,phnW,phnW,,,,,VC_A0604,100
N900_RS16610,pbfA_BLAST,pbfA_BLAST,,,aspartate aminotransferase family protein,(R)-1-hydroxy-2-aminoethylphosphonate ammonia-lyase,,,VC_A0605,100
N900_RS16615,phnX,phnX,phnX,phnX,phosphonoacetaldehyde hydrolase,,,,VC_A0606,100
N900_RS16620,rnk,rnk,,,nucleoside diphosphate kinase regulator,,,,VC_A0607,100
N900_RS16625,yjjG,yjjG,,,pyrimidine 5'-nucleotidase,,,,VC_A0608,100
N900_RS16630,,,,,,,,,VC_A0609,98.3
N900_RS16635,elbB,elbB,,,,,,,VC_A0610,100
N900_RS16640,mscL,mscL,mscL,mscL,,,,,VC_A0612,100
N900_RS16645,fhs,fhs,fhs,fhs,formate--tetrahydrofolate ligase,,,,VC_A0614,100
N900_RS16650,msrB_3,msrB_3,msrAB,msrAB,,,,,VC_A0615,99.7
N900_RS16655,folE,folE,folE,folE,,,,,VC_A0616,100
N900_RS16660,moeA,moeA,,,,,,,VC_A0617,100
N900_RS16665,moeB,moeB,,,,,,,VC_A0618,99.6
N900_RS16670,glyoxalase_2,glyoxalase_2,,,glyoxalase,,,,VC_A0619,100
N900_RS16675,sseA,sseA,,,,,,,VC_A0620,100
N900_RS16680,lsrR,lsrR,,,sugar-binding transcriptional regulator,,,,VC_A0621,100
N900_RS16685,,,,,,,,,VC_A0622,100
N900_RS16690,tal,tal,tal,tal,tal,,,,VC_A0623,100
N900_RS16695,Pseudogene_N900_RS16695,Pseudogene_N900_RS16695,,,tkt,,,,,
N900_RS16700,TonB-dependent receptor_2,TonB-dependent receptor_2,,,TonB-dependent receptor,,,,VC_A0625,100
N900_RS16705,spoU,spoU,,,RNA methyltransferase,,,,VC_A0627,100
N900_RS16710,prepilin peptidase_3,prepilin peptidase_3,,,prepilin peptidase,,,,VC_A0628,99.9
N900_RS16715,abrb,abrb,,,AbrB family transcriptional regulator,,,,VC_A0629,99.7
N900_RS16720,gyaR,gyaR,,,D-2-hydroxyacid dehydrogenase family protein,,,,VC_A0630,100
N900_RS16725,GNAT family acetyltransferase,GNAT family acetyltransferase,,,GNAT family N-acetyltransferase,,,,VC_A0631,100
N900_RS16730,nudG,nudG,,,NUDIX domain-containing protein,,,,VC_A0632,99.3
N900_RS16735,glpm,glpm,,,GlpM family protein,,,,VC_A0633,100
N900_RS16740,tRNA (adenine-N(1))-methyltransferase,tRNA (adenine-N(1))-methyltransferase,,,tRNA (adenine-N(1))-methyltransferase,,,,VC_A0634,100
N900_RS16745,dmlR_5,dmlR_5,,,LysR family transcriptional regulator,,,,VC_A0635,100
N900_RS16750,antibiotic biosynthesis monooxygenase,antibiotic biosynthesis monooxygenase,,,antibiotic biosynthesis monooxygenase,,,,VC_A0636,100
N900_RS16755,nfsB,nfsB,,,,,,,,
N900_RS16760,efflux RND transporter permease subunit,efflux RND transporter permease subunit,,,efflux RND transporter permease subunit,,,,VC_A0638,99.9
N900_RS16765,mdtA,mdtA,,,efflux RND transporter periplasmic adaptor subunit,,,,VC_A0639,100
N900_RS16770,Probable transporter PD_1893_BLAST,Probable transporter PD_1893_BLAST,,,YeeE/YedE family protein,,,Probable transporter PD_1893,VC_A0640,98.7
N900_RS16775,Probable transporter XF_0766_BLAST,Probable transporter XF_0766_BLAST,,,YeeE/YedE family protein,,,Probable transporter XF_0766,VC_A0641,100
N900_RS16780,arsR,arsR,,,helix-turn-helix transcriptional regulator,,,,VC_A0642,100
N900_RS16785,,,,,DUF2892 domain-containing protein,,,,VC_A0643,100
N900_RS16790,cdr,cdr,,,NADH oxidase,,,,VC_A0644,100
N900_RS16795,,,,,VOC family protein,,,,VC_A0645,100
N900_RS16800,GNAT family N-acetyltransferase_5,GNAT family N-acetyltransferase_5,,,GNAT family N-acetyltransferase,,,,VC_A0646,100
N900_RS16805,,,,,YHS domain-containing protein,,,,VC_A0647,100
N900_RS16810,,,,,,,,,VC_A0648,100
N900_RS16815,,,,,,,,FK506-binding protein 5,VC_A0649,100
N900_RS16820,,,,,,,,,VC_A0650,100
N900_RS16825,,,,,DedA family protein,,,,VC_A0651,100
N900_RS16830,,,,,DUF3069 domain-containing protein,,,,VC_A0652,100
N900_RS16835,treP,treP,,,PTS sucrose transporter subunit IIBC,,,,VC_A0653,99.8
N900_RS16840,ccpA,ccpA,,,LacI family transcriptional regulator,,,,VC_A0654,100
N900_RS16845,scrB,scrB,,,glycoside hydrolase family 32 protein,,,,VC_A0655,100
N900_RS16850,aminoimidazole riboside kinase,aminoimidazole riboside kinase,,,aminoimidazole riboside kinase,,,,VC_A0656,99.7
N900_RS16855,glpD,glpD,,,glycerol-3-phosphate dehydrogenase,,,,VC_A0657,100
N900_RS16860,aer_1,aer_1,,,methyl-accepting chemotaxis protein,,,,VC_A0658,99.8
N900_RS16865,pal_2,pal_2,,,OmpA family protein,,,,VC_A0659,99.5
N900_RS16870,fkpA_2,fkpA_2,,,FKBP-type peptidyl-prolyl cis-trans isomerase,,,,VC_A0661,100
N900_RS16875,beta-phosphoglucomutase family hydrolase,beta-phosphoglucomutase family hydrolase,,,beta-phosphoglucomutase family hydrolase,,,,VC_A0662,100
N900_RS16880,methyl-accepting chemotaxis protein_23,methyl-accepting chemotaxis protein_23,,,methyl-accepting chemotaxis protein,,,,VC_A0663,100
N900_RS16885,,,,,,,,,VC_A0664,100
N900_RS16890,dcuC,dcuC,dcuC,dcuC,,,,,VC_A0665,99.8
N900_RS16895,L-serine ammonia-lyase,L-serine ammonia-lyase,,,L-serine ammonia-lyase,,,,VC_A0666,99.8
N900_RS16900,sglT,sglT,,,sodium/solute symporter,,,,VC_A0667,100
N900_RS16905,yjhB,yjhB,,,MFS transporter,,,,VC_A0669,100
N900_RS16915,,,,,nuclear transport factor 2 family protein,,,,VC_A0671,100
N900_RS16920,exuR,exuR,,,LacI family DNA-binding transcriptional regulator,,,,VC_A0673,100
N900_RS16925,vraR,vraR,,,response regulator,,,,VC_1213,33.2
N900_RS16930,narQ,narQ,,,,,,,VC_A0675,99.8
N900_RS16935,napF,napF,napF,napF,,,,,VC_A0676,99.4
N900_RS16940,mycothiol reductase,mycothiol reductase,napD,napD,mycothiol reductase,,,,VC_A0677,99.1
N900_RS16945,napA,napA,napA,napA,,,,,VC_A0678,100
N900_RS16950,nitrate reductase cytochrome c-type subunit,nitrate reductase cytochrome c-type subunit,,,nitrate reductase cytochrome c-type subunit,,,,VC_A0679,100
N900_RS16955,napC,napC,,,cytochrome c,,,,VC_A0680,100
N900_RS16960,,,,,TIGR02808 family protein,,,,VC_1925,48.1
N900_RS16965,VC_A0681_BLAST,VC_A0681_BLAST,,,HD-GYP domain-containing protein,3'3'-cGAMP-specific phosphodiesterase 1,,,VC_A0681,100
N900_RS16970,uhpA,uhpA,,,response regulator transcription factor,,,,VC_A0682,100
N900_RS16975,uhpB,uhpB,,,,,,,VC_A0683,100
N900_RS16980,uhpT,uhpT,,,MFS transporter,,,,VC_A0684,100
N900_RS16985,HI_0131_BLAST,HI_0131_BLAST,,,ABC transporter substrate-binding protein,Uncharacterized protein HI_0131,,,VC_A0685,100
N900_RS16990,fbpB,fbpB,,,iron ABC transporter permease,,,,VC_A0686,99.9
N900_RS16995,fbpc,fbpc,fbpC,fbpC,Fe(3+) ions import ATP-binding protein FbpC,,,,VC_A0687,99.7
N900_RS17000,phaC,phaC,,,,,,,VC_A0688,100
N900_RS17005,,,,,phasin family protein,,,,VC_A0689,100
N900_RS17010,phaA,phaA,,,acetyl-CoA C-acetyltransferase,,,,VC_A0690,100
N900_RS17015,fabG_2,fabG_2,,,SDR family oxidoreductase,,,,VC_A0691,100
N900_RS17020,secF_2,secF_2,secF,secF,,,,,VC_0744,40.3
N900_RS17025,secD_2,secD_2,secD,secD,,,,,VC_A0693,100
N900_RS17030,,,,,,,,,VC_A0694,100
N900_RS17035,,,,,,,,,VC_A0695,100
N900_RS17040,diguanylate cyclase_5,diguanylate cyclase_5,,,sensor domain-containing diguanylate cyclase,,,,VC_A0697,99.8
N900_RS17045,glgC_2,glgC_2,glgC2,glgC2,,,,,VC_A0699,100
N900_RS17050,endo I_2,endo I_2,,,chitinase,,,,VC_A0700,99.9
N900_RS17055,yqhD,yqhD,,,iron-containing alcohol dehydrogenase,,,,VC_A0702,100
N900_RS17060,lysoplasmalogenase_2,lysoplasmalogenase_2,,,lysoplasmalogenase,,,,VC_A0703,99.6
N900_RS17065,sigma-54-dependent Fis family transcriptional regulator,sigma-54-dependent Fis family transcriptional regulator,,,sigma-54-dependent Fis family transcriptional regulator,,,,VC_A0704,99.8
N900_RS17070,sasA_10,sasA_10,,,HAMP domain-containing protein,,,,VC_A0705,100
N900_RS17075,ABC transporter substrate-binding protein_11,ABC transporter substrate-binding protein_11,,,ABC transporter substrate-binding protein,,,,VC_A0706,99.8
N900_RS17080,uhpC_2,uhpC_2,,,MFS transporter,,,,VC_A0707,100
N900_RS17085,pykA_2,pykA_2,,,pyk,,,,VC_A0708,100
N900_RS17090,torS,torS,,,,,,,VC_A0709,100
N900_RS17095,torT,torT,,,,,,,VC_A0710,99.7
N900_RS17100,mgsA,mgsA,mgsA,mgsA,methylglyoxal synthase,,,,VC_A0711,100
N900_RS17105,pncA,pncA,,,,,,,VC_A0712,100
N900_RS17110,dgkA,dgkA,,,diacylglycerol kinase,,,,VC_A0714,100
N900_RS17115,cytochrome b_2,cytochrome b_2,,,cytochrome b,,,,VC_A0715,100
N900_RS17120,cytochrome b_1,cytochrome b_1,,,cytochrome b,,,,VC_A0716,100
N900_RS17125,helD,helD,,,,,,,VC_A0717,100
N900_RS17130,yccS,yccS,,,,,,,VC_A0718,100
N900_RS17135,zraS,zraS,,,two-component sensor histidine kinase,,,,VC_A0719,100
N900_RS17140,guanylate cyclase,guanylate cyclase,,,guanylate cyclase,,,,VC_A0720,100
N900_RS17145,,,,,,,,,VC_A0721,100
N900_RS17150,,,,,,,,,VC_A0722,100
N900_RS17155,hydroxymethylglutaryl-CoA reductase,hydroxymethylglutaryl-CoA reductase,,,hydroxymethylglutaryl-CoA reductase,,,,VC_A0723,100
N900_RS17160,modC,modC,modC,modC,,,,,VC_A0724,100
N900_RS17165,modB,modB,,,,,,,VC_A0725,99.6
N900_RS17170,modA,modA,,,,,,,VC_A0726,100
N900_RS17175,cobQ,cobQ,cobQ,cobQ,cobyric acid synthase,,,,VC_A0727,100
N900_RS17180,DNA recombination protein RecF,DNA recombination protein RecF,,,AAA family ATPase,,,,VC_A0728,99.9
N900_RS17185,,,,,,,,,VC_A0729,100
N900_RS17190,,,,,,,,,VC_A0730,100
N900_RS17195,,,,,,,,,VC_A0731,100
N900_RS17200,NirD/YgiW/YdeI family stress tolerance protein,NirD/YgiW/YdeI family stress tolerance protein,,,NirD/YgiW/YdeI family stress tolerance protein,,,,VC_A0732,100
N900_RS17205,,,,,,,,,VC_A0733,100
N900_RS17210,,,,,,,,,VC_A0734,99.4
N900_RS17215,flagellar brake protein,flagellar brake protein,,,flagellar brake protein,,,,VC_A0735,99.6
N900_RS17220,luxQ,luxQ,luxQ,luxQ,response regulator,,,,VC_A0736,99.9
N900_RS17225,luxp,luxp,luxP,luxP,autoinducer 2-binding periplasmic protein LuxP,,,,VC_A0737,100
N900_RS17230,traf,traf,,,conjugal transfer protein TraF,,,,VC_A0738,100
N900_RS17235,VC_A0740_BLAST,VC_A0740_BLAST,,,DUF480 domain-containing protein,UPF0502 protein VC_A0740,,,VC_A0740,100
N900_RS17240,,,fruA,fruA,,,,,VC_A0516,34.3
N900_RS17245,tmaR_BLAST,tmaR_BLAST,tmaR,tmaR,DUF496 family protein,Pole-localizer protein TmaR,,,VC_A0741,100
N900_RS17250,,,,,,,,,VC_A0742,100
N900_RS17255,membrane protein_8,membrane protein_8,,,membrane protein,,,,VC_A0743,100
N900_RS17260,glpK,glpK,glpK,glpK,,,,,VC_A0744,100
N900_RS17265,glpF,glpF,nusB,nusB,aquaporin family protein,,,,VC_2267,26.8
N900_RS17275,glpA,glpA,,,,,,,VC_A0747,100
N900_RS17280,glpB,glpB,glpB,glpB,,,,,VC_A0748,100
N900_RS17285,glpC,glpC,,,,,,,VC_A0749,100
N900_RS17290,fabH2,fabH2,fabH2,fabH2,ketoacyl-ACP synthase III,,,,VC_A0751,100
N900_RS17295,trxC,trxC,,,,,,,VC_A0752,100
N900_RS17300,ycaD,ycaD,,,MFS transporter,,,,VC_A0753,99.7
N900_RS17305,lipase,lipase,,,lipase,,,,VC_A0754,99.6
N900_RS17310,tRNA-Cys_3,tRNA-Cys_3,,,,,,,VC_A0847,37.5
N900_RS17315,tRNA-Leu_6,tRNA-Leu_6,,,,,,,VC_0648,41.7
N900_RS17320,,,fabH2,fabH2,lactoylglutathione lyase family protein,,,,VC_A0751,28.4
N900_RS17325,lysr_5,lysr_5,,,LysR family transcriptional regulator,,,,VC_A0756,100
N900_RS17330,artM,artM,,,,,,,VC_A0757,100
N900_RS17335,artQ,artQ,,,,,,,VC_A0758,100
N900_RS17340,artI_1,artI_1,,,transporter substrate-binding domain-containing protein,,,,VC_A0759,100
N900_RS17345,artP,artP,,,,,,,VC_A0760,100
N900_RS17350,tRNA-Cys_2,tRNA-Cys_2,,,,,,,VC_A0847,37.5
N900_RS17355,viaA,viaA,,,,,,,VC_A0762,100
N900_RS17360,ravA,ravA,,,DUF3763 domain-containing protein,,,,VC_A0763,100
N900_RS17365,NUDIX hydrolase_2,NUDIX hydrolase_2,,,NUDIX hydrolase,,,,VC_A0764,99.5
N900_RS17370,ltaE,ltaE,,,,,,,VC_A0765,99.7
N900_RS17375,cytochrome c_3,cytochrome c_3,,,cytochrome c,,,,VC_A0766,100
N900_RS17380,ttgR,ttgR,,,TetR/AcrR family transcriptional regulator,,,,VC_A0767,100
N900_RS17385,rhlE_4,rhlE_4,,,DEAD/DEAH box helicase,,,,VC_A0768,100
N900_RS17390,acpH,acpH,,,DUF479 domain-containing protein,,,,VC_A0769,100
N900_RS17395,,,,,,,,,VC_A0770,100
N900_RS17400,tyrP,tyrP,,,amino acid permease,,,,VC_A0772,100
N900_RS17405,pctC_3,pctC_3,,,methyl-accepting chemotaxis protein,,,,VC_A0773,100
N900_RS17410,galE,galE,,,,,,,VC_A0774,100
N900_RS17415,,,,,,,,,VC_A0775,100
N900_RS17420,pxpA3,pxpA3,pxpA,pxpA,5-oxoprolinase subunit PxpA,,,,VC_A0776,99.6
N900_RS17425,pxpB,pxpB,,,allophanate hydrolase subunit 1,,,,VC_A0777,100
N900_RS17430,pxpC,pxpC,,,biotin-dependent carboxyltransferase family protein,,,,VC_A0778,100
N900_RS17435,FAD-dependent oxidoreductase_2,FAD-dependent oxidoreductase_2,,,FAD-dependent oxidoreductase,,,,VC_A0779,100
N900_RS17440,ugd,ugd,,,nucleotide sugar dehydrogenase,,,,VC_A0780,100
N900_RS17445,ABC transporter permease_7,ABC transporter permease_7,,,ABC transporter permease,,,,VC_A0781,100
N900_RS17450,lolD_2,lolD_2,,,ABC transporter ATP-binding protein,,,,VC_A0782,100
N900_RS17455,tesA,tesA,,,,,,,VC_A0783,99.5
N900_RS17460,fabV_2,fabV_2,fabV2,fabV2,trans-2-enoyl-CoA reductase family protein,,,,VC_A0784,100
N900_RS17465,sensor domain-containing phosphodiesterase,sensor domain-containing phosphodiesterase,,,GGDEF domain-containing protein,,,,VC_A0785,100
N900_RS17470,isopentenyl-diphosphate Delta-isomerase,isopentenyl-diphosphate Delta-isomerase,,,ABC-ATPase domain-containing protein,,,,VC_A0786,100
N900_RS17475,,,,,,,,,VC_A0787,100
N900_RS17480,dnaj,dnaj,,,DnaJ domain-containing protein,,,,VC_A0788,100
N900_RS17485,yjdF,yjdF,,,DUF2238 domain-containing protein,,,,VC_A0789,100
N900_RS17490,,,,,,,,,VC_A0790,98.9
N900_RS17495,insN_BLAST_D4,insN_BLAST_D4,,,IS3-like element ISVch4 family transposase,Transposase InsN for insertion sequence element IS911,,,VC_A0792,100
N900_RS17505,Rha family transcriptional regulator,Rha family transcriptional regulator,,,Rha family transcriptional regulator,,,,VC_A0793,100
N900_RS17510,,,,,,,,,VC_A0794,100
N900_RS17515,"resolvase, putative","resolvase, putative",,,recombinase family protein,,"resolvase, putative",,VC_A0795,99.7
N900_RS17520,transcription initiation factor TFIIIB,transcription initiation factor TFIIIB,mutM,mutM; fpg,transcription initiation factor TFIIIB,,,,VC_0221,47.4
N900_RS17525,yieH,yieH,,,HAD family hydrolase,,,,VC_A0798,100
N900_RS17530,,,,,,,,,VC_A0799,100
N900_RS17535,creA,creA,,,,,,,VC_A0800,100
N900_RS17540,gsk_2,gsk_2,gsk,gsk,inosine/guanosine kinase,,,,VC_A0801,100
N900_RS17545,mdoB,mdoB,,,LTA synthase family protein,,,,VC_A0802,99.8
N900_RS17550,vesA,vesA,,,,,,,VC_A0803,100
N900_RS17555,DEAD/DEAH box family ATP-dependent RNA helicase,DEAD/DEAH box family ATP-dependent RNA helicase,deaD,deaD; csdA,DEAD/DEAH box helicase,,,,VC_A0804,99.8
N900_RS17560,rnb,rnb,rnb,rnb,rnb,,,,VC_A0805,100
N900_RS17565,,,,,DUF3024 domain-containing protein,,,,VC_A0806,99.4
N900_RS17570,pstS_2,pstS_2,,,,,,,VC_A0807,100
N900_RS17575,MaoC family dehydratase,MaoC family dehydratase,,,MaoC family dehydratase,,,,VC_A0808,99.6
N900_RS17580,phrB_1,phrB_1,,,cryptochrome/photolyase family protein,,,,VC_A0809,100
N900_RS17585,gbpA,gbpA,gbpA,gbpA,,,,,VC_A0811,100
N900_RS17590,peptidase_4,peptidase_4,,,peptidase,,,,VC_A0812,100
N900_RS17595,Bacterial leucyl aminopeptidase_BLAST,Bacterial leucyl aminopeptidase_BLAST,,,M20/M25/M40 family metallo-hydrolase,Bacterial leucyl aminopeptidase,,,VC_A0813,100
N900_RS17600,speB,speB,,,,,,,VC_A0814,100
N900_RS17605,speA,speA,speA,speA,,,,,VC_A0815,100
N900_RS17610,mechanosensitive ion channel protein,mechanosensitive ion channel protein,,,mechanosensitive ion channel,,,,VC_A0817,99.5
N900_RS17615,mgtE_3,mgtE_3,,,magnesium transporter,,,,VC_A0818,99.8
N900_RS17620,groS_2,groS_2,groES2,groES2; groS2,co-chaperone GroES,,,,VC_A0819,100
N900_RS17625,groL_2,groL_2,groEL2,groEL2; groL2,,,,,VC_A0820,100
N900_RS17630,,,,,,,,,VC_A0821,100
N900_RS17635,ask,ask,,,aspartate kinase,,,,VC_A0822,100
N900_RS17640,ectC,ectC,ectC,ectC,L-ectoine synthase,,,,VC_A0823,100
N900_RS17645,ectB,ectB,ectB,ectB,,,,,VC_A0824,100
N900_RS17650,"L-2,4-diaminobutyric acid acetyltransferase","L-2,4-diaminobutyric acid acetyltransferase",ectA,ectA,"L-2,4-diaminobutyric acid acetyltransferase",,,,VC_A0825,100
N900_RS17655,4a-hydroxytetrahydrobiopterin dehydratase,4a-hydroxytetrahydrobiopterin dehydratase,,,4a-hydroxytetrahydrobiopterin dehydratase,,,,VC_A0827,100
N900_RS17660,phhA,phhA,phhA,phhA,phenylalanine 4-monooxygenase,,,,VC_A0828,100
N900_RS17665,acs_2,acs_2,,,acetoacetate--CoA ligase,,,,VC_A0829,100
N900_RS17670,LysR family transcriptional regulator_7,LysR family transcriptional regulator_7,,,LysR family transcriptional regulator,,,,VC_A0830,99.7
N900_RS17675,,,,,,,,,VC_A0831,100
N900_RS17680,"methyltransferase, putative","methyltransferase, putative",,,methyltransferase domain-containing protein,,"methyltransferase, putative",,VC_A0832,99.5
N900_RS17685,LysR family transcriptional regulator_10,LysR family transcriptional regulator_10,,,LysR family transcriptional regulator,,,,VC_A0833,100
N900_RS17690,cation diffusion facilitator family transporter,cation diffusion facilitator family transporter,,,cation diffusion facilitator family transporter,,,,VC_A0834,99.7
N900_RS17695,drug/metabolite DMT transporter permease,drug/metabolite DMT transporter permease,,,drug/metabolite DMT transporter permease,,,,VC_A0835,99.7
N900_RS17700,maa,maa,,,sugar O-acetyltransferase,,,,VC_A0836,100
N900_RS17705,HlyC/CorC family transporter_2,HlyC/CorC family transporter_2,,,HlyC/CorC family transporter,,,,VC_A0837,100
N900_RS17710,yhfA,yhfA,,,OsmC family protein,,,,VC_A0838,100
N900_RS17715,luxG,luxG,,,cell division protein DedD,,,,VC_A0840,100
N900_RS17725,glyceraldehyde-3-phosphate dehydrogenase,glyceraldehyde-3-phosphate dehydrogenase,,,glyceraldehyde-3-phosphate dehydrogenase,,,,VC_A0843,99.8
N900_RS17730,,,,,,,,,VC_A0845,100
N900_RS17735,lyse_3,lyse_3,,,LysE family translocator,,,,VC_A0846,100
N900_RS17740,yjeH,yjeH,,,,,,,VC_A0847,100
N900_RS17745,,,,,GGDEF domain-containing protein,,,,VC_A0848,100
N900_RS17750,retention module-containing protein,retention module-containing protein,,,retention module-containing protein,,,,VC_A0849,100
N900_RS17755,yehT_2,yehT_2,,,response regulator transcription factor,,,,VC_A0850,100
N900_RS17760,sensor histidine kinase_6,sensor histidine kinase_6,,,sensor histidine kinase,,,,VC_A0851,100
N900_RS17765,,,,,,,,,VC_A0852,99.8
N900_RS17770,outer membrane lipoprotein-sorting protein,outer membrane lipoprotein-sorting protein,,,outer membrane lipoprotein-sorting protein,,,,VC_A0853,100
N900_RS17775,lolE_2,lolE_2,,,ABC transporter permease,,,,VC_A0854,100
N900_RS17780,lolD_3,lolD_3,,,ABC transporter ATP-binding protein,,,,VC_A0855,100
N900_RS17785,,,,,,,,,VC_A0856,100
N900_RS17790,,,,,,,,,VC_A0858,100
N900_RS17795,ydhF,ydhF,,,aldo/keto reductase family oxidoreductase,,,,VC_A0859,100
N900_RS17800,malS,malS,,,alpha-amylase,,,,VC_A0860,100
N900_RS17805,,,,,,,,,VC_A0861,100
N900_RS17815,long-chain fatty acid outer membrane transporter,long-chain fatty acid outer membrane transporter,,,outer membrane protein transport protein,,,,VC_A0862,100
N900_RS17820,vola,vola,volA,volA,lysophospholipase VolA,,,,VC_A0863,100
N900_RS17825,bdlA_2,bdlA_2,,,PAS domain S-box protein,,,,VC_A0864,100
N900_RS17830,hapA,hapA,hap,hap,hemagglutinin/proteinase,,,,VC_A0865,100
N900_RS17835,,,,,,,,,VC_A0866,98.7
N900_RS17840,ompW,ompW,ompW,ompW,,,,,VC_A0867,100
N900_RS17845,,,,,,,,,VC_A0868,100
N900_RS17850,pbpG,pbpG,,,D-alanyl-D-alanine endopeptidase,,,,VC_A0870,100
N900_RS17855,norG,norG,,,PLP-dependent aminotransferase family protein,,,,VC_A0871,99.8
N900_RS17860,cytochrome bd oxidase subunit I,cytochrome bd oxidase subunit I,,,cytochrome bd oxidase subunit I,,,,VC_A0872,99.8
N900_RS17865,cydB_2,cydB_2,,,,,,,VC_A0873,100
N900_RS17870,,,,,,,,,VC_A0874,100
N900_RS17875,dsdA,dsdA,dsdA,dsdA,D-serine ammonia-lyase,,,,VC_A0875,100
N900_RS17880,dsdC,dsdC,,,,,,,VC_A0876,100
N900_RS17885,linear amide C-N hydrolase,linear amide C-N hydrolase,,,linear amide C-N hydrolase,,,,VC_A0877,100
N900_RS17890,integrase,integrase,,,tyrosine-type recombinase/integrase,,,,VC_A0878,100
N900_RS17900,,,,,,,,,VC_A0880,100
N900_RS17905,,,,,,,,,VC_A0881,100
N900_RS17910,,,,,,,,,VC_A0882,100
N900_RS17915,,,,,HBL/NHE enterotoxin family protein,,,,VC_A0883,100
N900_RS17920,,,,,,,,,VC_A0884,100
N900_RS17925,tdh,tdh,tdh,tdh,L-threonine 3-dehydrogenase,,,,VC_A0885,100
N900_RS17930,kbl,kbl,kbl,kbl,glycine C-acetyltransferase,,,,VC_A0886,100
N900_RS17945,LuxR family transcriptional regulator,LuxR family transcriptional regulator,,,,,,,VC_A0888,99.6
N900_RS17950,dmlR_6,dmlR_6,,,LysR family transcriptional regulator,,,,VC_A0889,100
N900_RS17955,yaeR_BLAST,yaeR_BLAST,,,VOC family protein,Uncharacterized protein YaeR,,,VC_A0890,100
N900_RS17960,,,,,PepSY domain-containing protein,,,,VC_A0891,99.8
N900_RS17965,,,,,,,,,VC_A0892,100
N900_RS17970,,,,,cytochrome b562 family protein,,,,VC_A0893,100
N900_RS17975,ycdX,ycdX,,,phosphatase,,,,VC_A0894,100
N900_RS17980,metal-dependent phosphohydrolase,metal-dependent phosphohydrolase,,,metal-dependent phosphohydrolase,,,,VC_A0895,99.9
N900_RS17985,zwf,zwf,zwf,zwf,glucose-6-phosphate dehydrogenase,,,,VC_A0896,100
N900_RS17990,pgl,pgl,pgl,pgl,pgl,,,,VC_A0897,100
N900_RS17995,gnd,gnd,,,gnd,,,,VC_A0898,100
N900_RS18000,,,,,,,,,VC_A0899,100
N900_RS18005,MBL fold metallo-hydrolase_3,MBL fold metallo-hydrolase_3,,,MBL fold metallo-hydrolase,,,,VC_A0900,99.7
N900_RS18010,,,,,DsbA family protein,,,,VC_A0901,100
N900_RS18015,,,,,,,,,VC_A0902,100
N900_RS18020,Pseudogene_N900_RS18020,Pseudogene_N900_RS18020,,,glycerate kinase,,,,,
N900_RS18025,dsdX,dsdX,,,GntP family permease,,,,VC_A0904,100
N900_RS18030,cdar,cdar,,,CdaR family transcriptional regulator,,,,VC_A0905,100
N900_RS18035,methyl-accepting chemotaxis protein_24,methyl-accepting chemotaxis protein_24,,,methyl-accepting chemotaxis protein,,,,VC_A0906,100
N900_RS18040,hutZ,hutZ,hutZ,hutZ,,,,,VC_A0907,100
N900_RS18045,hutX,hutX,hutX,hutX,,,,,VC_A0908,100
N900_RS18050,chuw,chuw,,,heme anaerobic degradation radical SAM methyltransferase ChuW/HutW,,,,VC_A0909,100
N900_RS18055,TonB_2,TonB_2,tonB,tonB,energy transducer TonB,,,,VC_A0910,99.6
N900_RS18060,exbB1,exbB1,exbB1,exbB1; exbB,MotA/TolQ/ExbB proton channel family protein,,,,VC_A0911,100
N900_RS18065,exbD1,exbD1,exbD1,exbD1; exbD,biopolymer transporter ExbD,,,,VC_A0912,100
N900_RS18070,hmuT,hmuT,,,hemin ABC transporter substrate-binding protein,,,,VC_A0913,100
N900_RS18075,hmuU,hmuU,,,iron ABC transporter permease,,,,VC_A0914,99.7
N900_RS18080,hmuV,hmuV,hmuV,hmuV; hutD,heme ABC transporter ATP-binding protein,,,,VC_A0915,99.6
N900_RS18085,TetR/AcrR family transcriptional regulator_5,TetR/AcrR family transcriptional regulator_5,,,TetR/AcrR family transcriptional regulator,,,,VC_A0917,99.4
N900_RS18090,,,,,DUF406 family protein,,,UPF0381 protein YiiS,VC_A0919,100
N900_RS18095,,,,,,,,,VC_A0920,100
N900_RS18100,acyltransferase_1,acyltransferase_1,,,acyltransferase,,,,VC_A0921,100
N900_RS18105,araC_2,araC_2,,,,,,,VC_A0922,100
N900_RS18110,mlp37,mlp37,,,methyl-accepting chemotaxis protein,,,,VC_A0923,100
N900_RS18115,hmp_2,hmp_2,,,MOSC domain-containing protein,,,,VC_A0924,100
N900_RS18120,pyrC,pyrC,pyrC,pyrC,,,,,VC_A0925,100
N900_RS18125,AraC family transcriptional regulator_4,AraC family transcriptional regulator_4,,,AraC family transcriptional regulator,,,,VC_A0926,99.7
N900_RS18130,yhaI,yhaI,,,DUF805 domain-containing protein,,,,VC_A0927,100
N900_RS18135,,,,,,,,,VC_A0928,100
N900_RS18140,rlmC,rlmC,rlmC,rlmC; rumB,,,,,VC_A0929,100
N900_RS18145,yedI,yedI,,,DUF808 domain-containing protein,,,,VC_A0930,100
N900_RS18150,VC_A0931_BLAST,VC_A0931_BLAST,,,HD-GYP domain-containing protein,3'3'-cGAMP-specific phosphodiesterase 3,,,VC_A0931,100
N900_RS18155,cspV_3,cspV_3,cspV,cspV,cold-shock protein,,,,VC_A0933,100
N900_RS18160,,,,,,,,,VC_A0935,99.2
N900_RS18165,M14 family metallocarboxypeptidase,M14 family metallocarboxypeptidase,,,M14 family metallocarboxypeptidase,,,,VC_A0936,100
N900_RS18170,AraC family transcriptional regulator_6,AraC family transcriptional regulator_6,,,helix-turn-helix transcriptional regulator,,,,VC_A0937,99.6
N900_RS18175,eamA_8,eamA_8,,,DMT family transporter,,,,VC_A0090,25.4
N900_RS18180,VC0395_0300_BLAST,VC0395_0300_BLAST,,,GGDEF domain-containing protein,Diguanylate cyclase,,,VC_A0939,100
N900_RS18185,glpR_2,glpR_2,,,DeoR/GlpR family transcriptional regulator,,,,VC_A0940,99.6
N900_RS18190,yciA_2,yciA_2,,,acyl-CoA thioesterase,,,,VC_A0941,100
N900_RS18195,,,,,,,,,VC_A0942,98.9
N900_RS18200,malG,malG,malG,malG,,,,,VC_A0943,100
N900_RS18205,malF,malF,malF,malF,,,,,VC_A0944,99.8
N900_RS18210,malE,malE,,,,,,,VC_A0945,100
N900_RS18215,malK,malK,malK,malK,,,,,VC_A0946,100
N900_RS18220,speG,speG,speG,speG,,,,,VC_A0947,100
N900_RS18225,,,,,,,,Protein rof,VC_A0948,100
N900_RS18230,SM-20,SM-20,,,SM-20,,,,VC_A0949,99.5
N900_RS18235,VCM66_A0911_BLAST,VCM66_A0911_BLAST,,,heavy metal-binding domain-containing protein,UPF0145 protein VCM66_A0911,,,VC_A0951,99.1
N900_RS18240,vpsT,vpsT,,,helix-turn-helix transcriptional regulator,,,,VC_A0952,100
N900_RS18245,ppiC,ppiC,,,peptidyl-prolyl cis-trans isomerase,,,,VC_A0953,100
N900_RS18250,CheV,CheV,,,chemotaxis protein CheV,,,,VC_A0954,100
N900_RS18255,marr_2,marr_2,,,MarR family transcriptional regulator,,,,VC_A0955,100
N900_RS18260,vdcA,vdcA,vdcA,vdcA,GGDEF domain-containing protein,,,,VC_A0956,99.7
N900_RS18265,malate synthase,malate synthase,,,malate synthase,,,,VC_A0957,100
N900_RS18270,,,,,DUF3612 domain-containing protein,,,,VC_A0958,100
N900_RS18280,sensor domain-containing diguanylate cyclase_5,sensor domain-containing diguanylate cyclase_5,,,sensor domain-containing diguanylate cyclase,,,,VC_A0960,100
N900_RS18285,AlkB,AlkB,,,alpha-ketoglutarate-dependent dioxygenase AlkB,,,,VC_A0961,100
N900_RS18290,,,,,DUF3541 domain-containing protein,,,,VC_A0962,100
N900_RS18295,DMT family transporter_2,DMT family transporter_2,,,DMT family transporter,,,,VC_A0963,100
N900_RS18300,gcvA_2,gcvA_2,,,LysR family transcriptional regulator,,,,VC_A0964,100
N900_RS18305,diguanylate cyclase_6,diguanylate cyclase_6,,,diguanylate cyclase,,,,VC_A0965,100
N900_RS18310,,,,,,,,,VC_A0966,100
N900_RS18315,VC_A0969_BLAST,VC_A0969_BLAST,,,pirin family protein,"Putative quercetin 2,3-dioxygenase VC_A0969",,,VC_A0969,100
N900_RS18320,pyrimidine/purine nucleoside phosphorylase,pyrimidine/purine nucleoside phosphorylase,ppnP,ppnP,pyrimidine/purine nucleoside phosphorylase,,,,VC_A0970,99
N900_RS18325,,,,,DUF2850 domain-containing protein,,,,VC_A0971,100
N900_RS18330,MFS transporter_2,MFS transporter_2,,,MFS transporter,,,,VC_A0972,100
N900_RS18335,,,,,,,,,VC_A0973,100
N900_RS18340,methyl-accepting chemotaxis protein_25,methyl-accepting chemotaxis protein_25,,,methyl-accepting chemotaxis protein,,,,VC_A0974,99.8
N900_RS18345,ATP-binding protein_2,ATP-binding protein_2,,,ATP-binding protein,,,,VC_A0975,100
N900_RS18350,,,,,,,,,VC_A0976,100
N900_RS18355,lktB_2,lktB_2,,,ABC transporter ATP-binding protein,,,,VC_A0977,100
N900_RS18360,artI_2,artI_2,,,transporter substrate-binding domain-containing protein,,,,VC_A0978,100
N900_RS18365,mcpQ,mcpQ,,,methyl-accepting chemotaxis protein,,,,VC_A0979,99.7
N900_RS18370,,,,,,,,,VC_A0980,100
N900_RS18375,ABC transporter,ABC transporter,,,transporter substrate-binding domain-containing protein,,,,VC_A0981,100
N900_RS18380,dmlR,dmlR,,,LysR family transcriptional regulator,,,,VC_A0982,100
N900_RS18385,L-lactate permease,L-lactate permease,,,L-lactate permease,,,,VC_A0983,99.8
N900_RS18390,lldd,lldd,lldD,lldD,FMN-dependent L-lactate dehydrogenase LldD,,,,VC_A0984,100
N900_RS18395,FAD-binding oxidoreductase,FAD-binding oxidoreductase,,,FAD-binding oxidoreductase,,,,VC_A0985,100
N900_RS18400,ppsR,ppsR,,,kinase/pyrophosphorylase,,,,VC_A0986,100
N900_RS18405,ppsA,ppsA,,,,,,,VC_A0987,99.9
N900_RS18410,aer_2,aer_2,,,methyl-accepting chemotaxis protein,,,,VC_A0988,100
N900_RS18415,norM_3,norM_3,,,MATE family efflux transporter,,,,VC_A0989,99.8
N900_RS18420,ATP-dependent helicase_2,ATP-dependent helicase_2,,,DEAD/DEAH box helicase,,,,VC_A0990,99.8
N900_RS18425,dmlR_8,dmlR_8,,,LysR family transcriptional regulator,,,,VC_A0991,100
N900_RS18430,grxB,grxB,,,,,,,VC_A0992,100
N900_RS18435,nemA_1,nemA_1,,,alkene reductase,,,,VC_A0993,100
N900_RS18440,amidinotransferase,amidinotransferase,,,amidinotransferase,,,,VC_A0994,99.7
N900_RS18445,vcaM,vcaM,,,,,,,VC_A0996,100
N900_RS18450,,,,,,,,,VC_A0997,99.6
N900_RS18455,nemA_2,nemA_2,,,alkene reductase,,,,VC_A0998,100
N900_RS18460,tetr_2,tetr_2,,,TetR/AcrR family transcriptional regulator,,,,VC_A0999,99.5
N900_RS18465,LysE family translocator_2,LysE family translocator_2,,,LysE family translocator,,,,VC_A1000,100
N900_RS18470,rhaS_4,rhaS_4,,,AraC family transcriptional regulator,,,,VC_A1001,99.6
N900_RS18475,ygaZ,ygaZ,,,AzlC family ABC transporter permease,,,,VC_A1002,100
N900_RS18480,,,,,AzlD domain-containing protein,,,,VC_A1003,100
N900_RS18485,ycgM,ycgM,,,fumarylacetoacetate hydrolase family protein,,,,VC_A1004,100
N900_RS18490,sarZ_2,sarZ_2,,,MarR family transcriptional regulator,,,,VC_A1005,100
N900_RS18495,organic hydroperoxide resistance protein,organic hydroperoxide resistance protein,,,organic hydroperoxide resistance protein,,,,VC_A1006,99.3
N900_RS18500,porin,porin,,,porin,,,,VC_A1008,100
N900_RS18505,ribN_BLAST,ribN_BLAST,ribN,ribN,DMT family transporter,Riboflavin transporter,,,VC_A1010,100
N900_RS18510,glutaredoxin,glutaredoxin,,,glutaredoxin,,,,VC_A1011,100
N900_RS18515,yjiG,yjiG,,,,,,,VC_A1012,100
N900_RS18520,,,,,YjiH family protein,,,,VC_A1013,100
N900_RS18525,nhad,nhad,,,Na+/H+ antiporter NhaD,,,,VC_A1015,100
N900_RS18530,,,,,,,,,VC_A1016,100
N900_RS18535,ogt,ogt,,,methylated-DNA--[protein]-cysteine S-methyltransferase,,,,VC_A1017,100
N900_RS18540,alkA,alkA,,,DNA-3-methyladenine glycosylase 2 family protein,,,,VC_A1018,100
N900_RS18545,mhqP,mhqP,,,DoxX family protein,,,,VC_A1019,99.3
N900_RS18550,LysR family transcriptional regulator_9,LysR family transcriptional regulator_9,,,LysR family transcriptional regulator,,,,VC_A1020,99.7
N900_RS18555,,,,,,,,Macrodomain Ori protein,VC_A1021,100
N900_RS18560,flavohemoglobin expression-modulating QEGLA motif protein,flavohemoglobin expression-modulating QEGLA motif protein,,,flavohemoglobin expression-modulating QEGLA motif protein,,,,VC_A1023,100
N900_RS18565,,,,,DUF3081 domain-containing protein,,,,VC_A1024,100
N900_RS18570,nagB,nagB,nagB,nagB,,,,,VC_A1025,100
N900_RS18575,,,,,sel1 repeat family protein,,,,VC_A1026,100
N900_RS18580,maltose operon protein,maltose operon protein,,,maltose operon protein,,,,VC_A1027,100
N900_RS18585,maltoporin,maltoporin,lamB,lamB; ompS,maltoporin,,,,VC_A1028,100
N900_RS18590,glgX,glgX,,,,,,,VC_A1029,100
N900_RS18595,,,,,DUF2999 family protein,,,,VC_A1030,100
N900_RS18600,methyl-accepting chemotaxis protein_27,methyl-accepting chemotaxis protein_27,,,methyl-accepting chemotaxis protein,,,,VC_1313,48.2
N900_RS18605,,,,,,,,,VC_A1032,100
N900_RS18610,carbohydrate ABC transporter substrate-binding protein,carbohydrate ABC transporter substrate-binding protein,,,carbohydrate ABC transporter substrate-binding protein,,,,VC_A1033,100
N900_RS18615,methyl-accepting chemotaxis protein_19,methyl-accepting chemotaxis protein_19,,,methyl-accepting chemotaxis protein,,,,VC_A1034,100
N900_RS18620,,,,,DUF3297 family protein,,,,VC_A1035,100
N900_RS18625,aroG,aroG,,,,,,,VC_1507,53.1
N900_RS18630,glnQ_2,glnQ_2,,,amino acid ABC transporter ATP-binding protein,,,,VC_A1037,100
N900_RS18635,amino acid ABC transporter permease,amino acid ABC transporter permease,,,amino acid ABC transporter permease,,,,VC_A1038,99.6
N900_RS18640,fliY,fliY,,,transporter substrate-binding domain-containing protein,,,,VC_A1039,100
N900_RS18645,glnP,glnP,,,amino acid ABC transporter permease,,,,VC_A1040,100
N900_RS18650,pgcA,pgcA,,,phospho-sugar mutase,,,,VC_A1041,100
N900_RS18655,polymer-forming cytoskeletal protein,polymer-forming cytoskeletal protein,,,polymer-forming cytoskeletal protein,,,,VC_A1042,100
N900_RS18660,Pseudogene_N900_RS18660,Pseudogene_N900_RS18660,,,M23 family metallopeptidase,,,,,
N900_RS18665,,,,,,,,,VC_A1044,100
N900_RS18670,mtlA,mtlA,mtlA,mtlA,PTS mannitol transporter subunit IICBA,,,,VC_A1045,100
N900_RS18675,mtlD,mtlD,mtlD,mtlD,mannitol-1-phosphate 5-dehydrogenase,,,,VC_A1046,100
N900_RS18680,MltR family transcriptional regulator,MltR family transcriptional regulator,,,MltR family transcriptional regulator,,,,VC_A1047,100
N900_RS18685,yceM,yceM,,,Gfo/Idh/MocA family oxidoreductase,,,,VC_A1048,100
N900_RS18690,MBL fold metallo-hydrolase_4,MBL fold metallo-hydrolase_4,,,MBL fold metallo-hydrolase,,,,VC_A1049,99.7
N900_RS18695,,,,,,,,,VC_A1050,99.7
N900_RS18700,yccf,yccf,,,YccF domain-containing protein,,,,VC_A1051,100
N900_RS18705,,,,,sulfite exporter TauE/SafE family protein,,,,VC_A1052,100
N900_RS18710,,,,,rhodanese-like domain-containing protein,,,HTH-type transcriptional regulator Rv0324,VC_A1053,100
N900_RS18715,NAD(P)-dependent oxidoreductase,NAD(P)-dependent oxidoreductase,,,NAD(P)-dependent oxidoreductase,,,,VC_A1054,100
N900_RS18720,LysR family transcriptional regulator_8,LysR family transcriptional regulator_8,,,LysR family transcriptional regulator,,,,VC_A1055,99.3
N900_RS18725,methyl-accepting chemotaxis protein_17,methyl-accepting chemotaxis protein_17,,,methyl-accepting chemotaxis protein,,,,VC_A1056,100
N900_RS18730,ydfG,ydfG,,,SDR family oxidoreductase,,,,VC_A1057,100
N900_RS18735,dmlR_10,dmlR_10,,,LysR family transcriptional regulator,,,,VC_A1058,100
N900_RS18740,trmY,trmY,,,,,,,VC_A1059,100
N900_RS18745,ribB,ribB,ribB,ribB,"3,4-dihydroxy-2-butanone-4-phosphate synthase",,,,VC_A1060,100
N900_RS18750,potE,potE,potE,potE,,,,,VC_A1062,100
N900_RS18755,speF,speF,,,,,,,VC_A1063,100
N900_RS18760,,,,,,,,,VC_A1066,98.7
N900_RS18765,calB,calB,,,coniferyl aldehyde dehydrogenase,,,,VC_A1067,100
N900_RS18770,lrp_3,lrp_3,,,Lrp/AsnC family transcriptional regulator,,,,VC_A1068,100
N900_RS18775,methyl-accepting chemotaxis protein_22,methyl-accepting chemotaxis protein_22,,,methyl-accepting chemotaxis protein,,,,VC_A1069,99.8
N900_RS18780,,,,,,,,,VC_A1070,100
N900_RS18785,putP,putP,,,,,,,VC_A1071,100
N900_RS18790,1-pyrroline-5-carboxylate dehydrogenase,1-pyrroline-5-carboxylate dehydrogenase,,,1-pyrroline-5-carboxylate dehydrogenase,,,,VC_A1072,100
N900_RS18795,putA,putA,astD,astD,,,,,VC_2616,30.9
N900_RS18800,rhaS_5,rhaS_5,,,helix-turn-helix transcriptional regulator,,,,VC_A1074,100
N900_RS18805,,,,,PEGA domain-containing protein,,,,VC_A1075,100
N900_RS18810,egtb,egtb,,,SUMF1/EgtB/PvdO family nonheme iron enzyme,,,,VC_A1077,100
N900_RS18815,PAS domain S-box protein_2,PAS domain S-box protein_2,,,helix-turn-helix transcriptional regulator,,,,VC_A1078,100
N900_RS18820,pdxH,pdxH,pdxH,pdxH,,,,,VC_A1079,100
N900_RS18825,HlyD family type I secretion periplasmic adaptor subunit_2,HlyD family type I secretion periplasmic adaptor subunit_2,,,HlyD family type I secretion periplasmic adaptor subunit,,,,VC_A1080,99.8
N900_RS18830,transglutaminase-like cysteine peptidase,transglutaminase-like cysteine peptidase,,,transglutaminase-like cysteine peptidase,,,,VC_A1081,100
N900_RS18835,,,,,EAL domain-containing protein,,,,VC_A1082,98.5
N900_RS18840,apxIB_2,apxIB_2,,,type I secretion system permease/ATPase,,,,VC_A1084,100
N900_RS18845,,,,,DUF342 domain-containing protein,,,,VC_A1085,100
N900_RS18850,rcsC_11,rcsC_11,,,SpoIIE family protein phosphatase,,,,VC_A1086,99.8
N900_RS18855,btrV,btrV,,,STAS domain-containing protein,,,,VC_A1087,100
N900_RS18860,mlp44,methyl-accepting chemotaxis protein_29,,,methyl-accepting chemotaxis protein,,,,VC_A1088,100
N900_RS18865,cheB3,cheB_2,cheB1,cheB1,chemotaxis response regulator protein-glutamate methylesterase,,,,VC_2062,36.5
N900_RS18870,cheD,cheD,cheD,cheD,,,,,VC_A1090,99.6
N900_RS18875,cheR3,cheR_2,cheR3,cheR3,Chemotaxis protein methyltransferase 3,,,,VC_A1091,100
N900_RS18880,mlp5,methyl-accepting chemotaxis protein_18,,,PAS domain-containing protein,,,,VC_A1092,99.9
N900_RS18885,cheW2,chew_3,,,purine-binding chemotaxis protein CheW,,,,VC_A1093,100
N900_RS18890,cheW3,chew_2,,,purine-binding chemotaxis protein CheW,,,,VC_A1094,100
N900_RS18900,cheA3,Pseudogene_N900_RS18900,,,chemotaxis protein CheA,,,,,
N900_RS18905,cheY4,response regulator_4,,,response regulator,,,,VC_A1096,99.2
N900_RS18910,,,,,STAS domain-containing protein,,,,VC_A1097,99
N900_RS18915,ABC transporter substrate-binding protein_10,ABC transporter substrate-binding protein_10,,,ABC transporter substrate-binding protein,,,,VC_A1098,99.8
N900_RS18920,Pseudogene_N900_RS18920,Pseudogene_N900_RS18920,,,ABC transporter permease,,,,,
N900_RS18925,ABC transporter permease_8,ABC transporter permease_8,,,ABC transporter permease,,,,VC_A1100,100
N900_RS18930,ABC transporter ATP-binding protein_4,ABC transporter ATP-binding protein_4,,,ABC transporter ATP-binding protein,,,,VC_A1101,99.8
N900_RS18935,eptA,eptA,,,phosphoethanolamine transferase,,,,VC_A1102,99.8
N900_RS18940,qseC,qseC,,,sensor histidine kinase,,,,VC_A0531,29.5
N900_RS18945,qseB,qseB,,,response regulator,,,,VC_A1105,100
N900_RS18950,tetratricopeptide repeat protein,tetratricopeptide repeat protein,,,tetratricopeptide repeat protein,,,,VC_A1107,100
N900_RS18955,fabG_4,fabG_4,,,SDR family oxidoreductase,,,,VC_A1108,100
N900_RS18960,biliverdin-producing heme oxygenase,biliverdin-producing heme oxygenase,,,iron-containing redox enzyme family protein,,,,VC_A1109,99.2
N900_RS18965,menE_2,menE_2,,,AMP-binding protein,,,,VC_A1110,100
N900_RS18970,thermostable hemolysin,thermostable hemolysin,,,thermostable hemolysin,,,,VC_A1111,100
N900_RS18975,tmca,tmca,tmcA,tmcA,tRNA cytosine(34) acetyltransferase TmcA,,,,VC_A1112,100
N900_RS18980,potD_3,potD_3,,,spermidine/putrescine ABC transporter substrate-binding protein,,,,VC_A1113,100
N900_RS18985,sopB,sopB,,,ParB/RepB/Spo0J family partition protein,,,,VC_A1114,100
N900_RS18990,para,para,,,ParA family protein,,,,VC_A1115,100
N900_RS18995,,,,,,,,,VC_2263,77.8
N900_RS19000,,,,,,,,,VC_0729,83.3
N900_RS19005,,,,,,,,,VC_0314,97.8
N900_RS19010,SOS-response transcriptional repressor,SOS-response transcriptional repressor,,,SOS-response transcriptional repressor,,,,VC_0525,40
N900_RS19015,,,glsA,glsA,,,,,VC_0454,37.9
N900_RS19020,,,priA,priA,,,,,VC_2678,60
N900_RS19025,ComF-related protein,ComF-related protein,,,ComF family protein,,ComF-related protein,,VC_2719,100
N900_RS19030,,,,,,,,,VC_0729,82.1
N900_RS19035,,,,,,,,,VC_A1069,33.3
N900_RS19040,ssrS,ssrS,tdk,tdk,,,,,VC_1167,40.9
N900_RS19045,,,,,,,,,VC_1643,23.6
N900_RS19050,,,,,,,,,VC_0279,36.8
N900_RS19055,thrL,thrL,,,,,,,VC_0965,33.3
N900_RS19060,,,,,,,,,VC_0729,80
N900_RS19065,B0244.7_BLAST,B0244.7_BLAST,,,,Putative G-protein coupled receptor B0244.7,,,VC_1621,57.1
N900_RS19070,Pseudogene_N900_RS19070,Pseudogene_N900_RS19070,,,,,,,,
N900_RS19075,,,,,,,,,VC_1776,41.2
N900_RS19080,,,,,,,,,VC_A0728,32.1
N900_RS19085,,,,,,,,,VC_0729,84.6
N900_RS19090,,,,,,,,,VC_0729,88.5
N900_RS19095,,,,,,,,,VC_1991,100
N900_RS19100,,,,,,,,,VC_1948,100
N900_RS19105,,,,,,,,,VC_A0510,64.3
N900_RS19120,,,,,DUF2787 domain-containing protein,,,,VC_1804,100
N900_RS19125,XRE family transcriptional regulator_6,XRE family transcriptional regulator_6,,,helix-turn-helix transcriptional regulator,,,,VC_1803,100
N900_RS19130,,,,,,,,,VC_A1058,38.5
N900_RS19135,,,,,,,,,VC_2393,77.3
N900_RS19140,,,,,,,,,VC_A0898,47.1
N900_RS19145,,,,,,,,,,
N900_RS19150,,,,,,,,,VC_0449,31.7
N900_RS19155,,,,,,,,,VC_0874,40
N900_RS19160,Pseudogene_N900_RS19160,Pseudogene_N900_RS19160,,,,,,,,
N900_RS19165,,,,,,,,,VC_0695,31
N900_RS19185,,,,,,,,,VC_0874,54
N900_RS19190,,,,,,,,,VC_0729,83.3
N900_RS19200,,,prfC,prfC,,,,,VC_0659,32.5
N900_RS19205,,,prfC,prfC,,,,,VC_0659,32.5
N900_RS19210,,,tolB,tolB,,,,,VC_1836,63.6
N900_RS19215,,,tolB,tolB,,,,,VC_1836,63.6
N900_RS19220,,,,,,,,,VC_1073,36
N900_RS19225,,,,,,,,,VC_A0233,32.4
N900_RS19230,,,,,,,,,VC_1818,42.9
N900_RS19235,,,,,,,,,VC_1253,99.3
N900_RS19240,,,,,,,,,VC_0729,94.4
N900_RS19245,ffs,ffs,,,,,,,VC_A1100,31.6
N900_RS19250,,,,,,,,,VC_0729,72.2
N900_RS19255,ssrA tmRNA,ssrA tmRNA,,,ssrA tmRNA,,,,,
N900_RS19265,preprotein translocase,preprotein translocase,,,tyrosine-type recombinase/integrase,,,,VC_1758,79.5
N900_RS19270,tcpR,tcpR,tcpR,tcpR,,,,,VC_0832,100
N900_RS19280,Pseudogene_N900_RS19280,Pseudogene_N900_RS19280,,,IS5 family transposase,,,,,
N900_RS19285,glyoxalase_1,glyoxalase_1,,,glyoxalase,,,,VC_A0619,32.8
N900_RS19290,Pseudogene_N900_RS19290,Pseudogene_N900_RS19290,,,transcriptional regulator,,,,,
N900_RS19295,prfC_BLAST,prfC_BLAST,prfC,prfC,,Peptide chain release factor 3,,,VC_0659,89.3
N900_RS19300,,,,,,,,,VC_0588,71
N900_RS19305,,,malK,malK,,,,,VC_A0946,38.9
N900_RS19310,,,hflX,hflX,,,,,VC_0348,43.9
N900_RS19320,Pseudogene_N900_RS19320,Pseudogene_N900_RS19320,,,ISAs1 family transposase,,,,,
N900_RS19325,,,,,,,,,VC_1382,41.7
N900_RS19335,,,,,,,,,VC_1319,41.2
N900_RS19340,,,,,,,,,VC_1071,31.1
N900_RS19345,,,,,,,,,VC_0008,40
N900_RS19350,transcriptional regulator_3,transcriptional regulator_3,,,helix-turn-helix transcriptional regulator,,,,VC_A0094,99.2
N900_RS19355,,,,,,,,,VC_0729,88.5
N900_RS19360,tnaC,tnaC,,,,,,,VC_2453,58.3
N900_RS19365,,,,,,,,,VC_2155,82.4
N900_RS19370,HNH endonuclease_3,HNH endonuclease_3,,,HNH endonuclease,,,,VC_A0309,38.1
N900_RS19375,,,,,,,,,VC_2155,82.4
N900_RS19380,,,,,,,,,VC_A0286,100
N900_RS19385,Pseudogene_N900_RS19385,Pseudogene_N900_RS19385,,,,,,,,
N900_RS19390,,,,,DUF3265 domain-containing protein,,,,VC_1260,40
N900_RS19395,,,,,DUF3265 domain-containing protein,,,,VC_0807,41.7
N900_RS19400,GspI,GspI,,,general secretion pathway protein GspI,,,,VC_A0209,31.8
N900_RS19405,,,,,DUF3265 domain-containing protein,,,,VC_1879,40.7
N900_RS19410,,,,,,,,,VC_A0399,46.3
N900_RS19420,VC_A0354_BLAST_5,VC_A0354_BLAST_5,,,,UPF0157 protein VC_A0354,,,VC_A0474,82.1
N900_RS19435,,,,,DUF3709 domain-containing protein,,,,VC_A0325,99.1
N900_RS19445,,,,,DUF3265 domain-containing protein,,,,VC_1879,40.7
N900_RS19450,,,,,DUF3709 domain-containing protein,,,,VC_A0325,94.8
N900_RS19460,,,,,,,,,VC_0315,44.4
N900_RS19480,Pseudogene_N900_RS19480,Pseudogene_N900_RS19480,,,general secretion pathway protein GspI,,,,,
N900_RS19490,,,,,DUF3265 domain-containing protein,,,,VC_1879,40.7
N900_RS19500,Pseudogene_N900_RS19500,Pseudogene_N900_RS19500,,,lipocalin family protein,,,,,
N900_RS19505,,,,,,,,,VC_A0354,39
N900_RS19510,,,,,DUF3265 domain-containing protein,,,,VC_0370,46.2
N900_RS19515,,,,,DUF3265 domain-containing protein,,,,VC_0807,37.5
N900_RS19525,,,fabH2,fabH2,DUF3265 domain-containing protein,,,,VC_A0751,38.1
N900_RS19530,,,,,,,,,VC_A0362,99
N900_RS19535,acetyltransferase,acetyltransferase,,,acetyltransferase,,,,VC_A0431,74.1
N900_RS19540,,,,,DUF3265 domain-containing protein,,,,VC_A0423,47.6
N900_RS19550,Pseudogene_N900_RS19550,Pseudogene_N900_RS19550,,,DUF645 family protein,,,,,
N900_RS19565,,,,,,,,,VC_A0423,66.7
N900_RS19570,Pseudogene_N900_RS19570,Pseudogene_N900_RS19570,,,acetyltransferase,,,,,
N900_RS19580,,,,,DUF3709 domain-containing protein,,,,VC_A0424,88.3
N900_RS19585,VC_A0354_BLAST_8,VC_A0354_BLAST_8,,,,UPF0157 protein VC_A0354,,,VC_A0505,85.7
N900_RS19590,,,,,DUF3265 domain-containing protein,,,,VC_A0891,57.1
N900_RS19595,,,,,DUF645 family protein,,,,VC_A0437,97.6
N900_RS19610,Pseudogene_N900_RS19610,Pseudogene_N900_RS19610,,,,,,,,
N900_RS19615,,,,,,,,,VC_A0480,56
N900_RS19620,,,,,,,,,VC_A0460,100
N900_RS19635,Pseudogene_N900_RS19635,Pseudogene_N900_RS19635,,,DUF645 family protein,,,,,
N900_RS19640,Pseudogene_N900_RS19640,Pseudogene_N900_RS19640,,,DUF1196 domain-containing protein,,,,,
N900_RS19645,,,,,,,,,VC_A0423,84.6
N900_RS19650,VC_A0354_BLAST_4,VC_A0354_BLAST_4,,,,UPF0157 protein VC_A0354,,,VC_A0505,80
N900_RS19655,,,,,DUF1289 domain-containing protein,,,,VC_A0314,96.6
N900_RS19685,,,,,,,,,VC_A0838,42.9
N900_RS19690,,,,,,,,,VC_0588,85.7
N900_RS19700,Pseudogene_N900_RS19700,Pseudogene_N900_RS19700,,,,,,,,
N900_RS19705,,,,,,,,,VC_1531,33.3
N900_RS19715,,,,,,,,,VC_0729,96.2
N900_RS19720,cydX_2,cydX_2,,,,,,,VC_1842,50
N900_RS19725,,,,,,,,,VC_0072,32.1
N900_RS19730,transposase,transposase,,,IS3 family transposase,,,,VC_A0791,42.3
N900_RS19735,,,,,,,,,VC_1830,66.7
N900_RS19740,,,glgA,glgA,,,,,VC_1726,38.1
N900_RS19745,hchA,hchA,,,,,,,,
N900_RS19750,,,nadK,nadK,,,,,VC_0853,46.7
N900_RS19755,,,mreB,mreB,,,,,VC_0415,35.7
N900_RS19760,,,,,,,,,VC_A1061,97.7
N900_RS19765,speFL_BLAST,speFL_BLAST,speFL,speFL,DUF2618 domain-containing protein,Leader peptide SpeFL,,,VC_A1065,100
N900_RS19770,rfbP protein,rfbP protein,,,rfbP protein,,,,VC_2155,86.7
N900_RS19775,pulA,pulA,,,,,,,,
N900_RS19780,Pseudogene_N900_RS19780,Pseudogene_N900_RS19780,,,rfbP protein,,,,,
N900_RS19785,Pseudogene_N900_RS19785,Pseudogene_N900_RS19785,,,diguanylate cyclase,,,,,
N900_RS19790,mets,mets,,,MetS family NSS transporter small subunit,,,,VC_A0173,42.9
N900_RS19795,ynhF,ynhF,,,,,,,VC_2010,100
N900_RS19800,,,,,,,,,VC_1541,42.1
N900_RS19805,,,,,,,,,VC_1353,41.7
N900_RS19810,Pseudogene_N900_RS19810,Pseudogene_N900_RS19810,,,inovirus Gp2 family protein,,,,,
N900_RS19815,Pseudogene_N900_RS19815,Pseudogene_N900_RS19815,,,cadherin repeat domain-containing protein,,,,,
N900_RS19820,budA,budA,,,,,,,,
N900_RS19825,,,,,,,,,VC_0729,83.3
N900_RS19830,,,,,,,,,VC_0729,56
N900_RS19835,Pseudogene_N900_RS19835,Pseudogene_N900_RS19835,,,phosphohydrolase,,,,,
N900_RS19840,TRAP transporter small permease subunit,TRAP transporter small permease subunit,,,TRAP transporter small permease subunit,,,,VC_1274,100
N900_RS19845,,,,,,,,,VC_0978,100
N900_RS19850,Pseudogene_N900_RS19850,Pseudogene_N900_RS19850,,,DNA ligase,,,,,
N900_RS19855,Pseudogene_N900_RS19855,Pseudogene_N900_RS19855,,,transposase,,,,,
N900_RS19860,,,,,,,,,VC_0621,100
N900_RS19865,Pseudogene_N900_RS19865,Pseudogene_N900_RS19865,,,IS200/IS605 family transposase,,,,,
N900_RS19870,Pseudogene_N900_RS19870,Pseudogene_N900_RS19870,,,rfbP protein,,,,,
N900_RS19875,,,,,,,,,VC_2547,38.2
N900_RS19880,Pseudogene_N900_RS19880,Pseudogene_N900_RS19880,,,,,,,,
N900_RS19885,VC_A0354_BLAST_10,VC_A0354_BLAST_10,,,acetyltransferase,UPF0157 protein VC_A0354,,,VC_A0505,75
N900_RS19890,,,parD,parD; .1,DUF1196 domain-containing protein,,,,VC_A0360,88.9
N900_RS19895,iron transporter,iron transporter,,,iron transporter,,,,VC_A0351,81.8
N900_RS19900,Pseudogene_N900_RS19900,Pseudogene_N900_RS19900,,,type II toxin-antitoxin system RelE/ParE family toxin,,,,,
N900_RS19905,,,,,,,,,VC_A0423,92.6
N900_RS19910,,,,,DUF645 family protein,,,,VC_A0304,73.2
N900_RS19915,,,,,,,,,VC_A0306,83.3
N900_RS19920,,,,,,,,,VC_A0423,92.3
N900_RS19925,Pseudogene_N900_RS19925,Pseudogene_N900_RS19925,,,DUF3265 domain-containing protein,,,,,
N900_RS19930,Pseudogene_N900_RS19930,Pseudogene_N900_RS19930,,,DUF3709 domain-containing protein,,,,,
N900_RS19935,VC_A0354_BLAST_7,VC_A0354_BLAST_7,,,,UPF0157 protein VC_A0354,,,VC_A0505,84
N900_RS19940,Pseudogene_N900_RS19940,Pseudogene_N900_RS19940,,,DUF645 family protein,,,,,
N900_RS19945,,,ftsI,ftsI,DUF3265 domain-containing protein,,,,VC_2407,50
N900_RS19950,,,,,DUF3265 domain-containing protein,,,,VC_1653,37.5
N900_RS19955,,,,,DUF3265 domain-containing protein,,,,VC_A0103,42.3
N900_RS19960,Pseudogene_N900_RS19960,Pseudogene_N900_RS19960,,,,,,,,
N900_RS19965,Pseudogene_N900_RS19965,Pseudogene_N900_RS19965,,,acetyltransferase,,,,,
N900_RS19970,VC_A0354_BLAST_9,VC_A0354_BLAST_9,,,,UPF0157 protein VC_A0354,,,VC_A0420,90.9
N900_RS19975,Pseudogene_N900_RS19975,Pseudogene_N900_RS19975,,,exlusion protein FxsA,,,,,
N900_RS19980,Pseudogene_N900_RS19980,Pseudogene_N900_RS19980,,,nitrate reductase,,,,,
N900_RS19985,Pseudogene_N900_RS19985,Pseudogene_N900_RS19985,,,DUF3265 domain-containing protein,,,,,
N900_RS19990,Pseudogene_N900_RS19990,Pseudogene_N900_RS19990,,,,,,,,
N900_RS19995,Pseudogene_N900_RS19995,Pseudogene_N900_RS19995,,,DUF645 family protein,,,,,
N900_RS20000,Pseudogene_N900_RS20000,Pseudogene_N900_RS20000,,,,,,,,
N900_RS20005,Pseudogene_N900_RS20005,Pseudogene_N900_RS20005,,,acetyltransferase,,,,,
N900_RS20010,,,,,,,,,VC_A0418,75
N900_RS20015,,,ftsI,ftsI,DUF3265 domain-containing protein,,,,VC_2407,46.7
N900_RS20020,Pseudogene_N900_RS20020,Pseudogene_N900_RS20020,,,GNAT family N-acetyltransferase,,,,,
N900_RS20025,Pseudogene_N900_RS20025,Pseudogene_N900_RS20025,,,DUF3265 domain-containing protein,,,,,
N900_RS20030,,,,,DUF1196 domain-containing protein,,,,VC_A0427,40
N900_RS20035,VC_A0354_BLAST_2,VC_A0354_BLAST_2,,,,UPF0157 protein VC_A0354,,,VC_A0505,87
N900_RS20040,,,,,DUF3709 domain-containing protein,,,,VC_A0424,82.5
N900_RS20045,transcriptional regulator,transcriptional regulator,,,transcriptional regulator,,,,VC_A0423,88.9
N900_RS20050,,,ftsI,ftsI,DUF3265 domain-containing protein,,,,VC_2407,50
N900_RS20055,,,,,,,,,VC_A0423,84.6
N900_RS20060,,,vgrG3,vgrG3,DUF3265 domain-containing protein,,,,VC_A0123,41.2
N900_RS20065,VC_A0354_BLAST_3,VC_A0354_BLAST_3,,,,UPF0157 protein VC_A0354,,,VC_A0424,59
N900_RS20070,VC_A0354_BLAST_6,VC_A0354_BLAST_6,,,acetyltransferase,UPF0157 protein VC_A0354,,,VC_A0351,87
N900_RS20075,,,,,DUF645 family protein,,,,VC_A0302,73.2
N900_RS20080,,,,,,,,,VC_A0423,92.3
N900_RS20085,Pseudogene_N900_RS20085,Pseudogene_N900_RS20085,,,DUF1196 domain-containing protein,,,,,
N900_RS20090,Pseudogene_N900_RS20090,Pseudogene_N900_RS20090,,,GIY-YIG nuclease family protein,,,,,
N900_RS20095,,,,,,,,,VC_0588,70.6
N900_RS20100,Pseudogene_N900_RS20100,Pseudogene_N900_RS20100,,,,,,,,