"Gene","degree","GeneName"
"N900_RS17420",127,"pxpA3"
"N900_RS01115",109,"pfkA"
"N900_RS18935",108,"eptA"
"N900_RS17130",106,"yccS"
"N900_RS11945",104,"cysA"
"N900_RS19705",102,"N900_RS19705"
"N900_RS00925",100,"gspJ"
"N900_RS18105",100,"araC_2"
"N900_RS05510",99,"N900_RS05510"
"N900_RS00730",96,"ftsE"
"N900_RS06190",96,"oprF"
"N900_RS11615",96,"VC_0605_BLAST"
"N900_RS01035",95,"N900_RS01035"
"N900_RS10695",95,"yehT_1"
"N900_RS11070",95,"traC"
"N900_RS12795",95,"bfd"
"N900_RS13645",95,"fhuD"
"N900_RS17565",95,"N900_RS17565"
"N900_RS19410",95,"N900_RS19410"
"N900_RS00240",94,"smg"
"N900_RS13160",94,"rhlB"
"N900_RS14525",94,"tssE"
"N900_RS03325",92,"purN"
"N900_RS03810",92,"fliM"
"N900_RS09560",92,"N900_RS09560"
"N900_RS10635",92,"raiA"
"N900_RS08580",90,"tet(35)"
"N900_RS02365",89,"yqiA"
"N900_RS04125",89,"N900_RS04125"
"N900_RS11305",89,"stba"
"N900_RS12735",89,"chex"
"N900_RS15585",89,"N900_RS15585"
"N900_RS00580",88,"hemy"
"N900_RS01730",88,"cysC"
"N900_RS02595",88,"Ga0059260_01848_BLAST"
"N900_RS02635",88,"N900_RS02635"
"N900_RS04595",88,"N900_RS04595"
"N900_RS05680",88,"glgC_1"
"N900_RS08300",88,"N900_RS08300"
"N900_RS08810",88,"CheC"
"N900_RS09045",88,"apbC"
"N900_RS11110",88,"traE"
"N900_RS13190",88,"polC_2"
"N900_RS15445",88,"N900_RS15445"
"N900_RS20095",88,"N900_RS20095"
"N900_RS01125",87,"zapB"
"N900_RS03305",87,"hldE"
"N900_RS03780",87,"fliG"
"N900_RS04740",87,"dctp"
"N900_RS06685",87,"tupB"
"N900_RS07000",87,"rstc"
"N900_RS09335",87,"ybbJ"
"N900_RS02470",86,"rsmH"
"N900_RS02850",86,"ypeA_2"
"N900_RS03065",86,"deacylase"
"N900_RS05580",86,"pqiA"
"N900_RS06840",86,"gdhB"
"N900_RS06860",86,"N900_RS06860"
"N900_RS07185",86,"potD_2"
"N900_RS10500",86,"oxyR_2"
"N900_RS11430",86,"secG"
"N900_RS01450",85,"N900_RS01450"
"N900_RS01515",85,"motX_BLAST"
"N900_RS01770",85,"msrA"
"N900_RS02910",85,"N900_RS02910"
"N900_RS03445",85,"chev_3"
"N900_RS04890",85,"methyl-accepting chemotaxis protein_3"
"N900_RS05330",85,"N900_RS05330"
"N900_RS06395",85,"katB"
"N900_RS07865",85,"cod"
"N900_RS10405",85,"iscX"
"N900_RS10900",85,"trag"
"N900_RS13570",85,"VC0395_A2597_BLAST"
"N900_RS15655",85,"VC_A0354_BLAST_1"
"N900_RS15720",85,"restriction endonuclease"
"N900_RS16670",85,"glyoxalase_2"
"N900_RS17005",85,"N900_RS17005"
"N900_RS18620",85,"N900_RS18620"
"N900_RS00570",84,"N900_RS00570"
"N900_RS02135",84,"rpiA"
"N900_RS05085",84,"prepilin peptidase_2"
"N900_RS05245",84,"manP_1"
"N900_RS06470",84,"appB"
"N900_RS06660",84,"N900_RS06660"
"N900_RS08235",84,"hutU"
"N900_RS09650",84,"treC"
"N900_RS10170",84,"RNA methyltransferase"
"N900_RS11300",84,"mobI"
"N900_RS13260",84,"TonB-dependent receptor_1"
"N900_RS15670",84,"N900_RS15670"
"N900_RS16660",84,"moeA"
"N900_RS17205",84,"N900_RS17205"
"N900_RS18355",84,"lktB_2"
"N900_RS18370",84,"N900_RS18370"
"N900_RS19875",84,"N900_RS19875"
"N900_RS01850",83,"rapZ"
"N900_RS01900",83,"N900_RS01900"
"N900_RS03145",83,"thiL"
"N900_RS03490",83,"flgi"
"N900_RS03770",83,"fliE"
"N900_RS04265",83,"SulP family inorganic anion transporter_1"
"N900_RS04850",83,"methyltransferase"
"N900_RS04860",83,"lrp_1"
"N900_RS05025",83,"pflA"
"N900_RS05260",83,"manP_2"
"N900_RS07925",83,"ycbB"
"N900_RS08225",83,"hutI"
"N900_RS10315",83,"dhbE"
"N900_RS12535",83,"mshP"
"N900_RS12700",83,"assimilatory sulfite reductase (NADPH) flavoprotein subunit"
"N900_RS13130",83,"fre"
"N900_RS13430",83,"wzm"
"N900_RS16075",83,"N-acetyltransferase_5"
"N900_RS18470",83,"rhaS_4"
"N900_RS18605",83,"N900_RS18605"
"N900_RS00905",82,"gspF"
"N900_RS01465",82,"VC_2612_BLAST"
"N900_RS02420",82,"ampD"
"N900_RS03100",82,"crl"
"N900_RS03585",82,"prmC"
"N900_RS05800",82,"ycii"
"N900_RS08310",82,"N900_RS08310"
"N900_RS09410",82,"ybeY"
"N900_RS09955",82,"intA_3"
"N900_RS12115",82,"N900_RS12115"
"N900_RS13970",82,"atpD"
"N900_RS16395",82,"Solitary outer membrane autotransporter beta-barrel domain"
"N900_RS17560",82,"rnb"
"N900_RS17670",82,"LysR family transcriptional regulator_7"
"N900_RS17815",82,"long-chain fatty acid outer membrane transporter"
"N900_RS19390",82,"N900_RS19390"
"N900_RS19860",82,"N900_RS19860"
"N900_RS00040",81,"yxeO"
"N900_RS00085",81,"ibpA"
"N900_RS00885",81,"hslR"
"N900_RS01155",81,"rpmE"
"N900_RS04185",81,"N900_RS04185"
"N900_RS04655",81,"pvcA"
"N900_RS05015",81,"yfbu"
"N900_RS06815",81,"proQ"
"N900_RS07315",81,"CheA1"
"N900_RS07490",81,"glnQ"
"N900_RS08935",81,"ykgj"
"N900_RS11050",81,"trau"
"N900_RS11710",81,"rsmI"
"N900_RS14550",81,"tssK"
"N900_RS16085",81,"relE1"
"N900_RS17305",81,"lipase"
"N900_RS17415",81,"N900_RS17415"
"N900_RS19610",81,"Pseudogene_N900_RS19610"
"N900_RS20005",81,"Pseudogene_N900_RS20005"
"N900_RS00895",80,"gspD"
"N900_RS00900",80,"gspE"
"N900_RS01100",80,"cpxR"
"N900_RS01475",80,"N900_RS01475"
"N900_RS02705",80,"thrC"
"N900_RS02970",80,"peptidyl-prolyl cis-trans isomerase"
"N900_RS03800",80,"FliK"
"N900_RS03905",80,"fur"
"N900_RS04075",80,"flhF"
"N900_RS05540",80,"helicase"
"N900_RS06865",80,"uup"
"N900_RS07340",80,"cry2"
"N900_RS07380",80,"N900_RS07380"
"N900_RS07425",80,"N900_RS07425"
"N900_RS07535",80,"two-component system response regulator"
"N900_RS07840",80,"chbG"
"N900_RS08215",80,"N900_RS08215"
"N900_RS09775",80,"N900_RS09775"
"N900_RS09970",80,"acfa"
"N900_RS09980",80,"N900_RS09980"
"N900_RS10485",80,"acetoin utilization protein AcuB, putative"
"N900_RS10920",80,"dfrA1"
"N900_RS11010",80,"N900_RS11010"
"N900_RS11395",80,"truB"
"N900_RS12470",80,"N900_RS12470"
"N900_RS12480",80,"rraB"
"N900_RS12715",80,"TIGR04219 family outer membrane beta-barrel protein"
"N900_RS13425",80,"wzt"
"N900_RS13540",80,"wavA"
"N900_RS13625",80,"murQ_2"
"N900_RS15935",80,"N900_RS15935"
"N900_RS16425",80,"vxrA_BLAST"
"N900_RS17675",80,"N900_RS17675"
"N900_RS18600",80,"methyl-accepting chemotaxis protein_27"
"N900_RS19140",80,"N900_RS19140"
"N900_RS19685",80,"N900_RS19685"
"N900_RS20000",80,"Pseudogene_N900_RS20000"
"N900_RS00920",79,"gspI"
"N900_RS01425",79,"rimO"
"N900_RS02310",79,"N900_RS02310"
"N900_RS02450",79,"pdhR"
"N900_RS02810",79,"N900_RS02810"
"N900_RS03020",79,"apbE"
"N900_RS03315",79,"gmhA/lpcA"
"N900_RS03995",79,"odhB"
"N900_RS06785",79,"cvfB"
"N900_RS08495",79,"hexR"
"N900_RS08790",79,"rcsC_6"
"N900_RS10925",79,"N900_RS10925"
"N900_RS11115",79,"traL"
"N900_RS11310",79,"N900_RS11310"
"N900_RS13220",79,"dusB"
"N900_RS13460",79,"hldD"
"N900_RS13530",79,"waaC"
"N900_RS13985",79,"atpH"
"N900_RS14100",79,"hcp-2_D2"
"N900_RS14210",79,"N900_RS14210"
"N900_RS14260",79,"N900_RS14260"
"N900_RS14785",79,"ypeB_BLAST"
"N900_RS15030",79,"N900_RS15030"
"N900_RS16275",79,"tata"
"N900_RS17285",79,"glpC"
"N900_RS17735",79,"lyse_3"
"N900_RS17855",79,"norG"
"N900_RS18055",79,"TonB_2"
"N900_RS00265",78,"hemF"
"N900_RS00585",78,"HemX"
"N900_RS00620",78,"lysA"
"N900_RS00755",78,"yijd"
"N900_RS01530",78,"rlmB"
"N900_RS03735",78,"flaG"
"N900_RS05165",78,"ybgE"
"N900_RS06360",78,"N900_RS06360"
"N900_RS06475",78,"yknY_2"
"N900_RS07465",78,"yidA"
"N900_RS08325",78,"sufS_2"
"N900_RS08385",78,"trpCF"
"N900_RS08885",78,"N900_RS08885"
"N900_RS11670",78,"panB"
"N900_RS12215",78,"sprt"
"N900_RS13765",78,"vspR"
"N900_RS14005",78,"F0F1 ATP synthase subunit I"
"N900_RS14250",78,"N900_RS14250"
"N900_RS14530",78,"tssF"
"N900_RS16330",78,"bifunctional metallophosphatase/5'-nucleotidase"
"N900_RS16885",78,"N900_RS16885"
"N900_RS17365",78,"NUDIX hydrolase_2"
"N900_RS18040",78,"hutZ"
"N900_RS18235",78,"VCM66_A0911_BLAST"
"N900_RS18395",78,"FAD-binding oxidoreductase"
"N900_RS18770",78,"lrp_3"
"N900_RS19305",78,"N900_RS19305"
"N900_RS00490",77,"ubiA"
"N900_RS01275",77,"yibN"
"N900_RS01755",77,"N900_RS01755"
"N900_RS02200",77,"rsea"
"N900_RS02770",77,"deoB"
"N900_RS02840",77,"ZntB"
"N900_RS03135",77,"ribE_2"
"N900_RS04725",77,"N900_RS04725"
"N900_RS06715",77,"N900_RS06715"
"N900_RS08335",77,"trxB"
"N900_RS08945",77,"ybab"
"N900_RS09780",77,"N900_RS09780"
"N900_RS09810",77,"rpmE2"
"N900_RS10280",77,"fepC"
"N900_RS11125",77,"N900_RS11125"
"N900_RS11870",77,"N900_RS11870"
"N900_RS12085",77,"AraC family transcriptional regulator_2"
"N900_RS12295",77,"hemW"
"N900_RS12550",77,"mshC"
"N900_RS12565",77,"mshf"
"N900_RS13725",77,"N900_RS13725"
"N900_RS13785",77,"sporulation protein"
"N900_RS15780",77,"N900_RS15780"
"N900_RS15910",77,"N900_RS15910"
"N900_RS16950",77,"nitrate reductase cytochrome c-type subunit"
"N900_RS18220",77,"speG"
"N900_RS18265",77,"malate synthase"
"N900_RS18315",77,"VC_A0969_BLAST"
"N900_RS18495",77,"organic hydroperoxide resistance protein"
"N900_RS19135",77,"N900_RS19135"
"N900_RS19725",77,"N900_RS19725"
"N900_RS00420",76,"rdsA_BLAST"
"N900_RS00705",76,"Pseudogene_N900_RS00705"
"N900_RS01775",76,"outer membrane protein assembly factor"
"N900_RS02150",76,"VC0395_A2053_BLAST"
"N900_RS02205",76,"rseB"
"N900_RS03290",76,"class I SAM-dependent methyltransferase_3"
"N900_RS03625",76,"N900_RS03625"
"N900_RS03745",76,"flaI"
"N900_RS04005",76,"sucD"
"N900_RS04105",76,"cheB2"
"N900_RS04920",76,"ycfP"
"N900_RS07060",76,"N900_RS07060"
"N900_RS07445",76,"N900_RS07445"
"N900_RS07850",76,"chbA"
"N900_RS08610",76,"N900_RS08610"
"N900_RS09100",76,"moaB"
"N900_RS09525",76,"vpsN"
"N900_RS09790",76,"kfrA_2"
"N900_RS10930",76,"XRE family transcriptional regulator_7"
"N900_RS11155",76,"N900_RS11155"
"N900_RS11190",76,"N900_RS11190"
"N900_RS11295",76,"umuC"
"N900_RS12260",76,"pilT_2"
"N900_RS13665",76,"N900_RS13665"
"N900_RS13855",76,"TetR/AcrR family transcriptional regulator_3"
"N900_RS14380",76,"1,4-alpha-glucan-branching protein"
"N900_RS15770",76,"nitrate reductase"
"N900_RS17275",76,"glpA"
"N900_RS18070",76,"hmuT"
"N900_RS18345",76,"ATP-binding protein_2"
"N900_RS19225",76,"N900_RS19225"
"N900_RS19385",76,"Pseudogene_N900_RS19385"
"N900_RS01370",75,"PilP"
"N900_RS01720",75,"cysD"
"N900_RS02395",75,"pilD"
"N900_RS03140",75,"nusB"
"N900_RS04910",75,"lpoB"
"N900_RS05315",75,"N900_RS05315"
"N900_RS05635",75,"fadE_2"
"N900_RS06365",75,"N900_RS06365"
"N900_RS07175",75,"potC"
"N900_RS09125",75,"N900_RS09125"
"N900_RS09330",75,"qmcA"
"N900_RS09700",75,"tetratricopeptide repeat protein_2"
"N900_RS09770",75,"yqcC"
"N900_RS10370",75,"membrane protein_4"
"N900_RS10545",75,"ppx"
"N900_RS10800",75,"rppH"
"N900_RS10815",75,"NADP(H)-dependent aldo-keto reductase"
"N900_RS10895",75,"eexS"
"N900_RS11165",75,"pglz"
"N900_RS11250",75,"aph(6)-Id"
"N900_RS11320",75,"DNA mismatch repair protein"
"N900_RS14220",75,"gltS"
"N900_RS14295",75,"lpp"
"N900_RS14490",75,"HAD family phosphatase"
"N900_RS15140",75,"ulaE"
"N900_RS15440",75,"HNH endonuclease_1"
"N900_RS15725",75,"N900_RS15725"
"N900_RS15810",75,"N900_RS15810"
"N900_RS16360",75,"fatty acid cis/trans isomerase"
"N900_RS18350",75,"N900_RS18350"
"N900_RS18975",75,"tmca"
"N900_RS19100",75,"N900_RS19100"
"N900_RS19435",75,"N900_RS19435"
"N900_RS00090",74,"avtA"
"N900_RS00505",74,"fliL_2"
"N900_RS00840",74,"N900_RS00840"
"N900_RS00930",74,"epsK"
"N900_RS01285",74,"gpsA"
"N900_RS01490",74,"kefB"
"N900_RS01690",74,"eamA_6"
"N900_RS02000",74,"holC"
"N900_RS02600",74,"RNA-directed DNA polymerase"
"N900_RS02620",74,"btuF"
"N900_RS03080",74,"pepD"
"N900_RS03390",74,"ompA_1"
"N900_RS03395",74,"Fe3+-citrate ABC transporter substrate-binding protein"
"N900_RS04310",74,"fabH1"
"N900_RS05620",74,"N900_RS05620"
"N900_RS06270",74,"ABC transporter permease_3"
"N900_RS06690",74,"tungsten ABC transporter substrate-binding protein"
"N900_RS07460",74,"queE"
"N900_RS08085",74,"VC0395_A0854_BLAST"
"N900_RS08175",74,"pgsA"
"N900_RS09400",74,"miaB"
"N900_RS09575",74,"glycosyltransferase family 1 protein"
"N900_RS09740",74,"motb"
"N900_RS10385",74,"rodZ"
"N900_RS11150",74,"abortive infection protein"
"N900_RS11315",74,"intS"
"N900_RS11570",74,"N-acetylglucosamine kinase"
"N900_RS13315",74,"hupA"
"N900_RS14825",74,"N900_RS14825"
"N900_RS14885",74,"arfA"
"N900_RS14990",74,"N900_RS14990"
"N900_RS15105",74,"N900_RS15105"
"N900_RS15415",74,"N900_RS15415"
"N900_RS16125",74,"N900_RS16125"
"N900_RS17540",74,"gsk_2"
"N900_RS17730",74,"N900_RS17730"
"N900_RS18815",74,"PAS domain S-box protein_2"
"N900_RS19090",74,"N900_RS19090"
"N900_RS00670",73,"ytpA"
"N900_RS00695",73,"N900_RS00695"
"N900_RS01805",73,"mpl"
"N900_RS02340",73,"hldE"
"N900_RS02765",73,"deoA"
"N900_RS03460",73,"flgC"
"N900_RS03520",73,"flaC"
"N900_RS03785",73,"fliH"
"N900_RS03815",73,"fliN"
"N900_RS04010",73,"znuB"
"N900_RS04600",73,"nlpE_1"
"N900_RS04930",73,"rimL"
"N900_RS05175",73,"tolQ"
"N900_RS05440",73,"N-acetylmannosamine-6-phosphate 2-epimerase"
"N900_RS05650",73,"bpt"
"N900_RS05775",73,"N900_RS05775"
"N900_RS05820",73,"ydcf"
"N900_RS09250",73,"nagA_1"
"N900_RS09445",73,"rsfS"
"N900_RS09605",73,"vpsC"
"N900_RS09750",73,"xseB"
"N900_RS10205",73,"citC"
"N900_RS10975",73,"N900_RS10975"
"N900_RS11100",73,"TraB"
"N900_RS13270",73,"methyl-accepting chemotaxis protein_12"
"N900_RS13340",73,"VC_0268"
"N900_RS14055",73,"yeeN"
"N900_RS14105",73,"tssI_3"
"N900_RS14950",73,"N900_RS14950"
"N900_RS16350",73,"N900_RS16350"
"N900_RS16605",73,"phnW"
"N900_RS16985",73,"HI_0131_BLAST"
"N900_RS17015",73,"fabG_2"
"N900_RS17030",73,"N900_RS17030"
"N900_RS17140",73,"guanylate cyclase"
"N900_RS17195",73,"N900_RS17195"
"N900_RS17825",73,"bdlA_2"
"N900_RS17985",73,"zwf"
"N900_RS18075",73,"hmuU"
"N900_RS19380",73,"N900_RS19380"
"N900_RS00650",72,"N900_RS00650"
"N900_RS00950",72,"cysQ"
"N900_RS01290",72,"cysE"
"N900_RS01705",72,"Crp/Fnr family transcriptional regulator_1"
"N900_RS01735",72,"N900_RS01735"
"N900_RS01795",72,"fbp"
"N900_RS01895",72,"calcium/sodium antiporter"
"N900_RS01930",72,"ibaG"
"N900_RS02985",72,"bola"
"N900_RS03150",72,"pgpA"
"N900_RS03680",72,"N900_RS03680"
"N900_RS04505",72,"rrtA"
"N900_RS04510",72,"N900_RS04510"
"N900_RS04545",72,"menB"
"N900_RS05040",72,"pflB"
"N900_RS06880",72,"fabA"
"N900_RS07180",72,"potD_1"
"N900_RS07210",72,"N900_RS07210"
"N900_RS07310",72,"cheY2"
"N900_RS07825",72,"mdoG"
"N900_RS08570",72,"hisD"
"N900_RS09350",72,"chiP"
"N900_RS09420",72,"lnt"
"N900_RS09620",72,"low molecular weight phosphotyrosine protein phosphatase_1"
"N900_RS09815",72,"tsaA"
"N900_RS10075",72,"N900_RS10075"
"N900_RS11245",72,"aph(3'')-Ib"
"N900_RS11290",72,"Pseudogene_N900_RS11290"
"N900_RS11585",72,"pgm_2"
"N900_RS12035",72,"catD"
"N900_RS12185",72,"epd"
"N900_RS12395",72,"apaH"
"N900_RS13710",72,"rlmj"
"N900_RS13750",72,"dncV"
"N900_RS14150",72,"chiA"
"N900_RS15195",72,"N900_RS15195"
"N900_RS15300",72,"gcvH"
"N900_RS15600",72,"N900_RS15600"
"N900_RS15905",72,"N900_RS15905"
"N900_RS16175",72,"nrdD"
"N900_RS16465",72,"DamX-related protein"
"N900_RS16915",72,"N900_RS16915"
"N900_RS17465",72,"sensor domain-containing phosphodiesterase"
"N900_RS17510",72,"N900_RS17510"
"N900_RS18000",72,"N900_RS18000"
"N900_RS19805",72,"N900_RS19805"
"N900_RS02145",71,"zapa"
"N900_RS02615",71,"yadS"
"N900_RS02790",71,"pilz_1"
"N900_RS02920",71,"tcdA"
"N900_RS03720",71,"flaE"
"N900_RS03755",71,"flrA"
"N900_RS03820",71,"fliO"
"N900_RS04190",71,"sodB"
"N900_RS04335",71,"pabC"
"N900_RS04365",71,"sodium-dependent transporter_1"
"N900_RS04525",71,"alaA"
"N900_RS04675",71,"folD"
"N900_RS04700",71,"acyl-CoA thioesterase"
"N900_RS05020",71,"membrane protein_3"
"N900_RS05070",71,"xthA"
"N900_RS05530",71,"MotB"
"N900_RS06150",71,"norM_2"
"N900_RS06265",71,"ABC transporter permease_4"
"N900_RS06545",71,"ugpc"
"N900_RS06730",71,"molecular chaperone"
"N900_RS06780",71,"N900_RS06780"
"N900_RS07065",71,"peptidase domain-containing ABC transporter"
"N900_RS07145",71,"ttcA"
"N900_RS07795",71,"VC_1295_BLAST"
"N900_RS07955",71,"N900_RS07955"
"N900_RS08095",71,"cdd"
"N900_RS08125",71,"N900_RS08125"
"N900_RS08590",71,"gsk_1"
"N900_RS09545",71,"N900_RS09545"
"N900_RS11210",71,"umuD"
"N900_RS11215",71,"umuC_1"
"N900_RS11275",71,"IS91 family transposase_1"
"N900_RS11485",71,"mepM_1"
"N900_RS11930",71,"recX"
"N900_RS13225",71,"fis"
"N900_RS13335",71,"manA"
"N900_RS13405",71,"wbeN"
"N900_RS13610",71,"yicc"
"N900_RS14355",71,"phosphate ABC transporter ATP-binding protein"
"N900_RS14675",71,"N900_RS14675"
"N900_RS15250",71,"nimR_1"
"N900_RS16410",71,"transcriptional regulator_4"
"N900_RS16615",71,"phnX"
"N900_RS17215",71,"flagellar brake protein"
"N900_RS17485",71,"yjdF"
"N900_RS18125",71,"AraC family transcriptional regulator_4"
"N900_RS18410",71,"aer_2"
"N900_RS18430",71,"grxB"
"N900_RS18970",71,"thermostable hemolysin"
"N900_RS19940",71,"Pseudogene_N900_RS19940"
"N900_RS00110",70,"NADH dehydrogenase subunit II-related protein"
"N900_RS00330",70,"thiE"
"N900_RS00390",70,"N900_RS00390"
"N900_RS00820",70,"ntrC"
"N900_RS01025",70,"yhhQ"
"N900_RS01180",70,"hslU"
"N900_RS02405",70,"pilB"
"N900_RS02730",70,"N900_RS02730"
"N900_RS02895",70,"N900_RS02895"
"N900_RS03365",70,"N900_RS03365"
"N900_RS03515",70,"flaA"
"N900_RS03750",70,"fliS"
"N900_RS03790",70,"fliI"
"N900_RS03880",70,"NAD(P)H-dependent oxidoreductase"
"N900_RS03985",70,"sdhB"
"N900_RS04615",70,"minC"
"N900_RS05105",70,"VC_1853_BLAST"
"N900_RS05480",70,"nanM_2"
"N900_RS05925",70,"pspB"
"N900_RS05985",70,"ABC transporter permease subunit_1"
"N900_RS06005",70,"N900_RS06005"
"N900_RS06875",70,"rmf"
"N900_RS07140",70,"uspE"
"N900_RS07320",70,"N900_RS07320"
"N900_RS07370",70,"membrane protein_5"
"N900_RS08535",70,"rluE"
"N900_RS08760",70,"oppD_1"
"N900_RS10000",70,"toxT"
"N900_RS11035",70,"istB"
"N900_RS11240",70,"sul2"
"N900_RS11375",70,"MarR family transcriptional regulator"
"N900_RS11635",70,"hrpB"
"N900_RS11780",70,"yhcB"
"N900_RS11845",70,"yqaA"
"N900_RS11915",70,"csrA"
"N900_RS12465",70,"uspF"
"N900_RS13330",70,"fructokinase"
"N900_RS13465",70,"wavL"
"N900_RS13475",70,"waaL"
"N900_RS13480",70,"waaF"
"N900_RS13780",70,"tadA_2"
"N900_RS13810",70,"N900_RS13810"
"N900_RS14110",70,"vasW"
"N900_RS15180",70,"yceJ_1"
"N900_RS15820",70,"Pseudogene_N900_RS15820"
"N900_RS15855",70,"GNAT family N-acetyltransferase_9"
"N900_RS16445",70,"VC0395_0503_BLAST"
"N900_RS16675",70,"sseA"
"N900_RS16680",70,"lsrR"
"N900_RS16805",70,"N900_RS16805"
"N900_RS17480",70,"dnaj"
"N900_RS17680",70,"methyltransferase, putative"
"N900_RS17975",70,"ycdX"
"N900_RS18555",70,"N900_RS18555"
"N900_RS18560",70,"flavohemoglobin expression-modulating QEGLA motif protein"
"N900_RS19215",70,"N900_RS19215"
"N900_RS19830",70,"N900_RS19830"
"N900_RS20040",70,"N900_RS20040"
"N900_RS00690",69,"N900_RS00690"
"N900_RS01200",69,"tpiA"
"N900_RS01325",69,"argH"
"N900_RS01680",69,"fklB"
"N900_RS01800",69,"N900_RS01800"
"N900_RS01985",69,"rluA"
"N900_RS02460",69,"aceF"
"N900_RS02875",69,"C4-dicarboxylate ABC transporter"
"N900_RS03440",69,"flgA"
"N900_RS04580",69,"lplT"
"N900_RS04895",69,"hinT"
"N900_RS05890",69,"sapF"
"N900_RS05995",69,"hslJ"
"N900_RS06405",69,"sodC"
"N900_RS06630",69,"methyl-accepting chemotaxis protein_2"
"N900_RS06850",69,"zapc"
"N900_RS06890",69,"matP"
"N900_RS08525",69,"cspD"
"N900_RS09170",69,"nth"
"N900_RS09450",69,"rlmH"
"N900_RS09665",69,"gmhB"
"N900_RS10080",69,"membrane protein_1"
"N900_RS10460",69,"secD_1"
"N900_RS10885",69,"flhD"
"N900_RS11220",69,"Pseudogene_N900_RS11220"
"N900_RS11630",69,"mrcB"
"N900_RS11840",69,"protease, insulinase family/protease, insulinase family"
"N900_RS12270",69,"proC"
"N900_RS12390",69,"apaG"
"N900_RS12600",69,"pilO_1"
"N900_RS12690",69,"cysH"
"N900_RS12730",69,"zur"
"N900_RS12835",69,"dauR"
"N900_RS12950",69,"rsgA"
"N900_RS13385",69,"wbeT"
"N900_RS13720",69,"site-specific integrase"
"N900_RS13930",69,"trkh"
"N900_RS14905",69,"N900_RS14905"
"N900_RS15040",69,"hlyA"
"N900_RS15715",69,"N900_RS15715"
"N900_RS16305",69,"ycei"
"N900_RS16620",69,"rnk"
"N900_RS16705",69,"spoU"
"N900_RS16745",69,"dmlR_5"
"N900_RS16825",69,"N900_RS16825"
"N900_RS16865",69,"pal_2"
"N900_RS16895",69,"L-serine ammonia-lyase"
"N900_RS16935",69,"napF"
"N900_RS17185",69,"N900_RS17185"
"N900_RS17245",69,"tmaR_BLAST"
"N900_RS17330",69,"artM"
"N900_RS17390",69,"acpH"
"N900_RS18305",69,"diguanylate cyclase_6"
"N900_RS19120",69,"N900_RS19120"
"N900_RS19340",69,"N900_RS19340"
"N900_RS19370",69,"HNH endonuclease_3"
"N900_RS19890",69,"N900_RS19890"
"N900_RS20035",69,"VC_A0354_BLAST_2"
"N900_RS00225",68,"def1"
"N900_RS00335",68,"thiF"
"N900_RS01320",68,"argG"
"N900_RS01745",68,"ABC transporter permease_2"
"N900_RS02005",68,"pepA"
"N900_RS02700",68,"thrB"
"N900_RS02865",68,"2-hydroxyacid dehydrogenase"
"N900_RS03500",68,"flgK"
"N900_RS03765",68,"flrC"
"N900_RS04515",68,"dgt"
"N900_RS04915",68,"thiK"
"N900_RS05280",68,"SDR family oxidoreductase"
"N900_RS05415",68,"radC_2"
"N900_RS05660",68,"N900_RS05660"
"N900_RS05805",68,"yciA_1"
"N900_RS05830",68,"DNA-binding protein inhibitor Id-2-related protein"
"N900_RS05850",68,"torC"
"N900_RS06275",68,"HlyD family secretion protein"
"N900_RS06285",68,"N900_RS06285"
"N900_RS06300",68,"amino acid ABC transporter substrate-binding protein"
"N900_RS06805",68,"ABC transporter ATP-binding protein_2"
"N900_RS06830",68,"pepN"
"N900_RS08735",68,"VC_1099_BLAST"
"N900_RS08980",68,"ydjA"
"N900_RS09030",68,"asma_1"
"N900_RS09035",68,"udk"
"N900_RS09375",68,"N900_RS09375"
"N900_RS10160",68,"NAD(P)/FAD-dependent oxidoreductase"
"N900_RS10180",68,"citG"
"N900_RS10320",68,"vibB"
"N900_RS10575",68,"yfhl"
"N900_RS10765",68,"winged helix-turn-helix transcriptional regulator"
"N900_RS11200",68,"dinG_2"
"N900_RS11920",68,"aspartate kinase"
"N900_RS12315",68,"yggX"
"N900_RS12365",68,"djlA"
"N900_RS13515",68,"wavE"
"N900_RS13755",68,"capV"
"N900_RS14040",68,"N900_RS14040"
"N900_RS14155",68,"N900_RS14155"
"N900_RS14235",68,"tolB_2"
"N900_RS14630",68,"rbsB"
"N900_RS14740",68,"mrpE"
"N900_RS14760",68,"N900_RS14760"
"N900_RS14800",68,"cspV_1"
"N900_RS15130",68,"ctrA"
"N900_RS15370",68,"intIA"
"N900_RS15430",68,"HNH endonuclease_2"
"N900_RS15555",68,"toxin"
"N900_RS15930",68,"N900_RS15930"
"N900_RS16025",68,"type II toxin-antitoxin system Phd/YefM family antitoxin_1"
"N900_RS16240",68,"clcA"
"N900_RS16740",68,"tRNA (adenine-N(1))-methyltransferase"
"N900_RS16755",68,"nfsB"
"N900_RS17400",68,"tyrP"
"N900_RS17750",68,"retention module-containing protein"
"N900_RS18160",68,"N900_RS18160"
"N900_RS18780",68,"N900_RS18780"
"N900_RS19620",68,"N900_RS19620"
"N900_RS00355",67,"aminopeptidase P"
"N900_RS00375",67,"asnC"
"N900_RS00410",67,"ftnA"
"N900_RS00440",67,"ubiJ"
"N900_RS00475",67,"class I SAM-dependent methyltransferase_2"
"N900_RS00615",67,"lipoprotein"
"N900_RS01095",67,"cpxA"
"N900_RS02115",67,"long-chain fatty acid--CoA ligase"
"N900_RS02250",67,"N900_RS02250"
"N900_RS02825",67,"galR"
"N900_RS03260",67,"cytochrome c_2"
"N900_RS03420",67,"flgO"
"N900_RS03610",67,"ybaK"
"N900_RS03900",67,"asd2"
"N900_RS03975",67,"sdhD"
"N900_RS03980",67,"sdhA"
"N900_RS04225",67,"VC0395_A1625_BLAST"
"N900_RS04935",67,"hemolysin_2"
"N900_RS04970",67,"N900_RS04970"
"N900_RS05045",67,"N900_RS05045"
"N900_RS05340",67,"IclR family transcriptional regulator"
"N900_RS05625",67,"1-aminocyclopropane-1-carboxylate deaminase/D-cysteine desulfhydrase"
"N900_RS06010",67,"ybhS"
"N900_RS06510",67,"katG"
"N900_RS06615",67,"VC_1539_BLAST"
"N900_RS06655",67,"N900_RS06655"
"N900_RS06765",67,"VC0395_A1115_BLAST"
"N900_RS07080",67,"rcsC_3"
"N900_RS07300",67,"N900_RS07300"
"N900_RS07325",67,"cheY1"
"N900_RS07670",67,"carR"
"N900_RS07725",67,"rimJ"
"N900_RS07810",67,"N900_RS07810"
"N900_RS08190",67,"polB"
"N900_RS08825",67,"sensor histidine kinase_3"
"N900_RS09075",67,"inosine monophosphate dehydrogenase-related protein"
"N900_RS09080",67,"N900_RS09080"
"N900_RS09655",67,"treB"
"N900_RS10615",67,"clpB"
"N900_RS11005",67,"ssb_2"
"N900_RS11080",67,"N900_RS11080"
"N900_RS11520",67,"ydiK"
"N900_RS12020",67,"folK_1"
"N900_RS12320",67,"mltC"
"N900_RS12545",67,"type II secretion system protein"
"N900_RS12750",67,"yjbQ_BLAST"
"N900_RS13295",67,"N900_RS13295"
"N900_RS13585",67,"slmA"
"N900_RS13705",67,"prlC"
"N900_RS13875",67,"ilvC"
"N900_RS14640",67,"laci_2"
"N900_RS15295",67,"gcvP"
"N900_RS16190",67,"ATP-dependent zinc protease_2"
"N900_RS16590",67,"putative 2-aminoethylphosphonate ABC transporter permease subunit"
"N900_RS16710",67,"prepilin peptidase_3"
"N900_RS17340",67,"artI_1"
"N900_RS17530",67,"N900_RS17530"
"N900_RS17755",67,"yehT_2"
"N900_RS17980",67,"metal-dependent phosphohydrolase"
"N900_RS18705",67,"N900_RS18705"
"N900_RS00195",66,"yqfA"
"N900_RS00480",66,"lexA"
"N900_RS00530",66,"tatd"
"N900_RS01080",66,"fxsA"
"N900_RS01980",66,"rapA"
"N900_RS02175",66,"sdhE"
"N900_RS02180",66,"cptA"
"N900_RS02385",66,"zapD"
"N900_RS02870",66,"cysL_1"
"N900_RS03480",66,"flgG"
"N900_RS03795",66,"fliJ"
"N900_RS03845",66,"smrB"
"N900_RS04030",66,"ferrous iron transport protein A"
"N900_RS04095",66,"cheZ"
"N900_RS04135",66,"ccmB"
"N900_RS04145",66,"ccmD"
"N900_RS04745",66,"TRAP transporter small permease"
"N900_RS04875",66,"nhaB"
"N900_RS05010",66,"yeaG_BLAST"
"N900_RS05115",66,"cdgJ_2"
"N900_RS05445",66,"N900_RS05445"
"N900_RS05460",66,"siaM"
"N900_RS06350",66,"galK"
"N900_RS07040",66,"ctxA"
"N900_RS07130",66,"N900_RS07130"
"N900_RS07280",66,"mlp16"
"N900_RS07390",66,"N900_RS07390"
"N900_RS07450",66,"N900_RS07450"
"N900_RS07705",66,"methyl-accepting chemotaxis protein_14"
"N900_RS08305",66,"maeA"
"N900_RS08365",66,"N900_RS08365"
"N900_RS10260",66,"acp"
"N900_RS10660",66,"trpR"
"N900_RS11270",66,"N900_RS11270"
"N900_RS11750",66,"petB"
"N900_RS11820",66,"ypjd"
"N900_RS12105",66,"marr_1"
"N900_RS13350",66,"VC_0266"
"N900_RS14230",66,"N-acetyltransferase_7"
"N900_RS14515",66,"tssB"
"N900_RS15115",66,"N900_RS15115"
"N900_RS16220",66,"sbcC_BLAST"
"N900_RS16435",66,"N900_RS16435"
"N900_RS16630",66,"N900_RS16630"
"N900_RS16840",66,"ccpA"
"N900_RS17370",66,"ltaE"
"N900_RS17455",66,"tesA"
"N900_RS19235",66,"N900_RS19235"
"N900_RS19325",66,"N900_RS19325"
"N900_RS19880",66,"Pseudogene_N900_RS19880"
"N900_RS00045",65,"patM"
"N900_RS00120",65,"N900_RS00120"
"N900_RS00915",65,"epsH"
"N900_RS01085",65,"trmL"
"N900_RS01255",65,"frdC"
"N900_RS01265",65,"frdA"
"N900_RS01295",65,"PadR family transcriptional regulator"
"N900_RS01885",65,"kdsC"
"N900_RS03590",65,"sirB2"
"N900_RS03760",65,"flrB"
"N900_RS04330",65,"fabF"
"N900_RS05135",65,"ruvC"
"N900_RS05195",65,"pal_1"
"N900_RS05585",65,"mechanosensitive ion channel protein MscS"
"N900_RS05745",65,"mukB"
"N900_RS05780",65,"N900_RS05780"
"N900_RS05815",65,"N900_RS05815"
"N900_RS06155",65,"lolD_2"
"N900_RS06515",65,"bglA"
"N900_RS07090",65,"N900_RS07090"
"N900_RS07525",65,"PGdx_2"
"N900_RS07995",65,"(Fe-S)-binding protein"
"N900_RS08090",65,"yohK_2"
"N900_RS08650",65,"htpX"
"N900_RS09090",65,"moaD"
"N900_RS09345",65,"N900_RS09345"
"N900_RS09930",65,"recN"
"N900_RS10390",65,"rlmn"
"N900_RS10505",65,"ahpC"
"N900_RS10840",65,"brnQ"
"N900_RS11185",65,"N900_RS11185"
"N900_RS11470",65,"ompU"
"N900_RS11525",65,"rsmC"
"N900_RS11610",65,"glnK"
"N900_RS12070",65,"intA_4"
"N900_RS12300",65,"glsA2"
"N900_RS12620",65,"malT_1"
"N900_RS12860",65,"hflC"
"N900_RS12865",65,"hflK"
"N900_RS13240",65,"gntK"
"N900_RS13520",65,"wavD"
"N900_RS14065",65,"pctC_2"
"N900_RS14205",65,"Sco1-related protein"
"N900_RS14390",65,"N900_RS14390"
"N900_RS14705",65,"dctM_2"
"N900_RS15025",65,"N900_RS15025"
"N900_RS15245",65,"N900_RS15245"
"N900_RS16150",65,"N-acetyltransferase_6"
"N900_RS16235",65,"tellurium resistance protein"
"N900_RS16550",65,"ABC transporter substrate-binding protein_9"
"N900_RS17150",65,"N900_RS17150"
"N900_RS17190",65,"N900_RS17190"
"N900_RS17240",65,"N900_RS17240"
"N900_RS17425",65,"pxpB"
"N900_RS17595",65,"Bacterial leucyl aminopeptidase_BLAST"
"N900_RS18260",65,"vdcA"
"N900_RS18330",65,"MFS transporter_2"
"N900_RS18700",65,"yccf"
"N900_RS18755",65,"speF"
"N900_RS18825",65,"HlyD family type I secretion periplasmic adaptor subunit_2"
"N900_RS19060",65,"N900_RS19060"
"N900_RS00470",64,"dinF"
"N900_RS00520",64,"glpE"
"N900_RS00665",64,"yigL"
"N900_RS00875",64,"pckA"
"N900_RS01145",64,"metJ"
"N900_RS01250",64,"frdD"
"N900_RS01430",64,"trpG_1"
"N900_RS01500",64,"slyD"
"N900_RS01905",64,"mlaF"
"N900_RS01910",64,"mlaE"
"N900_RS02110",64,"leuO"
"N900_RS02295",64,"cca"
"N900_RS02735",64,"alsT_1"
"N900_RS02815",64,"chrA"
"N900_RS02885",64,"recB"
"N900_RS03025",64,"nqrM_1"
"N900_RS03455",64,"flgB"
"N900_RS03830",64,"fliQ"
"N900_RS03850",64,"prmB"
"N900_RS04275",64,"N900_RS04275"
"N900_RS04285",64,"rluC"
"N900_RS04395",64,"N900_RS04395"
"N900_RS04720",64,"bifunctional diguanylate cyclase/phosphodiesterase_2"
"N900_RS04845",64,"cysB"
"N900_RS05715",64,"torD"
"N900_RS06215",64,"N900_RS06215"
"N900_RS06310",64,"N900_RS06310"
"N900_RS06335",64,"ABC transporter substrate-binding protein_7"
"N900_RS06435",64,"almG"
"N900_RS06525",64,"rutC"
"N900_RS07115",64,"ccoH"
"N900_RS07590",64,"prpC"
"N900_RS07745",64,"N900_RS07745"
"N900_RS07800",64,"N900_RS07800"
"N900_RS08070",64,"msrB_1"
"N900_RS08275",64,"yiaD"
"N900_RS09235",64,"Pseudogene_N900_RS09235"
"N900_RS09270",64,"rfaH"
"N900_RS09425",64,"zinc ribbon-containing protein"
"N900_RS09695",64,"queF"
"N900_RS10535",64,"ABC transporter permease subunit"
"N900_RS10670",64,"ettA"
"N900_RS10820",64,"N900_RS10820"
"N900_RS10890",64,"flhC"
"N900_RS10950",64,"N900_RS10950"
"N900_RS11000",64,"bet"
"N900_RS11040",64,"N900_RS11040"
"N900_RS11175",64,"brxC"
"N900_RS11605",64,"amtB"
"N900_RS11625",64,"N900_RS11625"
"N900_RS11855",64,"gcdB"
"N900_RS11865",64,"oadG_2"
"N900_RS12100",64,"N900_RS12100"
"N900_RS13285",64,"cadc"
"N900_RS13700",64,"uvrD"
"N900_RS13715",64,"gorA"
"N900_RS14225",64,"VC_A0042_BLAST"
"N900_RS14290",64,"ycfS"
"N900_RS14775",64,"tnaA"
"N900_RS14940",64,"guaC"
"N900_RS14960",64,"N900_RS14960"
"N900_RS15090",64,"vctC"
"N900_RS15155",64,"ulaF"
"N900_RS15175",64,"ulaG"
"N900_RS15480",64,"blc_1"
"N900_RS15500",64,"N900_RS15500"
"N900_RS15665",64,"N900_RS15665"
"N900_RS16295",64,"N900_RS16295"
"N900_RS16320",64,"Inner membrane protein YcdZ_BLAST"
"N900_RS16400",64,"N900_RS16400"
"N900_RS17695",64,"drug/metabolite DMT transporter permease"
"N900_RS17700",64,"maa"
"N900_RS17820",64,"vola"
"N900_RS18045",64,"hutX"
"N900_RS18285",64,"AlkB"
"N900_RS18340",64,"methyl-accepting chemotaxis protein_25"
"N900_RS18760",64,"N900_RS18760"
"N900_RS19220",64,"N900_RS19220"
"N900_RS19285",64,"glyoxalase_1"
"N900_RS19565",64,"N900_RS19565"
"N900_RS19855",64,"Pseudogene_N900_RS19855"
"N900_RS00180",63,"yihD"
"N900_RS00365",63,"mdtL_1"
"N900_RS00370",63,"N900_RS00370"
"N900_RS00485",63,"plsB"
"N900_RS01090",63,"superoxide dismutase"
"N900_RS01245",63,"efp"
"N900_RS01855",63,"ptsN"
"N900_RS02760",63,"deoC"
"N900_RS03495",63,"flgJ"
"N900_RS03700",63,"N900_RS03700"
"N900_RS03835",63,"fliR"
"N900_RS03865",63,"UPF0126 membrane protein HI_1240_BLAST"
"N900_RS04130",63,"ccmA"
"N900_RS04305",63,"plsX"
"N900_RS04625",63,"lytic murein transglycosylase"
"N900_RS05225",63,"manA_2"
"N900_RS05230",63,"PTS fructose transporter subunit IIC_1"
"N900_RS05455",63,"siaQ"
"N900_RS05795",63,"N900_RS05795"
"N900_RS05920",63,"pspA"
"N900_RS06385",63,"LysR family transcriptional regulator_6"
"N900_RS06430",63,"almF"
"N900_RS06455",63,"fumC"
"N900_RS06610",63,"CPXCG motif-containing cysteine-rich protein"
"N900_RS07020",63,"colonization factor"
"N900_RS07350",63,"lysr_1"
"N900_RS07685",63,"N900_RS07685"
"N900_RS07690",63,"hupR1_1"
"N900_RS08725",63,"ABC transporter substrate-binding protein_6"
"N900_RS09040",63,"N900_RS09040"
"N900_RS09935",63,"bamE"
"N900_RS10325",63,"satP"
"N900_RS10510",63,"cutc"
"N900_RS10955",63,"primase"
"N900_RS11130",63,"N900_RS11130"
"N900_RS11255",63,"IS91 family transposase_2"
"N900_RS11360",63,"ubiU"
"N900_RS11385",63,"pnp"
"N900_RS11705",63,"luxR_2"
"N900_RS12305",63,"trmB"
"N900_RS12485",63,"arcA_1"
"N900_RS13145",63,"N900_RS13145"
"N900_RS13345",63,"VC_0267"
"N900_RS13740",63,"cap3_BLAST"
"N900_RS13880",63,"ilvY"
"N900_RS14010",63,"parb"
"N900_RS14370",63,"N900_RS14370"
"N900_RS14650",63,"Nicotinamide riboside transporter PnuC_BLAST"
"N900_RS15050",63,"hlyC"
"N900_RS15435",63,"VC_A0308_BLAST"
"N900_RS15785",63,"yiaC"
"N900_RS16090",63,"Pseudogene_N900_RS16090"
"N900_RS16200",63,"pfkB"
"N900_RS16290",63,"N900_RS16290"
"N900_RS16635",63,"elbB"
"N900_RS17255",63,"membrane protein_8"
"N900_RS17405",63,"pctC_3"
"N900_RS17615",63,"mgtE_3"
"N900_RS17795",63,"ydhF"
"N900_RS17900",63,"N900_RS17900"
"N900_RS18525",63,"nhad"
"N900_RS18640",63,"fliY"
"N900_RS18900",63,"cheA3"
"N900_RS19010",63,"SOS-response transcriptional repressor"
"N900_RS19530",63,"N900_RS19530"
"N900_RS19775",63,"pulA"
"N900_RS19820",63,"budA"
"N900_RS00430",62,"rmuC"
"N900_RS00720",62,"rsmD"
"N900_RS01015",62,"rpoZ"
"N900_RS01220",62,"transcriptional regulator_1"
"N900_RS01715",62,"cobA"
"N900_RS01825",62,"thiQ"
"N900_RS01835",62,"pmbA"
"N900_RS01945",62,"rida"
"N900_RS01990",62,"hepA"
"N900_RS02555",62,"mutT"
"N900_RS02880",62,"recC"
"N900_RS03675",62,"bamC"
"N900_RS03855",62,"N900_RS03855"
"N900_RS04085",62,"flia"
"N900_RS04170",62,"ccmI"
"N900_RS04255",62,"adhE"
"N900_RS04485",62,"menH_1"
"N900_RS04500",62,"peptidase_1"
"N900_RS04570",62,"methyl-accepting chemotaxis protein_1"
"N900_RS04645",62,"cytochrome c_1"
"N900_RS04770",62,"tig"
"N900_RS05145",62,"ruvB"
"N900_RS05190",62,"tolB"
"N900_RS05785",62,"metR"
"N900_RS05855",62,"torA"
"N900_RS06080",62,"N900_RS06080"
"N900_RS06180",62,"VC_1624_BLAST"
"N900_RS06280",62,"N900_RS06280"
"N900_RS06320",62,"sensor domain-containing diguanylate cyclase_3"
"N900_RS06635",62,"N900_RS06635"
"N900_RS06735",62,"transcriptional initiation protein Tat"
"N900_RS06835",62,"N900_RS06835"
"N900_RS07235",62,"hcp-2_D1"
"N900_RS08065",62,"cobT"
"N900_RS08100",62,"AEC family transporter_1"
"N900_RS08620",62,"N900_RS08620"
"N900_RS08630",62,"N900_RS08630"
"N900_RS08840",62,"N900_RS08840"
"N900_RS08960",62,"ybaN"
"N900_RS09175",62,"gloA"
"N900_RS09255",62,"nagC"
"N900_RS09275",62,"dtpA"
"N900_RS09540",62,"N900_RS09540"
"N900_RS09795",62,"VC_0881_BLAST"
"N900_RS10050",62,"tcpA"
"N900_RS10345",62,"xseA"
"N900_RS10655",62,"yjjX"
"N900_RS10850",62,"srmB"
"N900_RS11730",62,"hemolysin, putative"
"N900_RS11775",62,"zape"
"N900_RS12590",62,"mshL"
"N900_RS12640",62,"pucG"
"N900_RS12655",62,"nhaP"
"N900_RS12845",62,"N900_RS12845"
"N900_RS12870",62,"hflX"
"N900_RS13745",62,"cap2_BLAST"
"N900_RS14135",62,"AEC family transporter_2"
"N900_RS14405",62,"soxR"
"N900_RS14935",62,"N900_RS14935"
"N900_RS15205",62,"N900_RS15205"
"N900_RS15375",62,"N900_RS15375"
"N900_RS16430",62,"vxrB"
"N900_RS16625",62,"yjjG"
"N900_RS16690",62,"tal"
"N900_RS16820",62,"N900_RS16820"
"N900_RS16850",62,"aminoimidazole riboside kinase"
"N900_RS16960",62,"N900_RS16960"
"N900_RS17320",62,"N900_RS17320"
"N900_RS17845",62,"N900_RS17845"
"N900_RS17860",62,"cytochrome bd oxidase subunit I"
"N900_RS17865",62,"cydB_2"
"N900_RS18155",62,"cspV_3"
"N900_RS18175",62,"eamA_8"
"N900_RS18830",62,"transglutaminase-like cysteine peptidase"
"N900_RS19070",62,"Pseudogene_N900_RS19070"
"N900_RS19085",62,"N900_RS19085"
"N900_RS19310",62,"N900_RS19310"
"N900_RS19580",62,"N900_RS19580"
"N900_RS19760",62,"N900_RS19760"
"N900_RS19895",62,"iron transporter"
"N900_RS20100",62,"Pseudogene_N900_RS20100"
"N900_RS00450",61,"tatA"
"N900_RS00565",61,"yihI"
"N900_RS00575",61,"hemN"
"N900_RS00715",61,"N900_RS00715"
"N900_RS01400",61,"ribulose-phosphate 3-epimerase"
"N900_RS01710",61,"cpdB"
"N900_RS01750",61,"yknY_1"
"N900_RS01760",61,"N900_RS01760"
"N900_RS02265",61,"barA"
"N900_RS02315",61,"inorganic phosphate transporter"
"N900_RS02355",61,"N900_RS02355"
"N900_RS02570",61,"carA"
"N900_RS02725",61,"N900_RS02725"
"N900_RS03240",61,"rnhB"
"N900_RS03340",61,"N900_RS03340"
"N900_RS03775",61,"fliF"
"N900_RS03840",61,"flhB"
"N900_RS03875",61,"yfcl"
"N900_RS03950",61,"pgm_1"
"N900_RS03970",61,"sdhC"
"N900_RS04180",61,"fabG_1"
"N900_RS04240",61,"nhaC"
"N900_RS04405",61,"rlmA"
"N900_RS04730",61,"N900_RS04730"
"N900_RS04950",61,"pilz_2"
"N900_RS05705",61,"tfoY"
"N900_RS05885",61,"N900_RS05885"
"N900_RS06050",61,"response regulator_1"
"N900_RS06140",61,"N900_RS06140"
"N900_RS06260",61,"ATP-binding protein_1"
"N900_RS06460",61,"N900_RS06460"
"N900_RS06605",61,"vcmA"
"N900_RS06675",61,"mobA"
"N900_RS07035",61,"zot"
"N900_RS07400",61,"exonuclease"
"N900_RS07435",61,"diguanylate cyclase_3"
"N900_RS07575",61,"acsA"
"N900_RS07635",61,"mglA"
"N900_RS08315",61,"vancomycin high temperature exclusion protein"
"N900_RS08320",61,"Pseudogene_N900_RS08320"
"N900_RS08405",61,"tdk"
"N900_RS09765",61,"truC"
"N900_RS09835",61,"VC_0872_BLAST"
"N900_RS09965",61,"acfd"
"N900_RS10475",61,"N900_RS10475"
"N900_RS10550",61,"pstS_1"
"N900_RS10555",61,"phoR"
"N900_RS10560",61,"phoB"
"N900_RS10640",61,"pheA"
"N900_RS10960",61,"N900_RS10960"
"N900_RS11445",61,"folP"
"N900_RS11970",61,"mutS"
"N900_RS12310",61,"mutY"
"N900_RS12705",61,"N900_RS12705"
"N900_RS14160",61,"allR"
"N900_RS14350",61,"pstA_2"
"N900_RS14615",61,"rbsD"
"N900_RS14735",61,"cation:proton antiporter"
"N900_RS14890",61,"N900_RS14890"
"N900_RS15010",61,"N900_RS15010"
"N900_RS15270",61,"dacA_2"
"N900_RS15565",61,"N900_RS15565"
"N900_RS15950",61,"N900_RS15950"
"N900_RS16015",61,"type II toxin-antitoxin system death-on-curing family toxin"
"N900_RS16335",61,"terc"
"N900_RS17520",61,"transcription initiation factor TFIIIB"
"N900_RS17550",61,"vesA"
"N900_RS17555",61,"DEAD/DEAH box family ATP-dependent RNA helicase"
"N900_RS17745",61,"N900_RS17745"
"N900_RS18180",61,"VC0395_0300_BLAST"
"N900_RS18325",61,"N900_RS18325"
"N900_RS18565",61,"N900_RS18565"
"N900_RS19160",61,"Pseudogene_N900_RS19160"
"N900_RS19320",61,"Pseudogene_N900_RS19320"
"N900_RS00140",60,"ilvE"
"N900_RS00145",60,"ilvM"
"N900_RS00400",60,"uspA_1"
"N900_RS00605",60,"class I adenylate cyclase"
"N900_RS00960",60,"nfua"
"N900_RS01110",60,"fieF"
"N900_RS01415",60,"ABC transporter substrate-binding protein_8"
"N900_RS01435",60,"aruC"
"N900_RS01495",60,"metal-binding protein"
"N900_RS01675",60,"N900_RS01675"
"N900_RS01820",60,"thiP"
"N900_RS01955",60,"pyrB"
"N900_RS02075",60,"leuD"
"N900_RS02440",60,"recJ"
"N900_RS03095",60,"frsA"
"N900_RS03660",60,"bcp"
"N900_RS04230",60,"yejk"
"N900_RS04665",60,"mhpA"
"N900_RS04690",60,"HAD-IB family hydrolase"
"N900_RS05000",60,"ycgB_BLAST"
"N900_RS05205",60,"nadA"
"N900_RS05275",60,"VF_0530_BLAST"
"N900_RS05355",60,"ATPase AAA"
"N900_RS05720",60,"torR"
"N900_RS05790",60,"metE"
"N900_RS06000",60,"N900_RS06000"
"N900_RS06450",60,"membrane protein_7"
"N900_RS06705",60,"ybiT"
"N900_RS07420",60,"molecular chaperone DnaK"
"N900_RS07455",60,"queC"
"N900_RS08560",60,"hisB"
"N900_RS08730",60,"DNA-binding protein VF530"
"N900_RS08895",60,"A79_1377_BLAST"
"N900_RS08910",60,"decR"
"N900_RS09510",60,"vpsQ"
"N900_RS09590",60,"vpsF"
"N900_RS09745",60,"pomA"
"N900_RS09880",60,"N900_RS09880"
"N900_RS10845",60,"tRNA1(Val) (adenine(37)-N6)-methyltransferase"
"N900_RS10855",60,"prfC"
"N900_RS10910",60,"N900_RS10910"
"N900_RS11025",60,"AAA family ATPase"
"N900_RS11180",60,"N900_RS11180"
"N900_RS11195",60,"N900_RS11195"
"N900_RS11365",60,"ubiV"
"N900_RS12145",60,"pykF"
"N900_RS12280",60,"VC_0458_BLAST"
"N900_RS12635",60,"ligase"
"N900_RS12985",60,"TetR/AcrR family transcriptional regulator_1"
"N900_RS13180",60,"N900_RS13180"
"N900_RS13325",60,"HlyC/CorC family transporter_1"
"N900_RS14085",60,"glgP"
"N900_RS14270",60,"N900_RS14270"
"N900_RS14335",60,"methyl-accepting chemotaxis protein_26"
"N900_RS14470",60,"pncB"
"N900_RS14590",60,"N900_RS14590"
"N900_RS14845",60,"chromosome segregation ATPase_2"
"N900_RS14915",60,"ldhA"
"N900_RS15135",60,"N900_RS15135"
"N900_RS15330",60,"Pseudogene_N900_RS15330"
"N900_RS15845",60,"Pseudogene_N900_RS15845"
"N900_RS16035",60,"GNAT family N-acetyltransferase_10"
"N900_RS16815",60,"N900_RS16815"
"N900_RS16855",60,"glpD"
"N900_RS17115",60,"cytochrome b_2"
"N900_RS17385",60,"rhlE_4"
"N900_RS17590",60,"peptidase_4"
"N900_RS17905",60,"N900_RS17905"
"N900_RS17995",60,"gnd"
"N900_RS18050",60,"chuw"
"N900_RS18835",60,"N900_RS18835"
"N900_RS19785",60,"Pseudogene_N900_RS19785"
"N900_RS00065",59,"recF"
"N900_RS00155",59,"yifb"
"N900_RS00640",59,"yigB"
"N900_RS00830",59,"N900_RS00830"
"N900_RS01140",59,"metB"
"N900_RS01740",59,"N900_RS01740"
"N900_RS01915",59,"mlaD"
"N900_RS02575",59,"carB"
"N900_RS02655",59,"gltB_1"
"N900_RS02830",59,"ygjH"
"N900_RS03330",59,"purM"
"N900_RS03730",59,"flaB"
"N900_RS03825",59,"fliP"
"N900_RS04055",59,"yecM"
"N900_RS04350",59,"holB"
"N900_RS04900",59,"N900_RS04900"
"N900_RS05150",59,"cydA"
"N900_RS05155",59,"cydB_1"
"N900_RS05310",59,"N900_RS05310"
"N900_RS05320",59,"N900_RS05320"
"N900_RS05395",59,"tape measure protein"
"N900_RS05595",59,"BamA/TamA family outer membrane protein"
"N900_RS05695",59,"N900_RS05695"
"N900_RS05765",59,"N900_RS05765"
"N900_RS06045",59,"vieA"
"N900_RS06580",59,"exbd"
"N900_RS06745",59,"fdhB1"
"N900_RS06770",59,"aroH"
"N900_RS07245",59,"methyl-accepting chemotaxis protein_9"
"N900_RS07495",59,"ycca"
"N900_RS07875",59,"sarZ_1"
"N900_RS08390",59,"trpB"
"N900_RS08430",59,"ATP-dependent Zn protease"
"N900_RS08575",59,"hisG"
"N900_RS08715",59,"lktB_1"
"N900_RS08745",59,"pta"
"N900_RS08940",59,"recR"
"N900_RS09195",59,"ribonuclease T"
"N900_RS09535",59,"vpsL"
"N900_RS09555",59,"N900_RS09555"
"N900_RS09565",59,"glycosyltransferase"
"N900_RS09670",59,"metN"
"N900_RS09705",59,"N900_RS09705"
"N900_RS09875",59,"abgT_2"
"N900_RS10245",59,"DOPA 4,5-dioxygenase"
"N900_RS10255",59,"dadA1"
"N900_RS10395",59,"ndk"
"N900_RS11595",59,"iron ABC transporter permease"
"N900_RS11685",59,"yadG"
"N900_RS12455",59,"C4-dicarboxylate ABC transporter substrate-binding protein_1"
"N900_RS12840",59,"fkpA"
"N900_RS13595",59,"lpxN"
"N900_RS13685",59,"ggt"
"N900_RS14090",59,"malQ"
"N900_RS14140",59,"nadC_2"
"N900_RS14170",59,"methyl-accepting chemotaxis protein_28"
"N900_RS14255",59,"N900_RS14255"
"N900_RS14465",59,"NUDIX hydrolase_1"
"N900_RS14565",59,"vasH"
"N900_RS14680",59,"spindolin"
"N900_RS15075",59,"siderophore ABC transporter substrate-binding protein"
"N900_RS15400",59,"ygfF"
"N900_RS15615",59,"N900_RS15615"
"N900_RS15645",59,"N900_RS15645"
"N900_RS15685",59,"parE1"
"N900_RS15880",59,"hemagglutinin"
"N900_RS16380",59,"sensor domain-containing diguanylate cyclase_4"
"N900_RS16440",59,"TraF"
"N900_RS16450",59,"yciH"
"N900_RS16610",59,"pbfA_BLAST"
"N900_RS16700",59,"TonB-dependent receptor_2"
"N900_RS17170",59,"modA"
"N900_RS17410",59,"galE"
"N900_RS17600",59,"speB"
"N900_RS17705",59,"HlyC/CorC family transporter_2"
"N900_RS17715",59,"luxG"
"N900_RS17800",59,"malS"
"N900_RS18085",59,"TetR/AcrR family transcriptional regulator_5"
"N900_RS18530",59,"N900_RS18530"
"N900_RS18655",59,"polymer-forming cytoskeletal protein"
"N900_RS18695",59,"N900_RS18695"
"N900_RS19240",59,"N900_RS19240"
"N900_RS19965",59,"Pseudogene_N900_RS19965"
"N900_RS00175",58,"ccoG"
"N900_RS00345",58,"thiG"
"N900_RS01045",58,"narL"
"N900_RS01070",58,"aspA"
"N900_RS01190",58,"rraA"
"N900_RS01765",58,"ytfj"
"N900_RS01815",58,"thiB"
"N900_RS01865",58,"rpoN"
"N900_RS02070",58,"N900_RS02070"
"N900_RS02305",58,"gspb"
"N900_RS02380",58,"yacG"
"N900_RS02425",58,"fldB"
"N900_RS02445",58,"yfkN"
"N900_RS02610",58,"hdfR_1"
"N900_RS02670",58,"arcB"
"N900_RS02890",58,"recD"
"N900_RS03070",58,"rimK"
"N900_RS03130",58,"ribBA"
"N900_RS03320",58,"yafJ"
"N900_RS03470",58,"flgE"
"N900_RS03640",58,"bepA_1"
"N900_RS04000",58,"sucC"
"N900_RS04290",58,"yceF"
"N900_RS04370",58,"N900_RS04370"
"N900_RS04795",58,"ppiD"
"N900_RS05030",58,"methyl-accepting chemotaxis protein_7"
"N900_RS05220",58,"alae"
"N900_RS05390",58,"N900_RS05390"
"N900_RS05590",58,"N900_RS05590"
"N900_RS05870",58,"N900_RS05870"
"N900_RS05935",58,"ttgG"
"N900_RS06175",58,"argD"
"N900_RS06225",58,"LysR family transcriptional regulator_5"
"N900_RS06760",58,"cobB"
"N900_RS06845",58,"pyrD"
"N900_RS06885",58,"ATP-dependent protease LA-related protein"
"N900_RS06895",58,"N900_RS06895"
"N900_RS06980",58,"DNA-binding protein"
"N900_RS07085",58,"histidine kinase"
"N900_RS07230",58,"tssI_1"
"N900_RS07570",58,"GNAT family N-acetyltransferase_4"
"N900_RS07620",58,"N900_RS07620"
"N900_RS07645",58,"mglB"
"N900_RS08205",58,"yeiP"
"N900_RS08785",58,"rcsC_5"
"N900_RS08795",58,"rssB_2"
"N900_RS08925",58,"ycik"
"N900_RS08995",58,"Pseudogene_N900_RS08995"
"N900_RS09185",58,"motY"
"N900_RS10040",58,"tcpQ"
"N900_RS10055",58,"tcpH"
"N900_RS10135",58,"N900_RS10135"
"N900_RS10620",58,"pgeF"
"N900_RS10985",58,"N900_RS10985"
"N900_RS11170",58,"pglX"
"N900_RS11205",58,"N900_RS11205"
"N900_RS11785",58,"degq"
"N900_RS11985",58,"pcm"
"N900_RS12235",58,"VC_0467_BLAST"
"N900_RS12500",58,"N900_RS12500"
"N900_RS12745",58,"pgi"
"N900_RS13215",58,"prmA"
"N900_RS13365",58,"wbeW"
"N900_RS13575",58,"methyl-accepting chemotaxis protein_10"
"N900_RS13605",58,"rph"
"N900_RS13660",58,"ABC transporter ATP-binding protein_1"
"N900_RS14015",58,"soj_2"
"N900_RS14145",58,"VC_A0026_BLAST"
"N900_RS14555",58,"vasF"
"N900_RS14660",58,"Crp/Fnr family transcriptional regulator_2"
"N900_RS14900",58,"rcsC_9"
"N900_RS14955",58,"N900_RS14955"
"N900_RS15080",58,"vctD"
"N900_RS15145",58,"sgbH"
"N900_RS15150",58,"ybhA"
"N900_RS15695",58,"N900_RS15695"
"N900_RS15805",58,"bar"
"N900_RS16060",58,"N900_RS16060"
"N900_RS16405",58,"N900_RS16405"
"N900_RS16485",58,"sgrr"
"N900_RS16495",58,"hotdog fold thioesterase"
"N900_RS16750",58,"antibiotic biosynthesis monooxygenase"
"N900_RS16770",58,"Probable transporter PD_1893_BLAST"
"N900_RS16925",58,"vraR"
"N900_RS17095",58,"torT"
"N900_RS17145",58,"N900_RS17145"
"N900_RS17220",58,"luxQ"
"N900_RS17515",58,"resolvase, putative"
"N900_RS17870",58,"N900_RS17870"
"N900_RS18205",58,"malF"
"N900_RS18385",58,"L-lactate permease"
"N900_RS18510",58,"glutaredoxin"
"N900_RS18535",58,"ogt"
"N900_RS18630",58,"glnQ_2"
"N900_RS18730",58,"ydfG"
"N900_RS18870",58,"cheD"
"N900_RS18995",58,"N900_RS18995"
"N900_RS19840",58,"TRAP transporter small permease subunit"
"N900_RS00215",57,"rsmB"
"N900_RS00510",57,"methyl-accepting chemotaxis protein_4"
"N900_RS00525",57,"N900_RS00525"
"N900_RS00910",57,"gspG"
"N900_RS01260",57,"frdB"
"N900_RS01470",57,"hydrolase"
"N900_RS01840",57,"mgtE_1"
"N900_RS02235",57,"recO"
"N900_RS02780",57,"SMP protein"
"N900_RS02805",57,"AMP-binding protein"
"N900_RS03275",57,"VC0395_A1830_BLAST"
"N900_RS03400",57,"vuuA"
"N900_RS03710",57,"N900_RS03710"
"N900_RS04045",57,"N900_RS04045"
"N900_RS04065",57,"sixA"
"N900_RS04410",57,"N900_RS04410"
"N900_RS04660",57,"LysR family transcriptional regulator_2"
"N900_RS04855",57,"ald"
"N900_RS05005",57,"yeah"
"N900_RS05050",57,"occP"
"N900_RS05940",57,"efflux RND transporter periplasmic adaptor subunit"
"N900_RS06125",57,"radD"
"N900_RS06375",57,"alsS"
"N900_RS06665",57,"amino acid ABC transporter"
"N900_RS07045",57,"ctxB"
"N900_RS07170",57,"potB"
"N900_RS07295",57,"cheB1"
"N900_RS07375",57,"hrpA"
"N900_RS07505",57,"acyP"
"N900_RS07615",57,"tripartite tricarboxylate transporter permease"
"N900_RS07680",57,"ompv"
"N900_RS07750",57,"fumB"
"N900_RS08025",57,"N900_RS08025"
"N900_RS08040",57,"btuC"
"N900_RS08180",57,"uvrC"
"N900_RS08380",57,"trpD"
"N900_RS08450",57,"N900_RS08450"
"N900_RS08545",57,"hisF"
"N900_RS08635",57,"FAD-dependent oxidoreductase_1"
"N900_RS09530",57,"vpsM"
"N900_RS09610",57,"wecC"
"N900_RS09840",57,"N900_RS09840"
"N900_RS09860",57,"mltF"
"N900_RS10200",57,"citD"
"N900_RS10290",57,"yfiZ"
"N900_RS10495",57,"malate synthase A"
"N900_RS11065",57,"N900_RS11065"
"N900_RS11075",57,"dsbC_2"
"N900_RS11260",57,"hdfR_2"
"N900_RS11860",57,"oadA_2"
"N900_RS11990",57,"SurE"
"N900_RS12165",57,"mscS_1"
"N900_RS12290",57,"rdgB"
"N900_RS12460",57,"dctM_1"
"N900_RS13265",57,"peptidase_3"
"N900_RS13415",57,"wbeL"
"N900_RS13420",57,"wbeK"
"N900_RS13470",57,"wavK"
"N900_RS13615",57,"VC0395_A2587_BLAST"
"N900_RS13635",57,"murr"
"N900_RS13790",57,"dppC_2"
"N900_RS14050",57,"N900_RS14050"
"N900_RS14200",57,"copper chaperone PCu(A)C"
"N900_RS14340",57,"pstS1_1"
"N900_RS14385",57,"shyA_BLAST"
"N900_RS14435",57,"VC_A0091_BLAST"
"N900_RS14620",57,"rbsA"
"N900_RS14710",57,"lhgO"
"N900_RS14750",57,"mrpC"
"N900_RS14815",57,"N900_RS14815"
"N900_RS15055",57,"lifO"
"N900_RS15095",57,"AraC family transcriptional regulator_5"
"N900_RS15235",57,"N-acetyltransferase_4"
"N900_RS15395",57,"catB9"
"N900_RS15545",57,"OsmC family peroxiredoxin"
"N900_RS16170",57,"nucleotide pyrophosphatase"
"N900_RS16315",57,"argP_2"
"N900_RS16520",57,"dcmA"
"N900_RS16665",57,"moeB"
"N900_RS16930",57,"narQ"
"N900_RS16940",57,"mycothiol reductase"
"N900_RS17505",57,"Rha family transcriptional regulator"
"N900_RS17710",57,"yhfA"
"N900_RS18140",57,"rlmC"
"N900_RS18545",57,"mhqP"
"N900_RS18590",57,"glgX"
"N900_RS18845",57,"N900_RS18845"
"N900_RS18905",57,"cheY4"
"N900_RS19050",57,"N900_RS19050"
"N900_RS19190",57,"N900_RS19190"
"N900_RS19395",57,"N900_RS19395"
"N900_RS00160",56,"yihG"
"N900_RS00360",56,"LysR family transcriptional regulator_1"
"N900_RS00555",56,"cc4"
"N900_RS01385",56,"aroB"
"N900_RS02430",56,"xerd"
"N900_RS03415",56,"flgT"
"N900_RS03645",56,"N900_RS03645"
"N900_RS03740",56,"fliD"
"N900_RS03885",56,"mnmC"
"N900_RS04070",56,"flhA"
"N900_RS04235",56,"sensor histidine kinase_2"
"N900_RS04610",56,"minD"
"N900_RS04780",56,"clpx"
"N900_RS04945",56,"mfd"
"N900_RS05080",56,"rsmS"
"N900_RS05090",56,"yfcA_2"
"N900_RS05380",56,"N900_RS05380"
"N900_RS05545",56,"intA_1"
"N900_RS05630",56,"TetR/AcrR family transcriptional regulator_2"
"N900_RS05690",56,"menH_3"
"N900_RS05735",56,"mukF"
"N900_RS05865",56,"N900_RS05865"
"N900_RS05955",56,"metC"
"N900_RS05960",56,"clsA"
"N900_RS06255",56,"metA"
"N900_RS06590",56,"N900_RS06590"
"N900_RS06755",56,"N900_RS06755"
"N900_RS06825",56,"N900_RS06825"
"N900_RS07345",56,"bmr3_2"
"N900_RS07730",56,"tyrR"
"N900_RS07740",56,"ycjx"
"N900_RS07780",56,"methyl-accepting chemotaxis protein_13"
"N900_RS08220",56,"hutC"
"N900_RS08460",56,"response regulator_3"
"N900_RS08565",56,"hisC"
"N900_RS08655",56,"N900_RS08655"
"N900_RS08675",56,"biob"
"N900_RS08845",56,"araC_1"
"N900_RS09210",56,"cvpA"
"N900_RS09340",56,"cueR"
"N900_RS09390",56,"crr"
"N900_RS09470",56,"dacA_1"
"N900_RS09715",56,"xni"
"N900_RS09785",56,"N-acetyltransferase_1"
"N900_RS10105",56,"IS481-like element ISVch1 family transposase"
"N900_RS10190",56,"citF"
"N900_RS10300",56,"vibH"
"N900_RS10445",56,"trmJ"
"N900_RS10790",56,"Probable membrane transporter protein HI_0902_BLAST"
"N900_RS11530",56,"chiS"
"N900_RS11740",56,"sspA"
"N900_RS12495",56,"nit1"
"N900_RS12855",56,"N900_RS12855"
"N900_RS12885",56,"mutL"
"N900_RS13555",56,"N900_RS13555"
"N900_RS13680",56,"rarD"
"N900_RS13735",56,"kfrA_1"
"N900_RS13770",56,"XRE family transcriptional regulator_8"
"N900_RS13800",56,"dppA"
"N900_RS13815",56,"N900_RS13815"
"N900_RS14075",56,"yibl"
"N900_RS14510",56,"N900_RS14510"
"N900_RS14595",56,"tssI_2"
"N900_RS14605",56,"N900_RS14605"
"N900_RS14625",56,"rbsC"
"N900_RS14665",56,"glpQ"
"N900_RS14755",56,"mrpA"
"N900_RS14860",56,"pepT"
"N900_RS15320",56,"integrase, putative"
"N900_RS16560",56,"exopolyphosphatase"
"N900_RS16600",56,"putative 2-aminoethylphosphonate ABC transporter substrate-binding protein"
"N900_RS16845",56,"scrB"
"N900_RS17065",56,"sigma-54-dependent Fis family transcriptional regulator"
"N900_RS17155",56,"hydroxymethylglutaryl-CoA reductase"
"N900_RS17160",56,"modC"
"N900_RS17225",56,"luxp"
"N900_RS17345",56,"artP"
"N900_RS17665",56,"acs_2"
"N900_RS17690",56,"cation diffusion facilitator family transporter"
"N900_RS17725",56,"glyceraldehyde-3-phosphate dehydrogenase"
"N900_RS17740",56,"yjeH"
"N900_RS17930",56,"kbl"
"N900_RS18015",56,"N900_RS18015"
"N900_RS18165",56,"M14 family metallocarboxypeptidase"
"N900_RS18615",56,"methyl-accepting chemotaxis protein_19"
"N900_RS18765",56,"calB"
"N900_RS19750",56,"N900_RS19750"
"N900_RS19810",56,"Pseudogene_N900_RS19810"
"N900_RS00025",55,"yidD"
"N900_RS00385",55,"rsmJ"
"N900_RS00395",55,"eamA_2"
"N900_RS00610",55,"cyaY"
"N900_RS00955",55,"nudE"
"N900_RS01405",55,"gph"
"N900_RS01520",55,"N900_RS01520"
"N900_RS01685",55,"LysM"
"N900_RS01785",55,"ytfP"
"N900_RS02020",55,"N900_RS02020"
"N900_RS02960",55,"chrR"
"N900_RS02965",55,"ampG"
"N900_RS03380",55,"heavy metal translocating P-type ATPase"
"N900_RS03475",55,"flgF"
"N900_RS03705",55,"N900_RS03705"
"N900_RS04040",55,"feoc"
"N900_RS04140",55,"ccmC"
"N900_RS04150",55,"ccmE_1"
"N900_RS04445",55,"sppA"
"N900_RS04530",55,"menf"
"N900_RS04560",55,"ydcO"
"N900_RS04620",55,"VC_1957_BLAST"
"N900_RS04715",55,"CDP-diacylglycerol--glycerol-3-phosphate 3-phosphatidyltransferase-related protein"
"N900_RS04750",55,"dctM_1"
"N900_RS04760",55,"dctB"
"N900_RS04925",55,"ndh"
"N900_RS04975",55,"DNA internalization-related competence protein ComEC/Rec2"
"N900_RS05300",55,"N900_RS05300"
"N900_RS05710",55,"purR"
"N900_RS06250",55,"pilW"
"N900_RS06550",55,"ugpE"
"N900_RS07050",55,"rtxA"
"N900_RS07430",55,"N900_RS07430"
"N900_RS07475",55,"aapJ"
"N900_RS07700",55,"SLC13 family permease_1"
"N900_RS07755",55,"pabB"
"N900_RS08010",55,"N900_RS08010"
"N900_RS08195",55,"N900_RS08195"
"N900_RS08435",55,"gonadoliberin III"
"N900_RS08440",55,"alpha-L-glutamate ligase-like protein"
"N900_RS08510",55,"aspT"
"N900_RS08640",55,"SDR family NAD(P)-dependent oxidoreductase"
"N900_RS08710",55,"sensor domain-containing diguanylate cyclase_1"
"N900_RS08870",55,"phosphatase"
"N900_RS09200",55,"yuiF"
"N900_RS09230",55,"truA"
"N900_RS09260",55,"ybaL"
"N900_RS09505",55,"yitt"
"N900_RS09630",55,"vexG"
"N900_RS09690",55,"SecY-interacting protein"
"N900_RS09975",55,"M23 family peptidase"
"N900_RS09985",55,"acfC"
"N900_RS10090",55,"adh"
"N900_RS10735",55,"fkpB"
"N900_RS11145",55,"phosphohydrolase"
"N900_RS11355",55,"bifunctional diguanylate cyclase/phosphodiesterase_1"
"N900_RS11660",55,"pcnB"
"N900_RS12110",55,"N900_RS12110"
"N900_RS12150",55,"oxidative stress defense protein"
"N900_RS12505",55,"rng"
"N900_RS12740",55,"MBL fold metallo-hydrolase_2"
"N900_RS13245",55,"ygbN"
"N900_RS13650",55,"fhuC"
"N900_RS13955",55,"ydhC_1"
"N900_RS14045",55,"N900_RS14045"
"N900_RS14190",55,"phosphatidylglycerophosphatase B, putative"
"N900_RS14520",55,"tssC"
"N900_RS14810",55,"batD"
"N900_RS15045",55,"hlyB_BLAST"
"N900_RS15225",55,"copI_BLAST"
"N900_RS15705",55,"N900_RS15705"
"N900_RS16010",55,"GNAT family N-acetyltransferase_6"
"N900_RS16100",55,"N900_RS16100"
"N900_RS16195",55,"fruA"
"N900_RS16245",55,"cobW"
"N900_RS16715",55,"abrb"
"N900_RS16975",55,"uhpB"
"N900_RS17070",55,"sasA_10"
"N900_RS17080",55,"uhpC_2"
"N900_RS17360",55,"ravA"
"N900_RS17570",55,"pstS_2"
"N900_RS17605",55,"speA"
"N900_RS17760",55,"sensor histidine kinase_6"
"N900_RS17775",55,"lolE_2"
"N900_RS17945",55,"LuxR family transcriptional regulator"
"N900_RS18095",55,"N900_RS18095"
"N900_RS18120",55,"pyrC"
"N900_RS18225",55,"N900_RS18225"
"N900_RS18310",55,"N900_RS18310"
"N900_RS18375",55,"ABC transporter"
"N900_RS18455",55,"nemA_2"
"N900_RS18540",55,"alkA"
"N900_RS18550",55,"LysR family transcriptional regulator_9"
"N900_RS18625",55,"aroG"
"N900_RS18945",55,"qseB"
"N900_RS19700",55,"Pseudogene_N900_RS19700"
"N900_RS00150",54,"ilvG"
"N900_RS00170",54,"serine/threonine protein kinase"
"N900_RS00325",54,"thiC"
"N900_RS00380",54,"N900_RS00380"
"N900_RS00600",54,"N900_RS00600"
"N900_RS00810",54,"add"
"N900_RS00985",54,"greB"
"N900_RS01130",54,"metF"
"N900_RS01390",54,"damX_1"
"N900_RS01700",54,"dbpA"
"N900_RS01925",54,"anti-sigma B factor antagonist, putative"
"N900_RS01950",54,"pyrI"
"N900_RS02320",54,"HI_1603_BLAST"
"N900_RS03090",54,"gpt"
"N900_RS03310",54,"fadE_1"
"N900_RS03335",54,"upp"
"N900_RS03505",54,"flgL"
"N900_RS03655",54,"mlp24"
"N900_RS03925",54,"yohK_1"
"N900_RS03965",54,"gltA"
"N900_RS04160",54,"dsbe"
"N900_RS04195",54,"grxD"
"N900_RS04375",54,"N900_RS04375"
"N900_RS04815",54,"ihfB"
"N900_RS05265",54,"ald1"
"N900_RS05665",54,"aroA"
"N900_RS05700",54,"N900_RS05700"
"N900_RS06120",54,"membrane protein_6"
"N900_RS06220",54,"ynfM"
"N900_RS06235",54,"ygjP"
"N900_RS06485",54,"macB_2"
"N900_RS06535",54,"glpQ_1"
"N900_RS06810",54,"msrC_BLAST"
"N900_RS06945",54,"N900_RS06945"
"N900_RS07125",54,"ccoS"
"N900_RS07150",54,"N900_RS07150"
"N900_RS07195",54,"N900_RS07195"
"N900_RS07485",54,"yhdY"
"N900_RS07515",54,"diguanylate cyclase_1"
"N900_RS07805",54,"aspC"
"N900_RS07860",54,"ccmE_2"
"N900_RS07885",54,"nreB"
"N900_RS08515",54,"clpA"
"N900_RS08615",54,"N900_RS08615"
"N900_RS08770",54,"oppB"
"N900_RS08800",54,"sasA_6"
"N900_RS09060",54,"udp_1"
"N900_RS09580",54,"vpsH"
"N900_RS09725",54,"lysR"
"N900_RS10490",54,"aceA"
"N900_RS10625",54,"rluD"
"N900_RS10710",54,"murQ_1"
"N900_RS10715",54,"nhaP2_2"
"N900_RS11105",54,"trak"
"N900_RS11160",54,"brxL"
"N900_RS11265",54,"floR"
"N900_RS11435",54,"N900_RS11435"
"N900_RS11695",54,"can"
"N900_RS11700",54,"hpt"
"N900_RS11745",54,"petC"
"N900_RS11850",54,"qorA"
"N900_RS12490",54,"tldD"
"N900_RS12580",54,"MSHA biogenesis protein MshN"
"N900_RS12585",54,"mshM"
"N900_RS12790",54,"bfr"
"N900_RS13500",54,"wavH"
"N900_RS13730",54,"N900_RS13730"
"N900_RS14265",54,"deoD_2"
"N900_RS14280",54,"merr"
"N900_RS14285",54,"phrB_2"
"N900_RS14320",54,"N900_RS14320"
"N900_RS14475",54,"ydgJ"
"N900_RS14910",54,"NAD(P)H-hydrate dehydratase"
"N900_RS15190",54,"antibiotic acetyltransferase_1"
"N900_RS15230",54,"N900_RS15230"
"N900_RS15575",54,"mccF_1"
"N900_RS15790",54,"N900_RS15790"
"N900_RS15865",54,"relE_1"
"N900_RS16215",54,"sbcD"
"N900_RS16255",54,"kup"
"N900_RS16455",54,"N900_RS16455"
"N900_RS16595",54,"putative 2-aminoethylphosphonate ABC transporter ATP-binding protein"
"N900_RS16880",54,"methyl-accepting chemotaxis protein_23"
"N900_RS16965",54,"VC_A0681_BLAST"
"N900_RS17110",54,"dgkA"
"N900_RS17535",54,"creA"
"N900_RS17790",54,"N900_RS17790"
"N900_RS17875",54,"dsdA"
"N900_RS17955",54,"yaeR_BLAST"
"N900_RS18035",54,"methyl-accepting chemotaxis protein_24"
"N900_RS18490",54,"sarZ_2"
"N900_RS19265",54,"preprotein translocase"
"N900_RS00075",53,"N900_RS00075"
"N900_RS00130",53,"ilvA"
"N900_RS00655",53,"membrane protein_2"
"N900_RS01065",53,"dcuA"
"N900_RS01075",53,"N900_RS01075"
"N900_RS01150",53,"maeB"
"N900_RS01280",53,"secB"
"N900_RS01695",53,"elaA"
"N900_RS02675",53,"arcA_2"
"N900_RS02740",53,"yaaA"
"N900_RS03105",53,"proB"
"N900_RS03450",53,"cheR"
"N900_RS03465",53,"flgD"
"N900_RS03550",53,"ychF"
"N900_RS03665",53,"gcvR"
"N900_RS04435",53,"N900_RS04435"
"N900_RS04450",53,"fadH"
"N900_RS04455",53,"purU"
"N900_RS04605",53,"minE"
"N900_RS04670",53,"TauD/TfdA family dioxygenase"
"N900_RS05055",53,"argT"
"N900_RS05270",53,"acoR"
"N900_RS05360",53,"N900_RS05360"
"N900_RS05450",53,"siaP"
"N900_RS05535",53,"zorC"
"N900_RS05575",53,"pqiB"
"N900_RS05610",53,"breR"
"N900_RS05900",53,"sapC"
"N900_RS06060",53,"vesC"
"N900_RS06340",53,"bmr3_1"
"N900_RS06390",53,"ykgB"
"N900_RS06465",53,"appC"
"N900_RS06505",53,"lysr_3"
"N900_RS06800",53,"paraquat-inducible protein A"
"N900_RS06900",53,"N900_RS06900"
"N900_RS07070",53,"HlyD family type I secretion periplasmic adaptor subunit_1"
"N900_RS07075",53,"hlyB"
"N900_RS07110",53,"ccoP"
"N900_RS07250",53,"vceB"
"N900_RS07270",53,"rhlE_1"
"N900_RS07330",53,"mlp13"
"N900_RS07415",53,"hscA_1"
"N900_RS07600",53,"gntR_1"
"N900_RS07605",53,"tripartite tricarboxylate transporter substrate binding protein"
"N900_RS07775",53,"queD"
"N900_RS08060",53,"cobS_1"
"N900_RS08240",53,"hutH"
"N900_RS08280",53,"molecular chaperone DnaJ"
"N900_RS08520",53,"clpS"
"N900_RS08540",53,"hisI"
"N900_RS08680",53,"bioA"
"N900_RS08700",53,"prepilin peptidase_1"
"N900_RS08755",53,"oppF_BLAST"
"N900_RS09415",53,"corc"
"N900_RS09465",53,"rlpa"
"N900_RS10125",53,"class I SAM-dependent methyltransferase_5"
"N900_RS10195",53,"citE"
"N900_RS10225",53,"oadB"
"N900_RS10515",53,"ppk2"
"N900_RS10775",53,"nptA protein"
"N900_RS11465",53,"greA"
"N900_RS11590",53,"phnT"
"N900_RS11655",53,"gluQ"
"N900_RS11975",53,"rpoS"
"N900_RS12445",53,"mdh"
"N900_RS12450",53,"argR"
"N900_RS12630",53,"uvrA"
"N900_RS12710",53,"N900_RS12710"
"N900_RS12960",53,"SLC13 family permease_2"
"N900_RS13175",53,"hcaT"
"N900_RS13235",53,"edd"
"N900_RS13355",53,"VC_0265"
"N900_RS13370",53,"galE"
"N900_RS13600",53,"pyrE"
"N900_RS13640",53,"fhuB"
"N900_RS14070",53,"N900_RS14070"
"N900_RS14360",53,"N900_RS14360"
"N900_RS14410",53,"MFS transporter_3"
"N900_RS14925",53,"potassium channel protein"
"N900_RS14995",53,"VC_A0210_BLAST"
"N900_RS15240",53,"yfiC_2"
"N900_RS15390",53,"N900_RS15390"
"N900_RS15460",53,"rppH_2"
"N900_RS15660",53,"lyse_2"
"N900_RS15885",53,"site-specific DNA-methyltransferase"
"N900_RS15920",53,"Pseudogene_N900_RS15920"
"N900_RS16260",53,"nifJ"
"N900_RS16370",53,"yhjX"
"N900_RS16415",53,"pntA"
"N900_RS16490",53,"N900_RS16490"
"N900_RS16500",53,"bepA_3"
"N900_RS16530",53,"DNA-binding protein_3"
"N900_RS16645",53,"fhs"
"N900_RS16995",53,"fbpc"
"N900_RS17210",53,"N900_RS17210"
"N900_RS17280",53,"glpB"
"N900_RS17575",53,"MaoC family dehydratase"
"N900_RS17765",53,"N900_RS17765"
"N900_RS17850",53,"pbpG"
"N900_RS17890",53,"integrase"
"N900_RS17960",53,"N900_RS17960"
"N900_RS18010",53,"N900_RS18010"
"N900_RS18030",53,"cdar"
"N900_RS18060",53,"exbB1"
"N900_RS18065",53,"exbD1"
"N900_RS18215",53,"malK"
"N900_RS18295",53,"DMT family transporter_2"
"N900_RS18300",53,"gcvA_2"
"N900_RS18380",53,"dmlR"
"N900_RS18790",53,"1-pyrroline-5-carboxylate dehydrogenase"
"N900_RS18910",53,"N900_RS18910"
"N900_RS19185",53,"N900_RS19185"
"N900_RS00460",52,"tatC"
"N900_RS00735",52,"ftsX"
"N900_RS00845",52,"typA"
"N900_RS00850",52,"ATPase"
"N900_RS00870",52,"asma_2"
"N900_RS01235",52,"N900_RS01235"
"N900_RS01310",52,"argC"
"N900_RS02105",52,"glycosyl transferase_1"
"N900_RS02345",52,"tolC"
"N900_RS02660",52,"yhcC_BLAST"
"N900_RS02755",52,"N900_RS02755"
"N900_RS02775",52,"deoD_1"
"N900_RS02785",52,"phosphoserine phosphatase"
"N900_RS02820",52,"lacZ"
"N900_RS02950",52,"ATP-dependent protease"
"N900_RS03055",52,"diguanylate cyclase_4"
"N900_RS03265",52,"padC"
"N900_RS03280",52,"lysm"
"N900_RS03370",52,"chb"
"N900_RS03425",52,"flgP"
"N900_RS03430",52,"flgN"
"N900_RS03695",52,"ArsC family reductase"
"N900_RS03910",52,"N900_RS03910"
"N900_RS03940",52,"ybfF"
"N900_RS04110",52,"parP"
"N900_RS04585",52,"TetR/AcrR family transcriptional regulator_4"
"N900_RS04695",52,"lyse_1"
"N900_RS04755",52,"dctD"
"N900_RS04775",52,"clpP"
"N900_RS04885",52,"N900_RS04885"
"N900_RS05375",52,"transcriptional regulator_2"
"N900_RS05435",52,"nanK"
"N900_RS05600",52,"N900_RS05600"
"N900_RS05730",52,"cmoM"
"N900_RS05760",52,"VC_1711_BLAST"
"N900_RS05970",52,"TIGR01621 family pseudouridine synthase"
"N900_RS06130",52,"rsuA"
"N900_RS06230",52,"glutaredoxin, putative"
"N900_RS06245",52,"N900_RS06245"
"N900_RS06315",52,"N900_RS06315"
"N900_RS06410",52,"dabA_BLAST"
"N900_RS06565",52,"tonB"
"N900_RS06625",52,"NlpC"
"N900_RS07290",52,"cheW"
"N900_RS07960",52,"setA"
"N900_RS07970",52,"rhodanese-related sulfurtransferase"
"N900_RS08050",52,"alpha-ribazole-5'-phosphate phosphatase"
"N900_RS08265",52,"N900_RS08265"
"N900_RS08670",52,"bioF"
"N900_RS08780",52,"ptxB"
"N900_RS08860",52,"chitinase_1"
"N900_RS09000",52,"RNA polymerase sigma factor"
"N900_RS09070",52,"N900_RS09070"
"N900_RS09085",52,"moaE"
"N900_RS09205",52,"purF"
"N900_RS09215",52,"dedD"
"N900_RS09245",52,"nagE"
"N900_RS09265",52,"asnB"
"N900_RS10110",52,"N900_RS10110"
"N900_RS10175",52,"N900_RS10175"
"N900_RS10265",52,"yjcS"
"N900_RS10580",52,"nfsA"
"N900_RS11015",52,"N900_RS11015"
"N900_RS11120",52,"N900_RS11120"
"N900_RS11280",52,"N900_RS11280"
"N900_RS11475",52,"dacB"
"N900_RS11550",52,"dppC_1"
"N900_RS11645",52,"sfsA"
"N900_RS11650",52,"dksA"
"N900_RS11690",52,"bicA"
"N900_RS12140",52,"DeoR/GlpR transcriptional regulator"
"N900_RS12155",52,"argp"
"N900_RS12195",52,"irgB"
"N900_RS12230",52,"gshB"
"N900_RS12285",52,"N900_RS12285"
"N900_RS13165",52,"gppA"
"N900_RS14325",52,"N900_RS14325"
"N900_RS14495",52,"SulP family inorganic anion transporter_2"
"N900_RS14715",52,"peptidase M66"
"N900_RS14745",52,"mnhD"
"N900_RS15070",52,"egtC"
"N900_RS15110",52,"ackA_2"
"N900_RS15160",52,"ulaC"
"N900_RS15265",52,"hdc"
"N900_RS15750",52,"N900_RS15750"
"N900_RS15990",52,"ypeA_3"
"N900_RS16765",52,"mdtA"
"N900_RS16790",52,"cdr"
"N900_RS16860",52,"aer_1"
"N900_RS17100",52,"mgsA"
"N900_RS17525",52,"yieH"
"N900_RS18130",52,"yhaI"
"N900_RS18200",52,"malG"
"N900_RS18240",52,"vpsT"
"N900_RS18445",52,"vcaM"
"N900_RS18460",52,"tetr_2"
"N900_RS18650",52,"pgcA"
"N900_RS18720",52,"LysR family transcriptional regulator_8"
"N900_RS18725",52,"methyl-accepting chemotaxis protein_17"
"N900_RS18735",52,"dmlR_10"
"N900_RS18855",52,"btrV"
"N900_RS19045",52,"N900_RS19045"
"N900_RS19350",52,"transcriptional regulator_3"
"N900_RS19500",52,"Pseudogene_N900_RS19500"
"N900_RS19740",52,"N900_RS19740"
"N900_RS19745",52,"hchA"
"N900_RS00125",51,"acuI"
"N900_RS00185",51,"N900_RS00185"
"N900_RS00710",51,"lysoplasmalogenase_1"
"N900_RS00780",51,"RNA-binding protein"
"N900_RS00815",51,"N900_RS00815"
"N900_RS00855",51,"VC0395_A2314_BLAST"
"N900_RS00970",51,"bioH"
"N900_RS01135",51,"metL"
"N900_RS01175",51,"hslV"
"N900_RS01780",51,"tamb"
"N900_RS02185",51,"nadB"
"N900_RS02225",51,"ribonuclease III"
"N900_RS02640",51,"gltD_1"
"N900_RS02925",51,"csdE"
"N900_RS02955",51,"rpoE_2"
"N900_RS03595",51,"sirB1"
"N900_RS03635",51,"arsC"
"N900_RS03870",51,"epmC"
"N900_RS04060",51,"peptidase, insulinase family"
"N900_RS04175",51,"mlaA"
"N900_RS04200",51,"topB"
"N900_RS04380",51,"pykA_1"
"N900_RS04385",51,"mlc"
"N900_RS04415",51,"yeaD"
"N900_RS04520",51,"yfbR"
"N900_RS04550",51,"menC"
"N900_RS04590",51,"N900_RS04590"
"N900_RS04640",51,"chitinase_2"
"N900_RS04820",51,"lapa"
"N900_RS04835",51,"MiaE"
"N900_RS05035",51,"lpxR"
"N900_RS05560",51,"vexD"
"N900_RS05825",51,"yeeZ"
"N900_RS05880",51,"N900_RS05880"
"N900_RS06020",51,"HlyD family efflux transporter periplasmic adaptor subunit"
"N900_RS06025",51,"sdaC"
"N900_RS06065",51,"sgrR_1"
"N900_RS06085",51,"methyl-accepting chemotaxis protein_8"
"N900_RS06400",51,"ankB protein"
"N900_RS06720",51,"N900_RS06720"
"N900_RS06955",51,"DNA replication protein_1"
"N900_RS07055",51,"toxin-activating lysine-acyltransferase"
"N900_RS07165",51,"potA"
"N900_RS07545",51,"N900_RS07545"
"N900_RS07580",51,"prpF"
"N900_RS07655",51,"N900_RS07655"
"N900_RS07660",51,"nqrM_2"
"N900_RS08370",51,"trpE"
"N900_RS08395",51,"trpA"
"N900_RS08470",51,"DNA transformation protein"
"N900_RS08550",51,"hisA"
"N900_RS08830",51,"ywlC"
"N900_RS08850",51,"YbhB/YbcL family Raf kinase inhibitor-like protein"
"N900_RS08920",51,"sohB"
"N900_RS08990",51,"fadI"
"N900_RS09110",51,"ybhK"
"N900_RS09115",51,"luxu"
"N900_RS09180",51,"VP2110_BLAST"
"N900_RS09290",51,"htpG"
"N900_RS09365",51,"cysZ"
"N900_RS09660",51,"treR"
"N900_RS09885",51,"pilV"
"N900_RS10130",51,"uvrB_2"
"N900_RS10455",51,"secF_1"
"N900_RS10530",51,"pstA_1"
"N900_RS10705",51,"anmK"
"N900_RS10825",51,"vpsR"
"N900_RS10905",51,"trah"
"N900_RS10995",51,"endonuclease"
"N900_RS11060",51,"TrhF"
"N900_RS11135",51,"N900_RS11135"
"N900_RS11540",51,"ABC transporter substrate-binding protein_1"
"N900_RS11640",51,"alpha/beta fold hydrolase"
"N900_RS11825",51,"yfjD"
"N900_RS11835",51,"gshA"
"N900_RS11965",51,"cysM"
"N900_RS12595",51,"mshk"
"N900_RS12695",51,"cysI"
"N900_RS12880",51,"miaA"
"N900_RS13360",51,"rjg"
"N900_RS13550",51,"mutM"
"N900_RS14060",51,"garR"
"N900_RS14765",51,"uspA_2"
"N900_RS14805",51,"N900_RS14805"
"N900_RS14970",51,"rhlE_2"
"N900_RS15220",51,"N900_RS15220"
"N900_RS15255",51,"emrD3"
"N900_RS15510",51,"type II toxin-antitoxin system YafQ family toxin"
"N900_RS15850",51,"N900_RS15850"
"N900_RS16115",51,"N900_RS16115"
"N900_RS16205",51,"fruB"
"N900_RS16285",51,"N900_RS16285"
"N900_RS16535",51,"yejF"
"N900_RS16540",51,"yejE"
"N900_RS16545",51,"yejb"
"N900_RS16735",51,"glpm"
"N900_RS16780",51,"arsR"
"N900_RS16900",51,"sglT"
"N900_RS17035",51,"N900_RS17035"
"N900_RS17085",51,"pykA_2"
"N900_RS17235",51,"VC_A0740_BLAST"
"N900_RS17265",51,"glpF"
"N900_RS17375",51,"cytochrome c_3"
"N900_RS17430",51,"pxpC"
"N900_RS17635",51,"ask"
"N900_RS17965",51,"N900_RS17965"
"N900_RS17970",51,"N900_RS17970"
"N900_RS18480",51,"N900_RS18480"
"N900_RS18585",51,"maltoporin"
"N900_RS18660",51,"Pseudogene_N900_RS18660"
"N900_RS18745",51,"ribB"
"N900_RS18940",51,"qseC"
"N900_RS18980",51,"potD_3"
"N900_RS19025",51,"ComF-related protein"
"N900_RS19250",51,"N900_RS19250"
"N900_RS19755",51,"N900_RS19755"
"N900_RS00015",50,"mnmE"
"N900_RS00190",50,"SpoOM-related protein"
"N900_RS00270",50,"aroE"
"N900_RS00350",50,"thiH"
"N900_RS00455",50,"tatB"
"N900_RS00630",50,"N900_RS00630"
"N900_RS00765",50,"btuB"
"N900_RS00880",50,"hslo"
"N900_RS01195",50,"norM_1"
"N900_RS01210",50,"N900_RS01210"
"N900_RS01315",50,"argB"
"N900_RS01375",50,"fimbrial assembly protein"
"N900_RS01440",50,"astA"
"N900_RS02190",50,"N900_RS02190"
"N900_RS02215",50,"lepA"
"N900_RS02325",50,"ygiF"
"N900_RS02330",50,"methyl-accepting chemotaxis protein_15"
"N900_RS02650",50,"gltD_2"
"N900_RS03630",50,"wrbA"
"N900_RS04765",50,"N900_RS04765"
"N900_RS04800",50,"ComEA family DNA-binding protein"
"N900_RS05470",50,"ybbH"
"N900_RS05475",50,"nanM_1"
"N900_RS05495",50,"N900_RS05495"
"N900_RS05905",50,"sapB"
"N900_RS06030",50,"eamA_5"
"N900_RS06070",50,"N900_RS06070"
"N900_RS06095",50,"N900_RS06095"
"N900_RS06540",50,"glpR_1"
"N900_RS06560",50,"ugpB"
"N900_RS06570",50,"mota"
"N900_RS06600",50,"N900_RS06600"
"N900_RS06700",50,"sasA_2"
"N900_RS06750",50,"formate dehydrogenase subunit gamma"
"N900_RS06820",50,"prc"
"N900_RS07155",50,"glucosaminidase"
"N900_RS07205",50,"rhtB_3"
"N900_RS07260",50,"vceC"
"N900_RS07275",50,"PAS domain S-box protein_1"
"N900_RS07365",50,"yegD"
"N900_RS07440",50,"ABC transporter substrate-binding protein_5"
"N900_RS07510",50,"rlmI"
"N900_RS07630",50,"mglC"
"N900_RS07765",50,"sdaC_2"
"N900_RS07890",50,"dctM_2"
"N900_RS07920",50,"Peptidoglycan L,D-endopeptidase MepK_BLAST"
"N900_RS08120",50,"relV"
"N900_RS08200",50,"nucleotidyltransferase"
"N900_RS08245",50,"N900_RS08245"
"N900_RS08415",50,"UPF0759 protein YecE_BLAST"
"N900_RS08500",50,"iron-containing alcohol dehydrogenase_1"
"N900_RS08740",50,"ackA_1"
"N900_RS09055",50,"N900_RS09055"
"N900_RS09685",50,"N900_RS09685"
"N900_RS09870",50,"tadA"
"N900_RS10060",50,"tcpP"
"N900_RS10250",50,"dsdC_1"
"N900_RS10540",50,"ppk"
"N900_RS10685",50,"aroF"
"N900_RS10720",50,"N900_RS10720"
"N900_RS11830",50,"luxS"
"N900_RS12435",50,"Pseudogene_N900_RS12435"
"N900_RS12530",50,"mshQ"
"N900_RS12560",50,"MSHA pilin protein MshB"
"N900_RS13185",50,"N900_RS13185"
"N900_RS13620",50,"murP"
"N900_RS13675",50,"recQ"
"N900_RS14080",50,"malT"
"N900_RS14095",50,"glgB"
"N900_RS14195",50,"sstT"
"N900_RS14440",50,"triacylglycerol lipase"
"N900_RS14455",50,"N900_RS14455"
"N900_RS14500",50,"RluA family pseudouridine synthase"
"N900_RS14545",50,"tssJ"
"N900_RS14655",50,"udp_2"
"N900_RS14690",50,"dctD_2"
"N900_RS14720",50,"def2"
"N900_RS15035",50,"thermolabile hemolysin"
"N900_RS15060",50,"prtV"
"N900_RS15065",50,"N900_RS15065"
"N900_RS15100",50,"vctA"
"N900_RS15550",50,"N900_RS15550"
"N900_RS15915",50,"N900_RS15915"
"N900_RS16390",50,"hpxW"
"N900_RS16575",50,"peptide MFS transporter"
"N900_RS16585",50,"phnR"
"N900_RS16835",50,"treP"
"N900_RS16970",50,"uhpA"
"N900_RS17105",50,"pncA"
"N900_RS17135",50,"zraS"
"N900_RS17180",50,"DNA recombination protein RecF"
"N900_RS17300",50,"ycaD"
"N900_RS17355",50,"viaA"
"N900_RS17640",50,"ectC"
"N900_RS17650",50,"L-2,4-diaminobutyric acid acetyltransferase"
"N900_RS17880",50,"dsdC"
"N900_RS17910",50,"N900_RS17910"
"N900_RS17925",50,"tdh"
"N900_RS18110",50,"mlp37"
"N900_RS18290",50,"N900_RS18290"
"N900_RS18465",50,"LysE family translocator_2"
"N900_RS18475",50,"ygaZ"
"N900_RS18485",50,"ycgM"
"N900_RS18500",50,"porin"
"N900_RS18960",50,"biliverdin-producing heme oxygenase"
"N900_RS19020",50,"N900_RS19020"
"N900_RS19030",50,"N900_RS19030"
"N900_RS19335",50,"N900_RS19335"
"N900_RS00200",49,"N900_RS00200"
"N900_RS00250",49,"purK"
"N900_RS00540",49,"ypeA_1"
"N900_RS00645",49,"cdpA"
"N900_RS00860",49,"dtd"
"N900_RS01300",49,"ppc"
"N900_RS01345",49,"oxyR"
"N900_RS01845",49,"ptsO"
"N900_RS01920",49,"mlaC"
"N900_RS01975",49,"N900_RS01975"
"N900_RS02030",49,"rpfG"
"N900_RS02255",49,"N900_RS02255"
"N900_RS02360",49,"cpdA"
"N900_RS02580",49,"nlpE_2"
"N900_RS02605",49,"yfcA_1"
"N900_RS02720",49,"ung"
"N900_RS02795",49,"radA"
"N900_RS02915",49,"mltA"
"N900_RS02930",49,"csdA"
"N900_RS03115",49,"nrdR"
"N900_RS03160",49,"glnD"
"N900_RS03605",49,"ushA"
"N900_RS03650",49,"perM"
"N900_RS04300",49,"rpmF"
"N900_RS04650",49,"torZ"
"N900_RS05365",49,"N900_RS05365"
"N900_RS05490",49,"N900_RS05490"
"N900_RS05725",49,"elyC"
"N900_RS05835",49,"focA_1"
"N900_RS05975",49,"ynjF"
"N900_RS06240",49,"rlmF"
"N900_RS06425",49,"almE"
"N900_RS06480",49,"macB_1"
"N900_RS06670",49,"MoeA"
"N900_RS06710",49,"fdhD"
"N900_RS07285",49,"mlp14"
"N900_RS07335",49,"gdx"
"N900_RS07410",49,"N900_RS07410"
"N900_RS07520",49,"N900_RS07520"
"N900_RS07585",49,"acnD"
"N900_RS07715",49,"eamA_3"
"N900_RS07815",49,"polC_1"
"N900_RS07900",49,"ABC transporter substrate-binding protein_3"
"N900_RS07915",49,"gloC"
"N900_RS08290",49,"N900_RS08290"
"N900_RS08375",49,"trpG_2"
"N900_RS08400",49,"dicarboxylate/amino acid:cation symporter"
"N900_RS08505",49,"grxa"
"N900_RS08805",49,"sasA_7"
"N900_RS08900",49,"lipoprotein-related protein"
"N900_RS08915",49,"sbnA"
"N900_RS09015",49,"aromatic hydrocarbon degradation protein"
"N900_RS09300",49,"toxS"
"N900_RS09315",49,"yfcH"
"N900_RS09325",49,"YbbN"
"N900_RS09370",49,"cysK"
"N900_RS09615",49,"vpsA"
"N900_RS09625",49,"vexH"
"N900_RS09680",49,"metq"
"N900_RS09710",49,"ppnN_BLAST"
"N900_RS10010",49,"tcpE"
"N900_RS10165",49,"Ferredoxin 1_BLAST"
"N900_RS10185",49,"citX"
"N900_RS10330",49,"carbohydrate-binding protein"
"N900_RS10675",49,"N900_RS10675"
"N900_RS10990",49,"cobS"
"N900_RS11045",49,"tran"
"N900_RS11680",49,"yadH"
"N900_RS11755",49,"petA"
"N900_RS11950",49,"cysW"
"N900_RS12015",49,"uppP"
"N900_RS12135",49,"glmS"
"N900_RS12160",49,"argO"
"N900_RS12345",49,"mcpP_2"
"N900_RS12765",49,"N900_RS12765"
"N900_RS12850",49,"slyx"
"N900_RS13280",49,"cadB"
"N900_RS13310",49,"N900_RS13310"
"N900_RS13845",49,"cytochrome c5"
"N900_RS14215",49,"VC_A0040_BLAST"
"N900_RS14480",49,"phage shock protein E"
"N900_RS14600",49,"tsiV3"
"N900_RS14670",49,"glpT"
"N900_RS14700",49,"C4-dicarboxylate ABC transporter substrate-binding protein_2"
"N900_RS14795",49,"N900_RS14795"
"N900_RS14865",49,"mscS_2"
"N900_RS15015",49,"emrD"
"N900_RS15170",49,"ulaR"
"N900_RS16030",49,"rele"
"N900_RS16210",49,"cra"
"N900_RS16265",49,"kdpd"
"N900_RS16345",49,"alkylphosphonate utilization protein"
"N900_RS16355",49,"N900_RS16355"
"N900_RS16475",49,"yhaJ"
"N900_RS16505",49,"N900_RS16505"
"N900_RS16650",49,"msrB_3"
"N900_RS16725",49,"GNAT family acetyltransferase"
"N900_RS16775",49,"Probable transporter XF_0766_BLAST"
"N900_RS16875",49,"beta-phosphoglucomutase family hydrolase"
"N900_RS16905",49,"yjhB"
"N900_RS17040",49,"diguanylate cyclase_5"
"N900_RS17075",49,"ABC transporter substrate-binding protein_11"
"N900_RS17175",49,"cobQ"
"N900_RS17200",49,"NirD/YgiW/YdeI family stress tolerance protein"
"N900_RS17230",49,"traf"
"N900_RS17260",49,"glpK"
"N900_RS17435",49,"FAD-dependent oxidoreductase_2"
"N900_RS18090",49,"N900_RS18090"
"N900_RS18115",49,"hmp_2"
"N900_RS18230",49,"SM-20"
"N900_RS18365",49,"mcpQ"
"N900_RS18635",49,"amino acid ABC transporter permease"
"N900_RS18670",49,"mtlA"
"N900_RS18810",49,"egtb"
"N900_RS19450",49,"N900_RS19450"
"N900_RS00135",48,"ilvD"
"N900_RS00230",48,"N900_RS00230"
"N900_RS00465",48,"ccp"
"N900_RS00495",48,"chorismate lyase"
"N900_RS00660",48,"N900_RS00660"
"N900_RS00745",48,"sthA"
"N900_RS00975",48,"N900_RS00975"
"N900_RS01000",48,"xanP_BLAST"
"N900_RS01165",48,"cytR"
"N900_RS01460",48,"cfxP"
"N900_RS02085",48,"leuB"
"N900_RS02120",48,"ilvI"
"N900_RS02645",48,"gltB_2"
"N900_RS02685",48,"putative 4-hydroxy-4-methyl-2-oxoglutarate aldolase"
"N900_RS02715",48,"nfo"
"N900_RS02745",48,"TatD family deoxyribonuclease"
"N900_RS03270",48,"glnB"
"N900_RS03295",48,"rnhA"
"N900_RS03405",48,"vuuB"
"N900_RS03685",48,"M15 family metallopeptidase"
"N900_RS03955",48,"N900_RS03955"
"N900_RS04340",48,"mltG"
"N900_RS04480",48,"starvation lipoprotein Slp"
"N900_RS04565",48,"sutR"
"N900_RS04630",48,"lysr_2"
"N900_RS04735",48,"ydiU_BLAST"
"N900_RS04840",48,"motV"
"N900_RS04870",48,"dsbB"
"N900_RS05060",48,"hisQ"
"N900_RS05240",48,"PTS fructose transporter subunit IIA_2"
"N900_RS05525",48,"ZorA"
"N900_RS05565",48,"vexC"
"N900_RS05615",48,"NAD-dependent succinate-semialdehyde dehydrogenase"
"N900_RS05670",48,"yciN"
"N900_RS05945",48,"vexK"
"N900_RS06170",48,"nhaA"
"N900_RS06295",48,"citT"
"N900_RS06355",48,"galM"
"N900_RS06415",48,"dabB"
"N900_RS06530",48,"Toxin-antitoxin biofilm protein TabA homolog_BLAST"
"N900_RS06575",48,"tolQ_3"
"N900_RS06645",48,"nagK"
"N900_RS06695",48,"atoC_2"
"N900_RS06855",48,"rlmKL"
"N900_RS07215",48,"tsiV1"
"N900_RS07820",48,"methyl-accepting chemotaxis protein_6"
"N900_RS07855",48,"licC"
"N900_RS07945",48,"peptidase_2"
"N900_RS08020",48,"mcpP_1"
"N900_RS08035",48,"btuD"
"N900_RS08045",48,"astE"
"N900_RS08255",48,"N900_RS08255"
"N900_RS08285",48,"N900_RS08285"
"N900_RS08355",48,"yciO"
"N900_RS08360",48,"yciV"
"N900_RS08660",48,"bioD"
"N900_RS08690",48,"rarA"
"N900_RS08705",48,"dusC"
"N900_RS08750",48,"yqjG"
"N900_RS08765",48,"oppC"
"N900_RS08855",48,"CPBP family intramembrane metalloprotease"
"N900_RS08865",48,"arsJ"
"N900_RS08905",48,"tesB"
"N900_RS09385",48,"ptsI"
"N900_RS09585",48,"vpsG"
"N900_RS09895",48,"PilW"
"N900_RS10115",48,"type II toxin-antitoxin system HipA family toxin"
"N900_RS10215",48,"sodium pump decarboxylase"
"N900_RS10230",48,"citA"
"N900_RS10275",48,"vibriobactin biosynthesis 4\'-phosphopantetheinyl transferase VibD"
"N900_RS10465",48,"yajC"
"N900_RS10470",48,"tgt"
"N900_RS10700",48,"nagZ"
"N900_RS10915",48,"xerC_2"
"N900_RS11030",48,"IS21 family transposase"
"N900_RS11095",48,"traV"
"N900_RS11140",48,"traD"
"N900_RS11345",48,"N-acetyltransferase_2"
"N900_RS12080",48,"pctB_2"
"N900_RS12275",48,"yggt"
"N900_RS12400",48,"folA"
"N900_RS12405",48,"yjjB_BLAST"
"N900_RS12570",48,"mshG"
"N900_RS12605",48,"mshi"
"N900_RS12900",48,"queG"
"N900_RS13135",48,"paaE"
"N900_RS13195",48,"acs_1"
"N900_RS13275",48,"cada"
"N900_RS13380",48,"wbeU"
"N900_RS13435",48,"wbeG"
"N900_RS13490",48,"wavI"
"N900_RS13670",48,"gene 3 protein-related protein"
"N900_RS13940",48,"fadB"
"N900_RS14425",48,"gltP_2"
"N900_RS14505",48,"type VI secretion system PAAR protein_2"
"N900_RS14540",48,"tagH"
"N900_RS14570",48,"tagO"
"N900_RS14895",48,"N900_RS14895"
"N900_RS14930",48,"N900_RS14930"
"N900_RS15120",48,"phosphoribosyl-AMP cyclohydrolase"
"N900_RS15580",48,"N900_RS15580"
"N900_RS15970",48,"N900_RS15970"
"N900_RS16000",48,"tnp_D2"
"N900_RS16230",48,"cqsA"
"N900_RS16310",48,"focA_2"
"N900_RS16325",48,"ATP-dependent endonuclease"
"N900_RS16720",48,"gyaR"
"N900_RS17090",48,"torS"
"N900_RS17165",48,"modB"
"N900_RS17295",48,"trxC"
"N900_RS17325",48,"lysr_5"
"N900_RS17645",48,"ectB"
"N900_RS17655",48,"4a-hydroxytetrahydrobiopterin dehydratase"
"N900_RS17770",48,"outer membrane lipoprotein-sorting protein"
"N900_RS17885",48,"linear amide C-N hydrolase"
"N900_RS17920",48,"N900_RS17920"
"N900_RS18405",48,"ppsA"
"N900_RS18575",48,"N900_RS18575"
"N900_RS18595",48,"N900_RS18595"
"N900_RS18690",48,"MBL fold metallo-hydrolase_4"
"N900_RS18860",48,"mlp44"
"N900_RS18920",48,"Pseudogene_N900_RS18920"
"N900_RS18930",48,"ABC transporter ATP-binding protein_4"
"N900_RS19540",48,"N900_RS19540"
"N900_RS00245",47,"topA_1"
"N900_RS00560",47,"class I SAM-dependent methyltransferase_4"
"N900_RS00635",47,"xerC"
"N900_RS00770",47,"S8 family peptidase"
"N900_RS00990",47,"ompR"
"N900_RS00995",47,"envZ"
"N900_RS01040",47,"nhaP2"
"N900_RS01050",47,"dsbd"
"N900_RS01505",47,"iaaA"
"N900_RS01830",47,"darP"
"N900_RS02400",47,"pilC"
"N900_RS02435",47,"dsbC"
"N900_RS02980",47,"rlmG"
"N900_RS03375",47,"N900_RS03375"
"N900_RS03615",47,"uracil-xanthine permease"
"N900_RS03990",47,"sucA"
"N900_RS04020",47,"znuA"
"N900_RS04035",47,"feoB"
"N900_RS04390",47,"chev_2"
"N900_RS04495",47,"rnd"
"N900_RS04830",47,"pyrF"
"N900_RS05075",47,"pctC_1"
"N900_RS05200",47,"ybgF"
"N900_RS05420",47,"AlpA family transcriptional regulator_2"
"N900_RS05485",47,"YafY family transcriptional regulator"
"N900_RS05570",47,"pqic"
"N900_RS05655",47,"aat"
"N900_RS05750",47,"lrp_2"
"N900_RS05860",47,"alpha-galactosidase"
"N900_RS06035",47,"mgtE_2"
"N900_RS06090",47,"N900_RS06090"
"N900_RS06110",47,"sensor histidine kinase_1"
"N900_RS06185",47,"nspC"
"N900_RS06195",47,"bepC"
"N900_RS06345",47,"galT"
"N900_RS06680",47,"btuD_1"
"N900_RS06795",47,"yebT"
"N900_RS07190",47,"chromosome segregation ATPase_1"
"N900_RS07360",47,"lplA"
"N900_RS07405",47,"diguanylate cyclase_2"
"N900_RS07470",47,"cysG_2"
"N900_RS07735",47,"VP1870_BLAST"
"N900_RS07835",47,"laci_1"
"N900_RS07930",47,"N900_RS07930"
"N900_RS07935",47,"iron-regulated protein A"
"N900_RS08150",47,"N900_RS08150"
"N900_RS09515",47,"vpsP"
"N900_RS09550",47,"hemolysin_1"
"N900_RS09570",47,"vpsJ"
"N900_RS09600",47,"vpsD"
"N900_RS09950",47,"smpB"
"N900_RS10020",47,"tcpS"
"N900_RS10145",47,"N900_RS10145"
"N900_RS10155",47,"MFS transporter_1"
"N900_RS10440",47,"iscR"
"N900_RS10565",47,"rdgC"
"N900_RS10880",47,"N900_RS10880"
"N900_RS11055",47,"N900_RS11055"
"N900_RS11490",47,"vexF"
"N900_RS11495",47,"vexE"
"N900_RS11960",47,"cysP"
"N900_RS11995",47,"truD"
"N900_RS12125",47,"GNAT family N-acetyltransferase_1"
"N900_RS12575",47,"mshE"
"N900_RS12650",47,"metH"
"N900_RS12725",47,"dusA"
"N900_RS13200",47,"aroQ"
"N900_RS13300",47,"purH"
"N900_RS13375",47,"wbeV"
"N900_RS13510",47,"wavF"
"N900_RS13535",47,"wavB"
"N900_RS14125",47,"yecN"
"N900_RS14240",47,"yiaV"
"N900_RS14345",47,"pstC"
"N900_RS14585",47,"vasL"
"N900_RS14830",47,"N900_RS14830"
"N900_RS14855",47,"psuT"
"N900_RS15085",47,"vctG"
"N900_RS15125",47,"sensor histidine kinase_5"
"N900_RS15285",47,"cah"
"N900_RS15305",47,"glyA2"
"N900_RS15590",47,"N900_RS15590"
"N900_RS15675",47,"N900_RS15675"
"N900_RS15900",47,"N900_RS15900"
"N900_RS16830",47,"N900_RS16830"
"N900_RS16980",47,"uhpT"
"N900_RS17010",47,"phaA"
"N900_RS17060",47,"lysoplasmalogenase_2"
"N900_RS17785",47,"N900_RS17785"
"N900_RS17840",47,"ompW"
"N900_RS18080",47,"hmuV"
"N900_RS18190",47,"yciA_2"
"N900_RS18270",47,"N900_RS18270"
"N900_RS18390",47,"lldd"
"N900_RS18400",47,"ppsR"
"N900_RS18450",47,"N900_RS18450"
"N900_RS18570",47,"nagB"
"N900_RS18715",47,"NAD(P)-dependent oxidoreductase"
"N900_RS18795",47,"putA"
"N900_RS18880",47,"mlp5"
"N900_RS18965",47,"menE_2"
"N900_RS19130",47,"N900_RS19130"
"N900_RS00275",46,"N900_RS00275"
"N900_RS00675",46,"rhtB"
"N900_RS01105",46,"cpxp"
"N900_RS01215",46,"N900_RS01215"
"N900_RS01330",46,"N900_RS01330"
"N900_RS01340",46,"glutathione peroxidase"
"N900_RS01360",46,"pilus assembly protein PilN"
"N900_RS01480",46,"yheS"
"N900_RS01485",46,"kefG"
"N900_RS01970",46,"N900_RS01970"
"N900_RS02095",46,"tetr_1"
"N900_RS02300",46,"exeA"
"N900_RS02335",46,"glnE"
"N900_RS02835",46,"gamma-glutamylcyclotransferase"
"N900_RS03060",46,"sodium-dependent transporter_2"
"N900_RS03620",46,"N900_RS03620"
"N900_RS03920",46,"cida"
"N900_RS03960",46,"Nif3-like dinuclear metal center hexameric protein"
"N900_RS04100",46,"cheA2"
"N900_RS04260",46,"eamA_4"
"N900_RS04360",46,"ptsG"
"N900_RS04430",46,"N900_RS04430"
"N900_RS04785",46,"lon_1"
"N900_RS04880",46,"fadR"
"N900_RS05065",46,"hisM"
"N900_RS05095",46,"dinG"
"N900_RS05140",46,"ruvA"
"N900_RS05250",46,"PTS fructose transporter subunit IIA_1"
"N900_RS05305",46,"AlpA family transcriptional regulator_1"
"N900_RS05500",46,"SAM-dependent DNA methyltransferase"
"N900_RS05505",46,"restriction endonuclease subunit S"
"N900_RS05740",46,"mukE"
"N900_RS06040",46,"rcsC_2"
"N900_RS06210",46,"N900_RS06210"
"N900_RS06370",46,"fabG_3"
"N900_RS06420",46,"LysR family transcriptional regulator_3"
"N900_RS06440",46,"VCM66_1516_BLAST"
"N900_RS06520",46,"LacI family DNA-binding transcriptional regulator"
"N900_RS06585",46,"TonB_1"
"N900_RS06650",46,"N900_RS06650"
"N900_RS07120",46,"cadA"
"N900_RS07220",46,"tseL"
"N900_RS07225",46,"N900_RS07225"
"N900_RS07720",46,"N900_RS07720"
"N900_RS07770",46,"sdaA_1"
"N900_RS07880",46,"DNA-binding response regulator_1"
"N900_RS08005",46,"pncC_1"
"N900_RS08055",46,"cobU"
"N900_RS08080",46,"sbcB"
"N900_RS08330",46,"agglutination protein"
"N900_RS08820",46,"response regulator"
"N900_RS08875",46,"gap3"
"N900_RS09025",46,"cobO"
"N900_RS09295",46,"toxR_BLAST"
"N900_RS09310",46,"phosphodiesterase"
"N900_RS09320",46,"ybbO"
"N900_RS10025",46,"tcpD"
"N900_RS10355",46,"alanyl-tRNA editing protein"
"N900_RS10585",46,"N900_RS10585"
"N900_RS10965",46,"radC_1"
"N900_RS11380",46,"nlpI"
"N900_RS11455",46,"rlmE"
"N900_RS11460",46,"yhbY"
"N900_RS11940",46,"pncC"
"N900_RS12120",46,"N900_RS12120"
"N900_RS12245",46,"tyrS"
"N900_RS12410",46,"Probable succinate transporter subunit YjjP_BLAST"
"N900_RS12975",46,"envc"
"N900_RS13230",46,"gntR_2"
"N900_RS13945",46,"fadA"
"N900_RS14485",46,"N900_RS14485"
"N900_RS14560",46,"tssH"
"N900_RS14645",46,"pnuC"
"N900_RS14870",46,"norR"
"N900_RS15200",46,"N900_RS15200"
"N900_RS15215",46,"sensor histidine kinase"
"N900_RS15260",46,"methyl-accepting chemotaxis protein_21"
"N900_RS15825",46,"higB-1_BLAST"
"N900_RS15940",46,"N900_RS15940"
"N900_RS16065",46,"nucleotide pyrophosphohydrolase"
"N900_RS16375",46,"N900_RS16375"
"N900_RS16555",46,"N900_RS16555"
"N900_RS16795",46,"N900_RS16795"
"N900_RS17000",46,"phaC"
"N900_RS17020",46,"secF_2"
"N900_RS17125",46,"helD"
"N900_RS17450",46,"lolD_2"
"N900_RS17620",46,"groS_2"
"N900_RS17950",46,"dmlR_6"
"N900_RS18425",46,"dmlR_8"
"N900_RS18440",46,"amidinotransferase"
"N900_RS18580",46,"maltose operon protein"
"N900_RS18645",46,"glnP"
"N900_RS18680",46,"MltR family transcriptional regulator"
"N900_RS18850",46,"rcsC_11"
"N900_RS18865",46,"cheB3"
"N900_RS19145",46,"N900_RS19145"
"N900_RS20090",46,"Pseudogene_N900_RS20090"
"N900_RS00260",45,"tsaC"
"N900_RS00280",45,"yrdA"
"N900_RS00415",45,"uspB"
"N900_RS00680",45,"cdgJ_1"
"N900_RS00825",45,"ntrB"
"N900_RS00945",45,"epsN"
"N900_RS01005",45,"recG"
"N900_RS01185",45,"menA"
"N900_RS01725",45,"cysN"
"N900_RS01965",45,"argF"
"N900_RS02130",45,"serA"
"N900_RS02280",45,"mazG"
"N900_RS02350",45,"nudF_1"
"N900_RS02625",45,"cbiB"
"N900_RS02665",45,"diguanylate cyclase"
"N900_RS02695",45,"thrA"
"N900_RS02845",45,"RimK family alpha-L-glutamate ligase"
"N900_RS03035",45,"N900_RS03035"
"N900_RS03345",45,"rluF"
"N900_RS03350",45,"smrA"
"N900_RS03410",45,"non-ribosomal peptide synthetase"
"N900_RS03690",45,"dapE"
"N900_RS03725",45,"flaD"
"N900_RS03935",45,"N900_RS03935"
"N900_RS04250",45,"ychE_BLAST"
"N900_RS04270",45,"rne"
"N900_RS05520",45,"type I restriction endonuclease subunit R"
"N900_RS05685",45,"glgA"
"N900_RS05810",45,"yciB"
"N900_RS05840",45,"N900_RS05840"
"N900_RS05965",45,"sodium-dependent transporter_3"
"N900_RS06055",45,"Pseudogene_N900_RS06055"
"N900_RS06100",45,"bluF"
"N900_RS06555",45,"ugpA"
"N900_RS06595",45,"ligA_1"
"N900_RS06620",45,"N900_RS06620"
"N900_RS07030",45,"ace"
"N900_RS07095",45,"ccoN"
"N900_RS07100",45,"ccoO"
"N900_RS07160",45,"N900_RS07160"
"N900_RS07540",45,"maiA"
"N900_RS07555",45,"hppD"
"N900_RS07595",45,"prpB"
"N900_RS07610",45,"N900_RS07610"
"N900_RS07665",45,"penicillin-binding protein"
"N900_RS07830",45,"mdoH"
"N900_RS07940",45,"c-type cytochrome"
"N900_RS08075",45,"L-cystine transporter"
"N900_RS08105",45,"purT"
"N900_RS08210",45,"VC0395_A0828_BLAST"
"N900_RS08230",45,"hutG"
"N900_RS08475",45,"N900_RS08475"
"N900_RS08480",45,"lyso"
"N900_RS08665",45,"bioC"
"N900_RS08890",45,"N900_RS08890"
"N900_RS08975",45,"LysR family transcriptional regulator_4"
"N900_RS09105",45,"moaA"
"N900_RS09675",45,"metI"
"N900_RS09900",45,"type IV pilin, putative"
"N900_RS10085",45,"Pseudogene_N900_RS10085"
"N900_RS10150",45,"N900_RS10150"
"N900_RS10210",45,"citS"
"N900_RS10400",45,"pepB"
"N900_RS10770",45,"nhaR"
"N900_RS10795",45,"ptsP"
"N900_RS10810",45,"mutH"
"N900_RS10980",45,"N900_RS10980"
"N900_RS11565",45,"endoglucanase-related protein"
"N900_RS11580",45,"chbP"
"N900_RS11720",45,"VC_0580_BLAST"
"N900_RS12510",45,"Maf"
"N900_RS13085",45,"N-acetyltransferase_3"
"N900_RS13450",45,"manB"
"N900_RS13795",45,"dppB_2"
"N900_RS14365",45,"molybdopterin-dependent oxidoreductase"
"N900_RS14375",45,"dauA"
"N900_RS14730",45,"mrpG"
"N900_RS14850",45,"frnE protein"
"N900_RS15000",45,"rcsC_10"
"N900_RS15165",45,"PTS ascorbate-specific subunit IIBC"
"N900_RS15275",45,"XRE family transcriptional regulator_9"
"N900_RS16510",45,"ABC transporter substrate-binding protein_12"
"N900_RS16515",45,"yfcG"
"N900_RS16525",45,"comR_1"
"N900_RS16580",45,"eamA_7"
"N900_RS16760",45,"efflux RND transporter permease subunit"
"N900_RS17045",45,"glgC_2"
"N900_RS17290",45,"fabH2"
"N900_RS17915",45,"N900_RS17915"
"N900_RS18005",45,"MBL fold metallo-hydrolase_3"
"N900_RS18135",45,"N900_RS18135"
"N900_RS18685",45,"yceM"
"N900_RS18710",45,"N900_RS18710"
"N900_RS18840",45,"apxIB_2"
"N900_RS00205",44,"trkI"
"N900_RS00425",44,"eamA_1"
"N900_RS01205",44,"5-carboxymethyl-2-hydroxymuconate Delta-isomerase"
"N900_RS01335",44,"lpd"
"N900_RS01420",44,"xds_1"
"N900_RS02260",44,"sensor domain-containing diguanylate cyclase_2"
"N900_RS02415",44,"nadC_1"
"N900_RS02690",44,"N900_RS02690"
"N900_RS02750",44,"nupc"
"N900_RS02945",44,"ompK"
"N900_RS02975",44,"lipoprotein, putative"
"N900_RS03030",44,"dinB"
"N900_RS04155",44,"ccmf"
"N900_RS04355",44,"ycfH"
"N900_RS04705",44,"1-acyl-sn-glycerol-3-phosphate acyltransferase"
"N900_RS04940",44,"N900_RS04940"
"N900_RS05100",44,"ompT"
"N900_RS05185",44,"tolA"
"N900_RS05235",44,"rhaR_2"
"N900_RS05290",44,"N900_RS05290"
"N900_RS05370",44,"middle operon regulator"
"N900_RS05385",44,"N900_RS05385"
"N900_RS05425",44,"sialidase"
"N900_RS05845",44,"torE"
"N900_RS05910",44,"ABC transporter substrate-binding protein_2"
"N900_RS05930",44,"pspC"
"N900_RS05990",44,"ynjB"
"N900_RS06160",44,"ABC transporter permease_1"
"N900_RS06165",44,"attH"
"N900_RS06200",44,"Pseudogene_N900_RS06200"
"N900_RS06495",44,"macA"
"N900_RS06500",44,"varG"
"N900_RS06725",44,"napF_1"
"N900_RS06740",44,"napA_1"
"N900_RS06790",44,"rsmF"
"N900_RS07025",44,"VC_1460_BLAST"
"N900_RS07265",44,"vceR"
"N900_RS07305",44,"cheR1"
"N900_RS07480",44,"ABC transporter permease subunit_2"
"N900_RS07530",44,"rcsC_4"
"N900_RS07550",44,"hmgA"
"N900_RS07560",44,"pepT_1"
"N900_RS07565",44,"N900_RS07565"
"N900_RS07910",44,"N900_RS07910"
"N900_RS08260",44,"ydiJ_BLAST"
"N900_RS08465",44,"N900_RS08465"
"N900_RS08485",44,"N900_RS08485"
"N900_RS08955",44,"apt"
"N900_RS09010",44,"fadL"
"N900_RS09020",44,"low molecular weight phosphotyrosine protein phosphatase_2"
"N900_RS09065",44,"zntA"
"N900_RS09305",44,"selenoprotein W-related protein"
"N900_RS09890",44,"pilX"
"N900_RS10045",44,"tcpB"
"N900_RS10220",44,"oadA_1"
"N900_RS10335",44,"guaA"
"N900_RS10350",44,"N900_RS10350"
"N900_RS10665",44,"sltY"
"N900_RS11370",44,"vcrM"
"N900_RS12130",44,"ABC transporter substrate-binding protein_4"
"N900_RS12200",44,"Pseudogene_N900_RS12200"
"N900_RS13250",44,"eda"
"N900_RS14180",44,"PhoX family phosphatase"
"N900_RS14310",44,"ptrB"
"N900_RS14400",44,"mdtL_2"
"N900_RS14415",44,"N900_RS14415"
"N900_RS14635",44,"rbsK"
"N900_RS14875",44,"hmpA"
"N900_RS14945",44,"DNA cytosine methyltransferase"
"N900_RS15340",44,"N900_RS15340"
"N900_RS15925",44,"N900_RS15925"
"N900_RS16225",44,"cqsS_BLAST"
"N900_RS16270",44,"kdpE"
"N900_RS16280",44,"deda"
"N900_RS16300",44,"yceJ_2"
"N900_RS17460",44,"fabV_2"
"N900_RS17610",44,"mechanosensitive ion channel protein"
"N900_RS18020",44,"Pseudogene_N900_RS18020"
"N900_RS18250",44,"CheV"
"N900_RS18255",44,"marr_2"
"N900_RS18515",44,"yjiG"
"N900_RS18785",44,"putP"
"N900_RS18800",44,"rhaS_5"
"N900_RS18885",44,"cheW2"
"N900_RS18915",44,"ABC transporter substrate-binding protein_10"
"N900_RS18950",44,"tetratricopeptide repeat protein"
"N900_RS19095",44,"N900_RS19095"
"N900_RS19690",44,"N900_RS19690"
"N900_RS00105",43,"mneA"
"N900_RS00235",43,"dprA"
"N900_RS00750",43,"fabR"
"N900_RS00890",43,"gspC"
"N900_RS01455",43,"crp"
"N900_RS01525",43,"rnr"
"N900_RS01860",43,"hpf"
"N900_RS02080",43,"leuC"
"N900_RS02270",43,"rlmD"
"N900_RS02410",43,"pilA"
"N900_RS03000",43,"nqrC"
"N900_RS03435",43,"flgM"
"N900_RS03805",43,"fliL_1"
"N900_RS03915",43,"gltC"
"N900_RS04090",43,"cheY3"
"N900_RS04440",43,"ansA"
"N900_RS05110",43,"VC0395_A1443_BLAST"
"N900_RS05285",43,"cry1"
"N900_RS05515",43,"N900_RS05515"
"N900_RS05755",43,"LysE family translocator_1"
"N900_RS05875",43,"ppaC"
"N900_RS05980",43,"malK_1"
"N900_RS06015",43,"ybhF"
"N900_RS06305",43,"chev_1"
"N900_RS06445",43,"N900_RS06445"
"N900_RS06775",43,"N900_RS06775"
"N900_RS07385",43,"N900_RS07385"
"N900_RS07675",43,"carS"
"N900_RS07760",43,"nudL"
"N900_RS07905",43,"N900_RS07905"
"N900_RS08110",43,"N900_RS08110"
"N900_RS08270",43,"N900_RS08270"
"N900_RS08420",43,"cmoA"
"N900_RS08970",43,"response regulator_2"
"N900_RS09130",43,"uvrB"
"N900_RS09800",43,"mtrF"
"N900_RS09830",43,"terB"
"N900_RS09990",43,"Pseudogene_N900_RS09990"
"N900_RS10035",43,"tcpC"
"N900_RS10065",43,"tcpI"
"N900_RS10270",43,"leuO_2"
"N900_RS10295",43,"fepB"
"N900_RS10570",43,"rlhA"
"N900_RS10680",43,"tyrA"
"N900_RS11020",43,"endA"
"N900_RS11555",43,"oppD_2"
"N900_RS11575",43,"exoI"
"N900_RS12225",43,"rsmE"
"N900_RS12250",43,"luxR_1"
"N900_RS12255",43,"pilT_1"
"N900_RS12555",43,"mshA"
"N900_RS12610",43,"csrD"
"N900_RS12995",43,"nudC"
"N900_RS13485",43,"wavJ"
"N900_RS13655",43,"TonB-dependent siderophore receptor"
"N900_RS13950",43,"lysr_4"
"N900_RS14115",43,"vasX"
"N900_RS14315",43,"tonb"
"N900_RS14395",43,"pgrR"
"N900_RS14535",43,"tssG"
"N900_RS14770",43,"tryptophan-specific transporter"
"N900_RS14840",43,"methyl-accepting chemotaxis protein_20"
"N900_RS14920",43,"Na+/H+ antiporter, putative"
"N900_RS15005",43,"N900_RS15005"
"N900_RS16005",43,"antibiotic acetyltransferase_2"
"N900_RS16095",43,"N900_RS16095"
"N900_RS16120",43,"glutathione S-transferase"
"N900_RS16470",43,"patZ"
"N900_RS17380",43,"ttgR"
"N900_RS17440",43,"ugd"
"N900_RS18195",43,"N900_RS18195"
"N900_RS18210",43,"malE"
"N900_RS18775",43,"methyl-accepting chemotaxis protein_22"
"N900_RS19355",43,"N900_RS19355"
"N900_RS00340",42,"thiS"
"N900_RS01120",42,"glpX"
"N900_RS01270",42,"epmA"
"N900_RS01305",42,"argE"
"N900_RS01355",42,"pilM"
"N900_RS02125",42,"ilvN"
"N900_RS02140",42,"ygfA"
"N900_RS02275",42,"relA"
"N900_RS02455",42,"aceE"
"N900_RS03085",42,"adeP"
"N900_RS03715",42,"yfeX"
"N900_RS03890",42,"fabB"
"N900_RS04015",42,"znuC"
"N900_RS04025",42,"AraC family transcriptional regulator_1"
"N900_RS04120",42,"cheW1"
"N900_RS04245",42,"asd1"
"N900_RS04425",42,"msrB_2"
"N900_RS04465",42,"ATP-dependent DNA helicase"
"N900_RS04555",42,"menE"
"N900_RS05345",42,"marR"
"N900_RS05350",42,"DDE-type integrase/transposase/recombinase"
"N900_RS05430",42,"nagA_2"
"N900_RS05465",42,"nanA"
"N900_RS05915",42,"pspF"
"N900_RS06145",42,"Putative NAD(P)-binding protein YbjT_BLAST"
"N900_RS07255",42,"vceA"
"N900_RS07790",42,"thiD"
"N900_RS08145",42,"GNAT family N-acetyltransferase_3"
"N900_RS08350",42,"rluB"
"N900_RS08625",42,"class I SAM-dependent methyltransferase_1"
"N900_RS08720",42,"ABC transporter permease_5"
"N900_RS09120",42,"luxO_BLAST"
"N900_RS09720",42,"UPF0382 membrane protein SAB0533_BLAST"
"N900_RS10015",42,"tcpT"
"N900_RS11735",42,"sspB"
"N900_RS12030",42,"plsY"
"N900_RS12190",42,"cirA"
"N900_RS12385",42,"rsmA"
"N900_RS12475",42,"N900_RS12475"
"N900_RS12645",42,"lysC"
"N900_RS13305",42,"purD"
"N900_RS13870",42,"ubik"
"N900_RS14120",42,"tsiV2"
"N900_RS14175",42,"N900_RS14175"
"N900_RS14430",42,"eamA_9"
"N900_RS14575",42,"tssA"
"N900_RS14580",42,"tssM"
"N900_RS14685",42,"sensor histidine kinase_4"
"N900_RS14725",42,"oxidoreductase"
"N900_RS14820",42,"N900_RS14820"
"N900_RS14835",42,"MoxR family ATPase"
"N900_RS15315",42,"gcvT"
"N900_RS16110",42,"GNAT family N-acetyltransferase_11"
"N900_RS16565",42,"hemolysin"
"N900_RS16945",42,"napA"
"N900_RS16990",42,"fbpB"
"N900_RS17335",42,"artQ"
"N900_RS17545",42,"mdoB"
"N900_RS17580",42,"phrB_1"
"N900_RS17630",42,"N900_RS17630"
"N900_RS17660",42,"phhA"
"N900_RS17780",42,"lolD_3"
"N900_RS17830",42,"hapA"
"N900_RS18025",42,"dsdX"
"N900_RS18145",42,"yedI"
"N900_RS18280",42,"sensor domain-containing diguanylate cyclase_5"
"N900_RS18360",42,"artI_2"
"N900_RS18415",42,"norM_3"
"N900_RS18435",42,"nemA_1"
"N900_RS18505",42,"ribN_BLAST"
"N900_RS18520",42,"N900_RS18520"
"N900_RS18750",42,"potE"
"N900_RS18805",42,"N900_RS18805"
"N900_RS00760",41,"trmA"
"N900_RS00865",41,"GNAT family N-acetyltransferase_2"
"N900_RS00940",41,"epsM"
"N900_RS01030",41,"actP"
"N900_RS03010",41,"nqrE"
"N900_RS03110",41,"proA"
"N900_RS03155",41,"VC_2264_BLAST"
"N900_RS03860",41,"aroC"
"N900_RS04165",41,"CcmH"
"N900_RS04490",41,"fadD"
"N900_RS04535",41,"menD"
"N900_RS04540",41,"menH"
"N900_RS04685",41,"opgC"
"N900_RS05180",41,"tolr"
"N900_RS05215",41,"cqsR"
"N900_RS05295",41,"N900_RS05295"
"N900_RS06135",41,"bcr_1"
"N900_RS07240",41,"carboxypeptidase M32"
"N900_RS07625",41,"outer membrane beta-barrel protein"
"N900_RS07710",41,"bsrV"
"N900_RS07870",41,"VP1905_BLAST"
"N900_RS07950",41,"ribA"
"N900_RS08555",41,"hisH"
"N900_RS08645",41,"transcriptional regulator, putative"
"N900_RS09095",41,"moaC"
"N900_RS10235",41,"dpiA"
"N900_RS10285",41,"fepG"
"N900_RS10690",41,"btsS"
"N900_RS10970",41,"N900_RS10970"
"N900_RS11545",41,"dppB_1"
"N900_RS11955",41,"cysT"
"N900_RS13170",41,"rcsC_8"
"N900_RS13255",41,"cntO"
"N900_RS13690",41,"rhaS_2"
"N900_RS13695",41,"rhtC"
"N900_RS13865",41,"vexB"
"N900_RS13935",41,"yigz"
"N900_RS14025",41,"mnmG"
"N900_RS14245",41,"yiaW"
"N900_RS14275",41,"N900_RS14275"
"N900_RS14460",41,"N900_RS14460"
"N900_RS15185",41,"tam"
"N900_RS15210",41,"DNA-binding response regulator_2"
"N900_RS15335",41,"type VI secretion system PAAR protein_1"
"N900_RS15730",41,"N900_RS15730"
"N900_RS16640",41,"mscL"
"N900_RS16730",41,"nudG"
"N900_RS16785",41,"N900_RS16785"
"N900_RS17025",41,"secD_2"
"N900_RS18150",41,"VC_A0931_BLAST"
"N900_RS18320",41,"pyrimidine/purine nucleoside phosphorylase"
"N900_RS18925",41,"ABC transporter permease_8"
"N900_RS19155",41,"N900_RS19155"
"N900_RS19270",41,"tcpR"
"N900_RS19930",41,"Pseudogene_N900_RS19930"
"N900_RS00165",40,"dsba"
"N900_RS00685",40,"DNA starvation/stationary phase protection protein"
"N900_RS02855",40,"short-chain dehydrogenase"
"N900_RS02995",40,"nqrB"
"N900_RS03125",40,"ribE_1"
"N900_RS03285",40,"gloB"
"N900_RS04205",40,"acuC"
"N900_RS04905",40,"N900_RS04905"
"N900_RS04990",40,"VC0395_A1467_BLAST"
"N900_RS05170",40,"ybgC"
"N900_RS05770",40,"zinc protease, insulinase family"
"N900_RS05950",40,"tag"
"N900_RS06290",40,"dpiB"
"N900_RS06640",40,"tRNA-uridine aminocarboxypropyltransferase_BLAST"
"N900_RS07845",40,"licH"
"N900_RS07965",40,"arac"
"N900_RS08815",40,"cheY_4"
"N900_RS08880",40,"arsR1"
"N900_RS09380",40,"ptsH"
"N900_RS09520",40,"vpsO"
"N900_RS09735",40,"thiI"
"N900_RS10005",40,"tcpF"
"N900_RS10140",40,"N900_RS10140"
"N900_RS10340",40,"guaB"
"N900_RS10645",40,"spuD"
"N900_RS10940",40,"AraC family transcriptional regulator_3"
"N900_RS11600",40,"futA1"
"N900_RS12220",40,"xds_2"
"N900_RS12540",40,"mshO"
"N900_RS13000",40,"rsd"
"N900_RS14130",40,"acyltransferase_2"
"N900_RS14165",40,"arginase"
"N900_RS15280",40,"N900_RS15280"
"N900_RS16420",40,"pntB"
"N900_RS16570",40,"N900_RS16570"
"N900_RS16810",40,"N900_RS16810"
"N900_RS16890",40,"dcuC"
"N900_RS17050",40,"endo I_2"
"N900_RS17445",40,"ABC transporter permease_7"
"N900_RS17585",40,"gbpA"
"N900_RS17625",40,"groL_2"
"N900_RS17990",40,"pgl"
"N900_RS18610",40,"carbohydrate ABC transporter substrate-binding protein"
"N900_RS00255",39,"purE"
"N900_RS03075",39,"ATP-dependent zinc protease_1"
"N900_RS04115",39,"parC"
"N900_RS04295",39,"yceD"
"N900_RS04635",39,"NupC/NupG family nucleoside CNT transporter"
"N900_RS05210",39,"yeca"
"N900_RS05255",39,"PTS fructose transporter subunit IIC_2"
"N900_RS05895",39,"gsiA"
"N900_RS06490",39,"tolc"
"N900_RS07695",39,"sasA_4"
"N900_RS08115",39,"tpm"
"N900_RS08425",39,"cmoB"
"N900_RS09405",39,"ybeZ"
"N900_RS09595",39,"vpsE"
"N900_RS09850",39,"purL"
"N900_RS11090",39,"N900_RS11090"
"N900_RS11980",39,"nlpD"
"N900_RS12720",39,"pspG"
"N900_RS12875",39,"hfq"
"N900_RS12965",39,"DMT family transporter_1"
"N900_RS13400",39,"wbeO"
"N900_RS13410",39,"wbeM"
"N900_RS13455",39,"manC"
"N900_RS13805",39,"nikE"
"N900_RS14185",39,"N900_RS14185"
"N900_RS14330",39,"hutR"
"N900_RS15620",39,"H-REV 107-related protein"
"N900_RS16185",39,"tyrB"
"N900_RS16800",39,"GNAT family N-acetyltransferase_5"
"N900_RS17055",39,"yqhD"
"N900_RS17120",39,"cytochrome b_1"
"N900_RS17250",39,"N900_RS17250"
"N900_RS18245",39,"ppiC"
"N900_RS00050",38,"patH"
"N900_RS00320",38,"crcB"
"N900_RS00515",38,"glpG"
"N900_RS01380",38,"aroK"
"N900_RS02100",38,"N900_RS02100"
"N900_RS02905",38,"argA"
"N900_RS03015",38,"nqrF"
"N900_RS04400",38,"ChaN family lipoprotein"
"N900_RS07200",38,"alsT_2"
"N900_RS08015",38,"glycine cleavage system protein R"
"N900_RS08250",38,"vesB"
"N900_RS08985",38,"fadJ"
"N900_RS09005",38,"N900_RS09005"
"N900_RS09995",38,"tcpJ"
"N900_RS10305",38,"dhbA"
"N900_RS10480",38,"queA"
"N900_RS11335",38,"rimI"
"N900_RS12980",38,"N900_RS12980"
"N900_RS13860",38,"vexA"
"N900_RS14020",38,"rsmG"
"N900_RS15680",38,"N900_RS15680"
"N900_RS18420",38,"ATP-dependent helicase_2"
"N900_RS18675",38,"mtlD"
"N900_RS18955",38,"fabG_4"
"N900_RS19150",38,"N900_RS19150"
"N900_RS02090",37,"leuA"
"N900_RS02680",37,"N900_RS02680"
"N900_RS03120",37,"ribD"
"N900_RS03485",37,"flgH"
"N900_RS09905",37,"type IV pilin protein"
"N900_RS10650",37,"mbaA"
"N900_RS10725",37,"carbon starvation protein A"
"N900_RS15755",37,"N900_RS15755"
"N900_RS16480",37,"TonB-dependent hemoglobin/transferrin/lactoferrin family receptor"
"N900_RS18170",37,"AraC family transcriptional regulator_6"
"N900_RS19280",37,"Pseudogene_N900_RS19280"
"N900_RS01240",36,"epmB"
"N900_RS02935",36,"4-methyl-5(B-hydroxyethyl)-thiazole monophosphate biosynthesis enzyme"
"N900_RS10520",36,"phoU"
"N900_RS11325",36,"N900_RS11325"
"N900_RS11350",36,"ubiT"
"N900_RS11560",36,"oppF_2"
"N900_RS12625",36,"galU"
"N900_RS13440",36,"wbeE"
"N900_RS13445",36,"gmd"
"N900_RS13505",36,"wavG"
"N900_RS16870",36,"fkpA_2"
"N900_RS00835",35,"glnA"
"N900_RS00980",35,"yhgF"
"N900_RS02940",35,"panE"
"N900_RS02990",35,"Na(+)-translocating NADH-quinone reductase subunit A"
"N900_RS03005",35,"nqrD"
"N900_RS08130",35,"ihfA"
"N900_RS08295",35,"purC"
"N900_RS08455",35,"sasA_5"
"N900_RS08775",35,"oppA"
"N900_RS13155",35,"trxA"
"N900_RS17685",35,"LysR family transcriptional regulator_10"
"N900_RS05550",34,"intA_2"
"N900_RS10935",34,"N900_RS10935"
"N900_RS12265",34,"yggs"
"N900_RS14975",34,"dcuB"
"N900_RS17490",34,"N900_RS17490"
"N900_RS18740",34,"trmY"
"N900_RS02630",32,"mtnN"
"N900_RS08185",31,"uvrY"
"N900_RS01445",30,"astD"
"N900_RS10525",29,"pstB"
"N900_RS12890",29,"N-acetylmuramoyl-L-alanine amidase"
"N900_RS04080",28,"MinD-related protein"
"N900_RS09500",27,"glyA"
