"","Gene","GeneName","n_guides"
"1","N900_RS00005","N900_RS00005",NA
"2","N900_RS00010","mioC",NA
"3","N900_RS00015","mnmE",3
"4","N900_RS00020","yidC",NA
"5","N900_RS00025","yidD",2
"6","N900_RS00030","rnpA",NA
"7","N900_RS00035","50S ribosomal protein L34",NA
"8","N900_RS00040","yxeO",1
"9","N900_RS00045","patM",3
"10","N900_RS00050","patH",3
"11","N900_RS00055","dnaA",NA
"12","N900_RS00060","dnaN",NA
"13","N900_RS00065","recF",2
"14","N900_RS00070","gyrB",NA
"15","N900_RS00075","N900_RS00075",3
"16","N900_RS00080","N900_RS00080",NA
"17","N900_RS00085","ibpA",2
"18","N900_RS00090","avtA",3
"19","N900_RS00095","glyS",NA
"20","N900_RS00100","glyQ",NA
"21","N900_RS00105","mneA",3
"22","N900_RS00110","NADH dehydrogenase subunit II-related protein",2
"23","N900_RS00115","tusA",NA
"24","N900_RS00120","N900_RS00120",3
"25","N900_RS00125","acuI",3
"26","N900_RS00130","ilvA",3
"27","N900_RS00135","ilvD",3
"28","N900_RS00140","ilvE",2
"29","N900_RS00145","ilvM",3
"30","N900_RS00150","ilvG",3
"31","N900_RS00155","yifb",2
"32","N900_RS00160","yihG",3
"33","N900_RS00165","dsba",3
"34","N900_RS00170","serine/threonine protein kinase",3
"35","N900_RS00175","ccoG",3
"36","N900_RS00180","yihD",2
"37","N900_RS00185","N900_RS00185",1
"38","N900_RS00190","SpoOM-related protein",3
"39","N900_RS00195","yqfA",2
"40","N900_RS00200","N900_RS00200",3
"41","N900_RS00205","trkI",3
"42","N900_RS00210","trkA",NA
"43","N900_RS00215","rsmB",3
"44","N900_RS00220","fmt",NA
"45","N900_RS00225","def1",1
"46","N900_RS00230","N900_RS00230",3
"47","N900_RS00235","dprA",3
"48","N900_RS00240","smg",3
"49","N900_RS00245","topA_1",3
"50","N900_RS00250","purK",3
"51","N900_RS00255","purE",3
"52","N900_RS00260","tsaC",3
"53","N900_RS00265","hemF",3
"54","N900_RS00270","aroE",3
"55","N900_RS00275","N900_RS00275",3
"56","N900_RS00280","yrdA",3
"57","N900_RS00285","N900_RS00285",NA
"58","N900_RS00290","rRNA-16S_7",NA
"59","N900_RS00295","tRNA-Ala_4",NA
"60","N900_RS00300","rRNA-23S_4",NA
"61","N900_RS00305","rrf_D1",NA
"62","N900_RS00310","AtMg01060_BLAST_D1",NA
"63","N900_RS00315","tRNA-Trp",NA
"64","N900_RS00320","crcB",3
"65","N900_RS00325","thiC",3
"66","N900_RS00330","thiE",3
"67","N900_RS00335","thiF",3
"68","N900_RS00340","thiS",3
"69","N900_RS00345","thiG",2
"70","N900_RS00350","thiH",3
"71","N900_RS00355","aminopeptidase P",3
"72","N900_RS00360","LysR family transcriptional regulator_1",3
"73","N900_RS00365","mdtL_1",3
"74","N900_RS00370","N900_RS00370",2
"75","N900_RS00375","asnC",3
"76","N900_RS00380","N900_RS00380",3
"77","N900_RS00385","rsmJ",3
"78","N900_RS00390","N900_RS00390",3
"79","N900_RS00395","eamA_2",3
"80","N900_RS00400","uspA_1",2
"81","N900_RS00405","N900_RS00405",NA
"82","N900_RS00410","ftnA",3
"83","N900_RS00415","uspB",2
"84","N900_RS00420","rdsA_BLAST",3
"85","N900_RS00425","eamA_1",3
"86","N900_RS00430","rmuC",3
"87","N900_RS00435","ubiE",NA
"88","N900_RS00440","ubiJ",3
"89","N900_RS00445","ubiB",NA
"90","N900_RS00450","tatA",3
"91","N900_RS00455","tatB",3
"92","N900_RS00460","tatC",2
"93","N900_RS00465","ccp",3
"94","N900_RS00470","dinF",2
"95","N900_RS00475","class I SAM-dependent methyltransferase_2",1
"96","N900_RS00480","lexA",1
"97","N900_RS00485","plsB",3
"98","N900_RS00490","ubiA",1
"99","N900_RS00495","chorismate lyase",3
"100","N900_RS00500","N900_RS00500",NA
"101","N900_RS00505","fliL_2",3
"102","N900_RS00510","methyl-accepting chemotaxis protein_4",2
"103","N900_RS00515","glpG",3
"104","N900_RS00520","glpE",3
"105","N900_RS00525","N900_RS00525",1
"106","N900_RS00530","tatd",1
"107","N900_RS00535","hemB",NA
"108","N900_RS00540","ypeA_1",3
"109","N900_RS00545","polA",NA
"110","N900_RS00550","engB",NA
"111","N900_RS00555","cc4",2
"112","N900_RS00560","class I SAM-dependent methyltransferase_4",3
"113","N900_RS00565","yihI",2
"114","N900_RS00570","N900_RS00570",3
"115","N900_RS00575","hemN",2
"116","N900_RS00580","hemy",2
"117","N900_RS00585","HemX",2
"118","N900_RS00590","uroporphyrinogen-III synthase",NA
"119","N900_RS00595","hemC",NA
"120","N900_RS00600","N900_RS00600",1
"121","N900_RS00605","class I adenylate cyclase",1
"122","N900_RS00610","cyaY",1
"123","N900_RS00615","lipoprotein",1
"124","N900_RS00620","lysA",2
"125","N900_RS00625","dapF",NA
"126","N900_RS00630","N900_RS00630",3
"127","N900_RS00635","xerC",2
"128","N900_RS00640","yigB",3
"129","N900_RS00645","cdpA",3
"130","N900_RS00650","N900_RS00650",3
"131","N900_RS00655","membrane protein_2",3
"132","N900_RS00660","N900_RS00660",3
"133","N900_RS00665","yigL",3
"134","N900_RS00670","ytpA",2
"135","N900_RS00670","ytpA",1
"136","N900_RS00675","rhtB",3
"137","N900_RS00680","cdgJ_1",2
"138","N900_RS00685","DNA starvation/stationary phase protection protein",3
"139","N900_RS00690","N900_RS00690",2
"140","N900_RS00695","N900_RS00695",2
"141","N900_RS00700","N900_RS00700",NA
"142","N900_RS00705","Pseudogene_N900_RS00705",1
"143","N900_RS00710","lysoplasmalogenase_1",3
"144","N900_RS00715","N900_RS00715",3
"145","N900_RS00720","rsmD",3
"146","N900_RS00725","ftsY",NA
"147","N900_RS00730","ftsE",3
"148","N900_RS00735","ftsX",2
"149","N900_RS00740","rpoH",NA
"150","N900_RS00745","sthA",3
"151","N900_RS00750","fabR",2
"152","N900_RS00755","yijd",3
"153","N900_RS00760","trmA",3
"154","N900_RS00765","btuB",2
"155","N900_RS00770","S8 family peptidase",3
"156","N900_RS00775","murI",NA
"157","N900_RS00780","RNA-binding protein",1
"158","N900_RS00785","rRNA-16S_5",NA
"159","N900_RS00790","Atg2a_BLAST_D1",NA
"160","N900_RS00795","rRNA-23S_1",NA
"161","N900_RS00800","rrf_D2",NA
"162","N900_RS00805","AtMg01060_BLAST_D2",NA
"163","N900_RS00810","add",3
"164","N900_RS00815","N900_RS00815",3
"165","N900_RS00820","ntrC",1
"166","N900_RS00825","ntrB",3
"167","N900_RS00830","N900_RS00830",3
"168","N900_RS00835","glnA",1
"169","N900_RS00840","N900_RS00840",1
"170","N900_RS00845","typA",3
"171","N900_RS00850","ATPase",3
"172","N900_RS00855","VC0395_A2314_BLAST",3
"173","N900_RS00860","dtd",3
"174","N900_RS00865","GNAT family N-acetyltransferase_2",3
"175","N900_RS00870","asma_2",3
"176","N900_RS00875","pckA",3
"177","N900_RS00880","hslo",3
"178","N900_RS00885","hslR",3
"179","N900_RS00890","gspC",2
"180","N900_RS00895","gspD",1
"181","N900_RS00900","gspE",2
"182","N900_RS00905","gspF",1
"183","N900_RS00910","gspG",1
"184","N900_RS00915","epsH",3
"185","N900_RS00920","gspI",1
"186","N900_RS00925","gspJ",2
"187","N900_RS00930","epsK",2
"188","N900_RS00935","gspL",NA
"189","N900_RS00940","epsM",2
"190","N900_RS00945","epsN",3
"191","N900_RS00950","cysQ",3
"192","N900_RS00955","nudE",3
"193","N900_RS00960","nfua",1
"194","N900_RS00970","bioH",2
"195","N900_RS00975","N900_RS00975",3
"196","N900_RS00980","yhgF",3
"197","N900_RS00985","greB",3
"198","N900_RS00990","ompR",3
"199","N900_RS00995","envZ",3
"200","N900_RS01000","xanP_BLAST",3
"201","N900_RS01005","recG",3
"202","N900_RS01010","spoT",NA
"203","N900_RS01015","rpoZ",2
"204","N900_RS01020","gmk",NA
"205","N900_RS01025","yhhQ",2
"206","N900_RS01030","actP",3
"207","N900_RS01035","N900_RS01035",2
"208","N900_RS01040","nhaP2",3
"209","N900_RS01045","narL",3
"210","N900_RS01050","dsbd",3
"211","N900_RS01065","dcuA",3
"212","N900_RS01070","aspA",1
"213","N900_RS01075","N900_RS01075",3
"214","N900_RS01080","fxsA",2
"215","N900_RS01085","trmL",2
"216","N900_RS01090","superoxide dismutase",3
"217","N900_RS01095","cpxA",2
"218","N900_RS01100","cpxR",1
"219","N900_RS01105","cpxp",3
"220","N900_RS01110","fieF",3
"221","N900_RS01115","pfkA",1
"222","N900_RS01120","glpX",3
"223","N900_RS01125","zapB",2
"224","N900_RS01130","metF",3
"225","N900_RS01135","metL",3
"226","N900_RS01140","metB",2
"227","N900_RS01145","metJ",1
"228","N900_RS01150","maeB",3
"229","N900_RS01155","rpmE",3
"230","N900_RS01160","priA",NA
"231","N900_RS01165","cytR",3
"232","N900_RS01170","ftsN",NA
"233","N900_RS01175","hslV",2
"234","N900_RS01180","hslU",2
"235","N900_RS01185","menA",3
"236","N900_RS01190","rraA",3
"237","N900_RS01195","norM_1",3
"238","N900_RS01200","tpiA",2
"239","N900_RS01205","5-carboxymethyl-2-hydroxymuconate Delta-isomerase",3
"240","N900_RS01210","N900_RS01210",3
"241","N900_RS01215","N900_RS01215",3
"242","N900_RS01220","transcriptional regulator_1",2
"243","N900_RS01225","groS_1",NA
"244","N900_RS01230","groL_1",NA
"245","N900_RS01235","N900_RS01235",3
"246","N900_RS01240","epmB",2
"247","N900_RS01245","efp",3
"248","N900_RS01250","frdD",2
"249","N900_RS01255","frdC",3
"250","N900_RS01260","frdB",3
"251","N900_RS01265","frdA",2
"252","N900_RS01270","epmA",2
"253","N900_RS01275","yibN",2
"254","N900_RS01280","secB",3
"255","N900_RS01285","gpsA",3
"256","N900_RS01290","cysE",2
"257","N900_RS01295","PadR family transcriptional regulator",3
"258","N900_RS01300","ppc",3
"259","N900_RS01305","argE",3
"260","N900_RS01310","argC",3
"261","N900_RS01315","argB",3
"262","N900_RS01320","argG",2
"263","N900_RS01325","argH",2
"264","N900_RS01330","N900_RS01330",1
"265","N900_RS01335","lpd",3
"266","N900_RS01340","glutathione peroxidase",2
"267","N900_RS01345","oxyR",3
"268","N900_RS01350","penicillin-binding protein 1A",NA
"269","N900_RS01355","pilM",3
"270","N900_RS01360","pilus assembly protein PilN",3
"271","N900_RS01365","pilO_2",NA
"272","N900_RS01370","PilP",3
"273","N900_RS01375","fimbrial assembly protein",3
"274","N900_RS01380","aroK",2
"275","N900_RS01385","aroB",3
"276","N900_RS01390","damX_1",3
"277","N900_RS01395","dam",NA
"278","N900_RS01400","ribulose-phosphate 3-epimerase",3
"279","N900_RS01405","gph",3
"280","N900_RS01410","trpS",NA
"281","N900_RS01415","ABC transporter substrate-binding protein_8",3
"282","N900_RS01420","xds_1",3
"283","N900_RS01425","rimO",3
"284","N900_RS01430","trpG_1",3
"285","N900_RS01435","aruC",1
"286","N900_RS01440","astA",3
"287","N900_RS01445","astD",3
"288","N900_RS01450","N900_RS01450",3
"289","N900_RS01455","crp",1
"290","N900_RS01460","cfxP",3
"291","N900_RS01465","VC_2612_BLAST",2
"292","N900_RS01470","hydrolase",3
"293","N900_RS01475","N900_RS01475",2
"294","N900_RS01480","yheS",2
"295","N900_RS01485","kefG",3
"296","N900_RS01490","kefB",3
"297","N900_RS01495","metal-binding protein",1
"298","N900_RS01500","slyD",2
"299","N900_RS01505","iaaA",2
"300","N900_RS01510","purA",NA
"301","N900_RS01515","motX_BLAST",3
"302","N900_RS01520","N900_RS01520",3
"303","N900_RS01525","rnr",3
"304","N900_RS01530","rlmB",2
"305","N900_RS01535","rpsJ",NA
"306","N900_RS01540","rplC",NA
"307","N900_RS01545","rplD",NA
"308","N900_RS01550","rplW",NA
"309","N900_RS01555","rplB",NA
"310","N900_RS01560","rpsS",NA
"311","N900_RS01565","rplV",NA
"312","N900_RS01570","rpsC",NA
"313","N900_RS01575","rplP",NA
"314","N900_RS01580","rpmC",NA
"315","N900_RS01585","rpsQ",NA
"316","N900_RS01590","rplN",NA
"317","N900_RS01595","rplX",NA
"318","N900_RS01600","rplE",NA
"319","N900_RS01605","rpsN",NA
"320","N900_RS01610","rpsH",NA
"321","N900_RS01615","rplF",NA
"322","N900_RS01620","rplR",NA
"323","N900_RS01625","rpsE",NA
"324","N900_RS01630","rpmD",NA
"325","N900_RS01635","rplO",NA
"326","N900_RS01640","secY",NA
"327","N900_RS01645","rpmJ",NA
"328","N900_RS01650","rpsM",NA
"329","N900_RS01655","rpsK",NA
"330","N900_RS01660","rpsD",NA
"331","N900_RS01665","rpoA",NA
"332","N900_RS01670","rplQ",NA
"333","N900_RS01675","N900_RS01675",3
"334","N900_RS01680","fklB",3
"335","N900_RS01685","LysM",2
"336","N900_RS01690","eamA_6",2
"337","N900_RS01695","elaA",3
"338","N900_RS01700","dbpA",2
"339","N900_RS01705","Crp/Fnr family transcriptional regulator_1",1
"340","N900_RS01710","cpdB",3
"341","N900_RS01715","cobA",2
"342","N900_RS01720","cysD",2
"343","N900_RS01725","cysN",2
"344","N900_RS01730","cysC",2
"345","N900_RS01735","N900_RS01735",1
"346","N900_RS01740","N900_RS01740",2
"347","N900_RS01745","ABC transporter permease_2",3
"348","N900_RS01750","yknY_1",2
"349","N900_RS01755","N900_RS01755",1
"350","N900_RS01760","N900_RS01760",2
"351","N900_RS01765","ytfj",3
"352","N900_RS01770","msrA",3
"353","N900_RS01775","outer membrane protein assembly factor",3
"354","N900_RS01780","tamb",3
"355","N900_RS01785","ytfP",3
"356","N900_RS01790","ppa",NA
"357","N900_RS01795","fbp",3
"358","N900_RS01800","N900_RS01800",2
"359","N900_RS01805","mpl",3
"360","N900_RS01810","ubix",NA
"361","N900_RS01815","thiB",2
"362","N900_RS01820","thiP",3
"363","N900_RS01825","thiQ",2
"364","N900_RS01830","darP",1
"365","N900_RS01835","pmbA",3
"366","N900_RS01840","mgtE_1",3
"367","N900_RS01845","ptsO",3
"368","N900_RS01850","rapZ",2
"369","N900_RS01855","ptsN",1
"370","N900_RS01860","hpf",2
"371","N900_RS01865","rpoN",3
"372","N900_RS01870","lptB",NA
"373","N900_RS01875","lptA",NA
"374","N900_RS01880","lptC",NA
"375","N900_RS01885","kdsC",2
"376","N900_RS01890","kdsD",NA
"377","N900_RS01895","calcium/sodium antiporter",2
"378","N900_RS01900","N900_RS01900",3
"379","N900_RS01905","mlaF",3
"380","N900_RS01910","mlaE",2
"381","N900_RS01915","mlaD",2
"382","N900_RS01920","mlaC",1
"383","N900_RS01925","anti-sigma B factor antagonist, putative",2
"384","N900_RS01930","ibaG",3
"385","N900_RS01935","murA",NA
"386","N900_RS01940","1-acylglycerol-3-phosphate O-acyltransferase",NA
"387","N900_RS01945","rida",2
"388","N900_RS01950","pyrI",3
"389","N900_RS01955","pyrB",3
"390","N900_RS01965","argF",3
"391","N900_RS01970","N900_RS01970",3
"392","N900_RS01975","N900_RS01975",2
"393","N900_RS01980","rapA",3
"394","N900_RS01985","rluA",3
"395","N900_RS01990","hepA",1
"396","N900_RS01995","valS",NA
"397","N900_RS02000","holC",3
"398","N900_RS02005","pepA",1
"399","N900_RS02010","lptF",NA
"400","N900_RS02015","lptG",NA
"401","N900_RS02020","N900_RS02020",3
"402","N900_RS02025","tRNA-Leu_4",NA
"403","N900_RS02030","rpfG",2
"404","N900_RS02035","rRNA-16S_6",NA
"405","N900_RS02040","tRNA-Ile_3",NA
"406","N900_RS02045","tRNA-Ala_3",NA
"407","N900_RS02050","rRNA-23S_5",NA
"408","N900_RS02055","rrf_D3",NA
"409","N900_RS02060","tRNA-Thr_5",NA
"410","N900_RS02065","rrf_4",NA
"411","N900_RS02070","N900_RS02070",2
"412","N900_RS02075","leuD",2
"413","N900_RS02080","leuC",3
"414","N900_RS02085","leuB",3
"415","N900_RS02090","leuA",3
"416","N900_RS02095","tetr_1",3
"417","N900_RS02100","N900_RS02100",2
"418","N900_RS02105","glycosyl transferase_1",3
"419","N900_RS02110","leuO",2
"420","N900_RS02115","long-chain fatty acid--CoA ligase",3
"421","N900_RS02120","ilvI",3
"422","N900_RS02125","ilvN",3
"423","N900_RS02130","serA",3
"424","N900_RS02135","rpiA",1
"425","N900_RS02140","ygfA",1
"426","N900_RS02145","zapa",1
"427","N900_RS02150","VC0395_A2053_BLAST",3
"428","N900_RS02155","ubiH",NA
"429","N900_RS02160","ubiI",NA
"430","N900_RS02165","N900_RS02165",NA
"431","N900_RS02170","ygfZ",NA
"432","N900_RS02175","sdhE",3
"433","N900_RS02180","cptA",2
"434","N900_RS02185","nadB",2
"435","N900_RS02190","N900_RS02190",2
"436","N900_RS02195","rpoE",NA
"437","N900_RS02200","rsea",1
"438","N900_RS02205","rseB",3
"439","N900_RS02210","rsec",NA
"440","N900_RS02215","lepA",3
"441","N900_RS02220","lepB",NA
"442","N900_RS02225","ribonuclease III",1
"443","N900_RS02230","era",NA
"444","N900_RS02235","recO",3
"445","N900_RS02240","pdxJ",NA
"446","N900_RS02245","acpS",NA
"447","N900_RS02250","N900_RS02250",2
"448","N900_RS02255","N900_RS02255",3
"449","N900_RS02260","sensor domain-containing diguanylate cyclase_2",3
"450","N900_RS02265","barA",3
"451","N900_RS02270","rlmD",3
"452","N900_RS02275","relA",3
"453","N900_RS02280","mazG",3
"454","N900_RS02285","pyrG",NA
"455","N900_RS02290","eno",NA
"456","N900_RS02295","cca",3
"457","N900_RS02300","exeA",2
"458","N900_RS02305","gspb",3
"459","N900_RS02310","N900_RS02310",3
"460","N900_RS02315","inorganic phosphate transporter",2
"461","N900_RS02320","HI_1603_BLAST",2
"462","N900_RS02325","ygiF",3
"463","N900_RS02330","methyl-accepting chemotaxis protein_15",2
"464","N900_RS02335","glnE",2
"465","N900_RS02340","hldE",3
"466","N900_RS02345","tolC",3
"467","N900_RS02350","nudF_1",3
"468","N900_RS02355","N900_RS02355",3
"469","N900_RS02360","cpdA",3
"470","N900_RS02365","yqiA",3
"471","N900_RS02370","parE",NA
"472","N900_RS02375","parC",NA
"473","N900_RS02380","yacG",2
"474","N900_RS02385","zapD",2
"475","N900_RS02390","coaE",NA
"476","N900_RS02395","pilD",2
"477","N900_RS02395","pilD",1
"478","N900_RS02400","pilC",1
"479","N900_RS02405","pilB",2
"480","N900_RS02410","pilA",3
"481","N900_RS02415","nadC_1",3
"482","N900_RS02420","ampD",2
"483","N900_RS02425","fldB",3
"484","N900_RS02430","xerd",2
"485","N900_RS02435","dsbC",3
"486","N900_RS02440","recJ",2
"487","N900_RS02445","yfkN",3
"488","N900_RS02450","pdhR",2
"489","N900_RS02455","aceE",2
"490","N900_RS02460","aceF",3
"491","N900_RS02465","lpdA",NA
"492","N900_RS02470","rsmH",2
"493","N900_RS02475","ftsL",NA
"494","N900_RS02480","ftsi",NA
"495","N900_RS02485","murE",NA
"496","N900_RS02490","murF",NA
"497","N900_RS02495","mraY",NA
"498","N900_RS02500","UDP-N-acetylmuramoyl-L-alanine--D-glutamate ligase",NA
"499","N900_RS02505","ftsW",NA
"500","N900_RS02510","murG",NA
"501","N900_RS02515","murC",NA
"502","N900_RS02520","ftsq",NA
"503","N900_RS02525","ftsA",NA
"504","N900_RS02530","ftsZ",NA
"505","N900_RS02535","lpxC",NA
"506","N900_RS02540","N900_RS02540",NA
"507","N900_RS02545","secA",NA
"508","N900_RS02555","mutT",3
"509","N900_RS02560","dapB",NA
"510","N900_RS02565","N900_RS02565",NA
"511","N900_RS02570","carA",3
"512","N900_RS02575","carB",3
"513","N900_RS02580","nlpE_2",3
"514","N900_RS02590","Ga0059260_01847_BLAST",NA
"515","N900_RS02595","Ga0059260_01848_BLAST",1
"516","N900_RS02600","RNA-directed DNA polymerase",2
"517","N900_RS02605","yfcA_1",3
"518","N900_RS02610","hdfR_1",3
"519","N900_RS02615","yadS",3
"520","N900_RS02620","btuF",2
"521","N900_RS02625","cbiB",3
"522","N900_RS02630","mtnN",2
"523","N900_RS02635","N900_RS02635",3
"524","N900_RS02640","gltD_1",2
"525","N900_RS02645","gltB_2",3
"526","N900_RS02650","gltD_2",3
"527","N900_RS02655","gltB_1",3
"528","N900_RS02660","yhcC_BLAST",3
"529","N900_RS02665","diguanylate cyclase",2
"530","N900_RS02670","arcB",3
"531","N900_RS02675","arcA_2",1
"532","N900_RS02680","N900_RS02680",3
"533","N900_RS02685","putative 4-hydroxy-4-methyl-2-oxoglutarate aldolase",3
"534","N900_RS02690","N900_RS02690",3
"535","N900_RS02695","thrA",3
"536","N900_RS02700","thrB",3
"537","N900_RS02705","thrC",2
"538","N900_RS02710","grcA",NA
"539","N900_RS02715","nfo",3
"540","N900_RS02720","ung",3
"541","N900_RS02725","N900_RS02725",3
"542","N900_RS02730","N900_RS02730",2
"543","N900_RS02735","alsT_1",3
"544","N900_RS02740","yaaA",3
"545","N900_RS02745","TatD family deoxyribonuclease",3
"546","N900_RS02750","nupc",3
"547","N900_RS02755","N900_RS02755",2
"548","N900_RS02760","deoC",2
"549","N900_RS02765","deoA",2
"550","N900_RS02770","deoB",2
"551","N900_RS02775","deoD_1",2
"552","N900_RS02780","SMP protein",3
"553","N900_RS02785","phosphoserine phosphatase",2
"554","N900_RS02790","pilz_1",3
"555","N900_RS02795","radA",3
"556","N900_RS02800","fusA_1",NA
"557","N900_RS02805","AMP-binding protein",3
"558","N900_RS02810","N900_RS02810",2
"559","N900_RS02815","chrA",3
"560","N900_RS02820","lacZ",3
"561","N900_RS02825","galR",1
"562","N900_RS02830","ygjH",2
"563","N900_RS02830","ygjH",1
"564","N900_RS02835","gamma-glutamylcyclotransferase",3
"565","N900_RS02840","ZntB",1
"566","N900_RS02845","RimK family alpha-L-glutamate ligase",3
"567","N900_RS02850","ypeA_2",3
"568","N900_RS02855","short-chain dehydrogenase",3
"569","N900_RS02860","dapD",NA
"570","N900_RS02865","2-hydroxyacid dehydrogenase",3
"571","N900_RS02870","cysL_1",3
"572","N900_RS02875","C4-dicarboxylate ABC transporter",2
"573","N900_RS02880","recC",3
"574","N900_RS02885","recB",3
"575","N900_RS02890","recD",3
"576","N900_RS02895","N900_RS02895",1
"577","N900_RS02905","argA",3
"578","N900_RS02910","N900_RS02910",3
"579","N900_RS02915","mltA",3
"580","N900_RS02920","tcdA",3
"581","N900_RS02925","csdE",3
"582","N900_RS02930","csdA",3
"583","N900_RS02935","4-methyl-5(B-hydroxyethyl)-thiazole monophosphate biosynthesis enzyme",3
"584","N900_RS02940","panE",1
"585","N900_RS02945","ompK",3
"586","N900_RS02950","ATP-dependent protease",3
"587","N900_RS02955","rpoE_2",2
"588","N900_RS02960","chrR",3
"589","N900_RS02965","ampG",3
"590","N900_RS02970","peptidyl-prolyl cis-trans isomerase",3
"591","N900_RS02975","lipoprotein, putative",3
"592","N900_RS02980","rlmG",3
"593","N900_RS02985","bola",3
"594","N900_RS02990","Na(+)-translocating NADH-quinone reductase subunit A",1
"595","N900_RS02995","nqrB",2
"596","N900_RS03000","nqrC",2
"597","N900_RS03005","nqrD",2
"598","N900_RS03010","nqrE",1
"599","N900_RS03015","nqrF",2
"600","N900_RS03020","apbE",1
"601","N900_RS03025","nqrM_1",3
"602","N900_RS03030","dinB",3
"603","N900_RS03035","N900_RS03035",2
"604","N900_RS03050","IS256 family transposase_D1",NA
"605","N900_RS03055","diguanylate cyclase_4",3
"606","N900_RS03060","sodium-dependent transporter_2",3
"607","N900_RS03065","deacylase",3
"608","N900_RS03070","rimK",2
"609","N900_RS03075","ATP-dependent zinc protease_1",3
"610","N900_RS03080","pepD",2
"611","N900_RS03085","adeP",3
"612","N900_RS03090","gpt",3
"613","N900_RS03095","frsA",2
"614","N900_RS03100","crl",2
"615","N900_RS03105","proB",3
"616","N900_RS03110","proA",3
"617","N900_RS03115","nrdR",3
"618","N900_RS03120","ribD",2
"619","N900_RS03125","ribE_1",3
"620","N900_RS03130","ribBA",3
"621","N900_RS03135","ribE_2",2
"622","N900_RS03140","nusB",3
"623","N900_RS03145","thiL",3
"624","N900_RS03150","pgpA",2
"625","N900_RS03155","VC_2264_BLAST",2
"626","N900_RS03160","glnD",3
"627","N900_RS03165","map",NA
"628","N900_RS03170","rpsB",NA
"629","N900_RS03175","tsf",NA
"630","N900_RS03180","pyrH",NA
"631","N900_RS03185","frr",NA
"632","N900_RS03190","uppS",NA
"633","N900_RS03195","cdsA",NA
"634","N900_RS03200","ispC",NA
"635","N900_RS03205","rseP",NA
"636","N900_RS03210","bamA",NA
"637","N900_RS03215","skp",NA
"638","N900_RS03220","lpxD",NA
"639","N900_RS03225","fabZ",NA
"640","N900_RS03230","lpxA",NA
"641","N900_RS03235","lpxB",NA
"642","N900_RS03240","rnhB",2
"643","N900_RS03245","dnaE",NA
"644","N900_RS03250","accA",NA
"645","N900_RS03255","tilS",NA
"646","N900_RS03260","cytochrome c_2",1
"647","N900_RS03265","padC",3
"648","N900_RS03270","glnB",2
"649","N900_RS03275","VC0395_A1830_BLAST",1
"650","N900_RS03280","lysm",3
"651","N900_RS03285","gloB",3
"652","N900_RS03290","class I SAM-dependent methyltransferase_3",3
"653","N900_RS03295","rnhA",3
"654","N900_RS03300","dnaQ",NA
"655","N900_RS03305","hldE",2
"656","N900_RS03310","fadE_1",2
"657","N900_RS03315","gmhA/lpcA",3
"658","N900_RS03320","yafJ",3
"659","N900_RS03325","purN",2
"660","N900_RS03330","purM",3
"661","N900_RS03335","upp",2
"662","N900_RS03340","N900_RS03340",3
"663","N900_RS03345","rluF",2
"664","N900_RS03350","smrA",3
"665","N900_RS03355","N900_RS03355",NA
"666","N900_RS03360","tRNA-Pro_4",NA
"667","N900_RS03365","N900_RS03365",2
"668","N900_RS03370","chb",3
"669","N900_RS03375","N900_RS03375",3
"670","N900_RS03380","heavy metal translocating P-type ATPase",3
"671","N900_RS03385","gltX",NA
"672","N900_RS03390","ompA_1",2
"673","N900_RS03395","Fe3+-citrate ABC transporter substrate-binding protein",3
"674","N900_RS03400","vuuA",3
"675","N900_RS03405","vuuB",3
"676","N900_RS03410","non-ribosomal peptide synthetase",3
"677","N900_RS03415","flgT",2
"678","N900_RS03420","flgO",3
"679","N900_RS03425","flgP",3
"680","N900_RS03430","flgN",2
"681","N900_RS03435","flgM",2
"682","N900_RS03440","flgA",3
"683","N900_RS03445","chev_3",1
"684","N900_RS03450","cheR",3
"685","N900_RS03455","flgB",2
"686","N900_RS03460","flgC",3
"687","N900_RS03465","flgD",3
"688","N900_RS03470","flgE",2
"689","N900_RS03475","flgF",3
"690","N900_RS03480","flgG",3
"691","N900_RS03485","flgH",3
"692","N900_RS03490","flgi",3
"693","N900_RS03495","flgJ",2
"694","N900_RS03500","flgK",3
"695","N900_RS03505","flgL",3
"696","N900_RS03515","flaA",3
"697","N900_RS03520","flaC",2
"698","N900_RS03525","tig_BLAST",NA
"699","N900_RS03530","tRNA-Gln",NA
"700","N900_RS03535","tRNA-Leu_3",NA
"701","N900_RS03540","tRNA-Leu_2",NA
"702","N900_RS03545","tRNA-Met_5",NA
"703","N900_RS03550","ychF",3
"704","N900_RS03555","pth",NA
"705","N900_RS03560","prs",NA
"706","N900_RS03565","ispE",NA
"707","N900_RS03570","lolB",NA
"708","N900_RS03575","hemA",NA
"709","N900_RS03580","prfA",NA
"710","N900_RS03585","prmC",2
"711","N900_RS03590","sirB2",1
"712","N900_RS03595","sirB1",2
"713","N900_RS03600","kdsA",NA
"714","N900_RS03605","ushA",3
"715","N900_RS03610","ybaK",3
"716","N900_RS03615","uracil-xanthine permease",3
"717","N900_RS03620","N900_RS03620",2
"718","N900_RS03625","N900_RS03625",2
"719","N900_RS03630","wrbA",3
"720","N900_RS03635","arsC",2
"721","N900_RS03640","bepA_1",3
"722","N900_RS03645","N900_RS03645",3
"723","N900_RS03650","perM",3
"724","N900_RS03655","mlp24",3
"725","N900_RS03660","bcp",3
"726","N900_RS03665","gcvR",2
"727","N900_RS03670","dapA",NA
"728","N900_RS03675","bamC",2
"729","N900_RS03680","N900_RS03680",3
"730","N900_RS03685","M15 family metallopeptidase",3
"731","N900_RS03690","dapE",3
"732","N900_RS03695","ArsC family reductase",3
"733","N900_RS03700","N900_RS03700",3
"734","N900_RS03705","N900_RS03705",2
"735","N900_RS03710","N900_RS03710",3
"736","N900_RS03715","yfeX",3
"737","N900_RS03720","flaE",2
"738","N900_RS03725","flaD",3
"739","N900_RS03730","flaB",3
"740","N900_RS03735","flaG",2
"741","N900_RS03740","fliD",2
"742","N900_RS03745","flaI",3
"743","N900_RS03750","fliS",2
"744","N900_RS03755","flrA",3
"745","N900_RS03760","flrB",2
"746","N900_RS03765","flrC",2
"747","N900_RS03770","fliE",3
"748","N900_RS03775","fliF",3
"749","N900_RS03780","fliG",1
"750","N900_RS03785","fliH",3
"751","N900_RS03790","fliI",3
"752","N900_RS03795","fliJ",1
"753","N900_RS03800","FliK",3
"754","N900_RS03805","fliL_1",2
"755","N900_RS03810","fliM",3
"756","N900_RS03815","fliN",2
"757","N900_RS03820","fliO",3
"758","N900_RS03825","fliP",3
"759","N900_RS03830","fliQ",3
"760","N900_RS03835","fliR",3
"761","N900_RS03840","flhB",3
"762","N900_RS03845","smrB",2
"763","N900_RS03850","prmB",3
"764","N900_RS03855","N900_RS03855",3
"765","N900_RS03860","aroC",1
"766","N900_RS03865","UPF0126 membrane protein HI_1240_BLAST",2
"767","N900_RS03870","epmC",2
"768","N900_RS03875","yfcl",3
"769","N900_RS03880","NAD(P)H-dependent oxidoreductase",3
"770","N900_RS03885","mnmC",2
"771","N900_RS03890","fabB",3
"772","N900_RS03895","4-phosphoerythronate dehydrogenase",NA
"773","N900_RS03900","asd2",3
"774","N900_RS03905","fur",2
"775","N900_RS03910","N900_RS03910",3
"776","N900_RS03915","gltC",3
"777","N900_RS03920","cida",3
"778","N900_RS03925","yohK_1",3
"779","N900_RS03930","fldA",NA
"780","N900_RS03935","N900_RS03935",3
"781","N900_RS03940","ybfF",2
"782","N900_RS03945","seqA",NA
"783","N900_RS03950","pgm_1",2
"784","N900_RS03955","N900_RS03955",2
"785","N900_RS03960","Nif3-like dinuclear metal center hexameric protein",3
"786","N900_RS03965","gltA",3
"787","N900_RS03970","sdhC",2
"788","N900_RS03975","sdhD",2
"789","N900_RS03980","sdhA",3
"790","N900_RS03985","sdhB",2
"791","N900_RS03990","sucA",2
"792","N900_RS03995","odhB",1
"793","N900_RS04000","sucC",1
"794","N900_RS04005","sucD",1
"795","N900_RS04010","znuB",2
"796","N900_RS04015","znuC",2
"797","N900_RS04020","znuA",3
"798","N900_RS04025","AraC family transcriptional regulator_1",3
"799","N900_RS04030","ferrous iron transport protein A",2
"800","N900_RS04035","feoB",3
"801","N900_RS04040","feoc",3
"802","N900_RS04045","N900_RS04045",1
"803","N900_RS04050","argS",NA
"804","N900_RS04055","yecM",3
"805","N900_RS04060","peptidase, insulinase family",3
"806","N900_RS04065","sixA",2
"807","N900_RS04070","flhA",3
"808","N900_RS04075","flhF",2
"809","N900_RS04080","MinD-related protein",2
"810","N900_RS04085","flia",3
"811","N900_RS04090","cheY3",1
"812","N900_RS04095","cheZ",3
"813","N900_RS04100","cheA2",2
"814","N900_RS04105","cheB2",2
"815","N900_RS04110","parP",1
"816","N900_RS04115","parC",3
"817","N900_RS04120","cheW1",3
"818","N900_RS04125","N900_RS04125",2
"819","N900_RS04130","ccmA",1
"820","N900_RS04135","ccmB",3
"821","N900_RS04140","ccmC",3
"822","N900_RS04145","ccmD",2
"823","N900_RS04150","ccmE_1",2
"824","N900_RS04155","ccmf",3
"825","N900_RS04160","dsbe",2
"826","N900_RS04165","CcmH",2
"827","N900_RS04170","ccmI",3
"828","N900_RS04175","mlaA",3
"829","N900_RS04180","fabG_1",2
"830","N900_RS04185","N900_RS04185",3
"831","N900_RS04190","sodB",1
"832","N900_RS04195","grxD",3
"833","N900_RS04200","topB",3
"834","N900_RS04205","acuC",3
"835","N900_RS04210","tRNA-Ser_4",NA
"836","N900_RS04215","tRNA-Pro_3",NA
"837","N900_RS04220","yejM_2",NA
"838","N900_RS04225","VC0395_A1625_BLAST",1
"839","N900_RS04230","yejk",1
"840","N900_RS04235","sensor histidine kinase_2",3
"841","N900_RS04240","nhaC",2
"842","N900_RS04245","asd1",3
"843","N900_RS04250","ychE_BLAST",3
"844","N900_RS04255","adhE",2
"845","N900_RS04260","eamA_4",3
"846","N900_RS04265","SulP family inorganic anion transporter_1",2
"847","N900_RS04270","rne",2
"848","N900_RS04275","N900_RS04275",2
"849","N900_RS04280","N900_RS04280",NA
"850","N900_RS04285","rluC",2
"851","N900_RS04290","yceF",1
"852","N900_RS04295","yceD",3
"853","N900_RS04300","rpmF",1
"854","N900_RS04305","plsX",2
"855","N900_RS04310","fabH1",2
"856","N900_RS04315","fabD",NA
"857","N900_RS04320","fabG_1",NA
"858","N900_RS04325","acpP",NA
"859","N900_RS04330","fabF",3
"860","N900_RS04335","pabC",3
"861","N900_RS04340","mltG",3
"862","N900_RS04345","tmk",NA
"863","N900_RS04350","holB",1
"864","N900_RS04355","ycfH",3
"865","N900_RS04360","ptsG",3
"866","N900_RS04365","sodium-dependent transporter_1",3
"867","N900_RS04370","N900_RS04370",3
"868","N900_RS04375","N900_RS04375",2
"869","N900_RS04380","pykA_1",3
"870","N900_RS04385","mlc",3
"871","N900_RS04390","chev_2",2
"872","N900_RS04395","N900_RS04395",2
"873","N900_RS04400","ChaN family lipoprotein",2
"874","N900_RS04405","rlmA",2
"875","N900_RS04410","N900_RS04410",2
"876","N900_RS04415","yeaD",3
"877","N900_RS04420","gapA",NA
"878","N900_RS04425","msrB_2",3
"879","N900_RS04430","N900_RS04430",3
"880","N900_RS04435","N900_RS04435",3
"881","N900_RS04440","ansA",3
"882","N900_RS04445","sppA",2
"883","N900_RS04450","fadH",3
"884","N900_RS04455","purU",3
"885","N900_RS04465","ATP-dependent DNA helicase",3
"886","N900_RS04470","tsaB",NA
"887","N900_RS04475","N900_RS04475",NA
"888","N900_RS04480","starvation lipoprotein Slp",3
"889","N900_RS04485","menH_1",2
"890","N900_RS04490","fadD",3
"891","N900_RS04495","rnd",3
"892","N900_RS04500","peptidase_1",3
"893","N900_RS04505","rrtA",1
"894","N900_RS04510","N900_RS04510",3
"895","N900_RS04515","dgt",3
"896","N900_RS04520","yfbR",3
"897","N900_RS04525","alaA",1
"898","N900_RS04530","menf",3
"899","N900_RS04535","menD",3
"900","N900_RS04540","menH",3
"901","N900_RS04545","menB",3
"902","N900_RS04550","menC",2
"903","N900_RS04555","menE",3
"904","N900_RS04560","ydcO",3
"905","N900_RS04565","sutR",2
"906","N900_RS04570","methyl-accepting chemotaxis protein_1",1
"907","N900_RS04580","lplT",3
"908","N900_RS04585","TetR/AcrR family transcriptional regulator_4",3
"909","N900_RS04590","N900_RS04590",3
"910","N900_RS04595","N900_RS04595",2
"911","N900_RS04600","nlpE_1",3
"912","N900_RS04605","minE",2
"913","N900_RS04610","minD",1
"914","N900_RS04615","minC",2
"915","N900_RS04620","VC_1957_BLAST",2
"916","N900_RS04625","lytic murein transglycosylase",3
"917","N900_RS04630","lysr_2",3
"918","N900_RS04635","NupC/NupG family nucleoside CNT transporter",3
"919","N900_RS04640","chitinase_2",3
"920","N900_RS04645","cytochrome c_1",3
"921","N900_RS04650","torZ",3
"922","N900_RS04655","pvcA",3
"923","N900_RS04660","LysR family transcriptional regulator_2",3
"924","N900_RS04665","mhpA",3
"925","N900_RS04670","TauD/TfdA family dioxygenase",3
"926","N900_RS04675","folD",2
"927","N900_RS04680","tRNA-Arg_7",NA
"928","N900_RS04685","opgC",3
"929","N900_RS04690","HAD-IB family hydrolase",3
"930","N900_RS04695","lyse_1",3
"931","N900_RS04700","acyl-CoA thioesterase",2
"932","N900_RS04705","1-acyl-sn-glycerol-3-phosphate acyltransferase",2
"933","N900_RS04710","phosphatidate cytidylyltransferase",NA
"934","N900_RS04715","CDP-diacylglycerol--glycerol-3-phosphate 3-phosphatidyltransferase-related protein",3
"935","N900_RS04720","bifunctional diguanylate cyclase/phosphodiesterase_2",2
"936","N900_RS04725","N900_RS04725",1
"937","N900_RS04730","N900_RS04730",3
"938","N900_RS04735","ydiU_BLAST",2
"939","N900_RS04740","dctp",2
"940","N900_RS04745","TRAP transporter small permease",3
"941","N900_RS04750","dctM_1",3
"942","N900_RS04755","dctD",2
"943","N900_RS04760","dctB",3
"944","N900_RS04765","N900_RS04765",3
"945","N900_RS04770","tig",3
"946","N900_RS04775","clpP",3
"947","N900_RS04780","clpx",3
"948","N900_RS04785","lon_1",3
"949","N900_RS04790","hupB",NA
"950","N900_RS04795","ppiD",3
"951","N900_RS04800","ComEA family DNA-binding protein",3
"952","N900_RS04805","cmk",NA
"953","N900_RS04810","rpsA",NA
"954","N900_RS04815","ihfB",2
"955","N900_RS04820","lapa",2
"956","N900_RS04825","lapB",NA
"957","N900_RS04830","pyrF",2
"958","N900_RS04835","MiaE",2
"959","N900_RS04840","motV",3
"960","N900_RS04845","cysB",2
"961","N900_RS04850","methyltransferase",2
"962","N900_RS04855","ald",2
"963","N900_RS04860","lrp_1",2
"964","N900_RS04865","ftsk",NA
"965","N900_RS04870","dsbB",2
"966","N900_RS04875","nhaB",1
"967","N900_RS04880","fadR",3
"968","N900_RS04885","N900_RS04885",3
"969","N900_RS04890","methyl-accepting chemotaxis protein_3",2
"970","N900_RS04895","hinT",1
"971","N900_RS04900","N900_RS04900",3
"972","N900_RS04905","N900_RS04905",3
"973","N900_RS04910","lpoB",3
"974","N900_RS04915","thiK",3
"975","N900_RS04920","ycfP",2
"976","N900_RS04925","ndh",3
"977","N900_RS04930","rimL",2
"978","N900_RS04935","hemolysin_2",3
"979","N900_RS04940","N900_RS04940",1
"980","N900_RS04945","mfd",1
"981","N900_RS04950","pilz_2",2
"982","N900_RS04955","lolC",NA
"983","N900_RS04960","lolD_1",NA
"984","N900_RS04965","lolE_1",NA
"985","N900_RS04970","N900_RS04970",3
"986","N900_RS04975","DNA internalization-related competence protein ComEC/Rec2",3
"987","N900_RS04980","msbA",NA
"988","N900_RS04985","lpxK",NA
"989","N900_RS04990","VC0395_A1467_BLAST",1
"990","N900_RS04995","kdsB",NA
"991","N900_RS05000","ycgB_BLAST",3
"992","N900_RS05005","yeah",2
"993","N900_RS05010","yeaG_BLAST",1
"994","N900_RS05015","yfbu",3
"995","N900_RS05020","membrane protein_3",3
"996","N900_RS05025","pflA",3
"997","N900_RS05030","methyl-accepting chemotaxis protein_7",2
"998","N900_RS05035","lpxR",3
"999","N900_RS05040","pflB",2
"1000","N900_RS05045","N900_RS05045",2
"1001","N900_RS05050","occP",2
"1002","N900_RS05055","argT",3
"1003","N900_RS05060","hisQ",2
"1004","N900_RS05065","hisM",3
"1005","N900_RS05070","xthA",3
"1006","N900_RS05075","pctC_1",3
"1007","N900_RS05080","rsmS",3
"1008","N900_RS05085","prepilin peptidase_2",3
"1009","N900_RS05090","yfcA_2",2
"1010","N900_RS05095","dinG",3
"1011","N900_RS05100","ompT",2
"1012","N900_RS05105","VC_1853_BLAST",2
"1013","N900_RS05110","VC0395_A1443_BLAST",2
"1014","N900_RS05115","cdgJ_2",2
"1015","N900_RS05120","lpxH",NA
"1016","N900_RS05125","ppiB",NA
"1017","N900_RS05130","cysS",NA
"1018","N900_RS05135","ruvC",3
"1019","N900_RS05140","ruvA",3
"1020","N900_RS05145","ruvB",2
"1021","N900_RS05150","cydA",3
"1022","N900_RS05155","cydB_1",2
"1023","N900_RS05160","cydX_1",NA
"1024","N900_RS05165","ybgE",3
"1025","N900_RS05170","ybgC",3
"1026","N900_RS05175","tolQ",2
"1027","N900_RS05180","tolr",2
"1028","N900_RS05185","tolA",1
"1029","N900_RS05190","tolB",3
"1030","N900_RS05195","pal_1",1
"1031","N900_RS05200","ybgF",3
"1032","N900_RS05205","nadA",1
"1033","N900_RS05210","yeca",3
"1034","N900_RS05215","cqsR",3
"1035","N900_RS05220","alae",3
"1036","N900_RS05225","manA_2",3
"1037","N900_RS05230","PTS fructose transporter subunit IIC_1",3
"1038","N900_RS05235","rhaR_2",3
"1039","N900_RS05240","PTS fructose transporter subunit IIA_2",3
"1040","N900_RS05245","manP_1",2
"1041","N900_RS05250","PTS fructose transporter subunit IIA_1",3
"1042","N900_RS05255","PTS fructose transporter subunit IIC_2",3
"1043","N900_RS05260","manP_2",1
"1044","N900_RS05265","ald1",3
"1045","N900_RS05270","acoR",3
"1046","N900_RS05275","VF_0530_BLAST",3
"1047","N900_RS05280","SDR family oxidoreductase",3
"1048","N900_RS05285","cry1",2
"1049","N900_RS05290","N900_RS05290",3
"1050","N900_RS05295","N900_RS05295",3
"1051","N900_RS05300","N900_RS05300",1
"1052","N900_RS05305","AlpA family transcriptional regulator_1",3
"1053","N900_RS05310","N900_RS05310",2
"1054","N900_RS05315","N900_RS05315",3
"1055","N900_RS05320","N900_RS05320",3
"1056","N900_RS05330","N900_RS05330",1
"1057","N900_RS05335","N900_RS05335",NA
"1058","N900_RS05340","IclR family transcriptional regulator",3
"1059","N900_RS05345","marR",3
"1060","N900_RS05350","DDE-type integrase/transposase/recombinase",3
"1061","N900_RS05355","ATPase AAA",3
"1062","N900_RS05360","N900_RS05360",3
"1063","N900_RS05365","N900_RS05365",2
"1064","N900_RS05370","middle operon regulator",3
"1065","N900_RS05375","transcriptional regulator_2",2
"1066","N900_RS05380","N900_RS05380",1
"1067","N900_RS05385","N900_RS05385",3
"1068","N900_RS05390","N900_RS05390",3
"1069","N900_RS05395","tape measure protein",2
"1070","N900_RS05395","tape measure protein",1
"1071","N900_RS05405","insN_BLAST_D1",NA
"1072","N900_RS05410","N900_RS05410",NA
"1073","N900_RS05415","radC_2",1
"1074","N900_RS05420","AlpA family transcriptional regulator_2",3
"1075","N900_RS05425","sialidase",3
"1076","N900_RS05430","nagA_2",3
"1077","N900_RS05435","nanK",3
"1078","N900_RS05440","N-acetylmannosamine-6-phosphate 2-epimerase",2
"1079","N900_RS05445","N900_RS05445",3
"1080","N900_RS05450","siaP",3
"1081","N900_RS05455","siaQ",2
"1082","N900_RS05460","siaM",2
"1083","N900_RS05465","nanA",3
"1084","N900_RS05470","ybbH",3
"1085","N900_RS05475","nanM_1",3
"1086","N900_RS05480","nanM_2",3
"1087","N900_RS05485","YafY family transcriptional regulator",2
"1088","N900_RS05490","N900_RS05490",3
"1089","N900_RS05495","N900_RS05495",2
"1090","N900_RS05500","SAM-dependent DNA methyltransferase",3
"1091","N900_RS05505","restriction endonuclease subunit S",3
"1092","N900_RS05510","N900_RS05510",3
"1093","N900_RS05515","N900_RS05515",3
"1094","N900_RS05520","type I restriction endonuclease subunit R",3
"1095","N900_RS05525","ZorA",3
"1096","N900_RS05530","MotB",3
"1097","N900_RS05535","zorC",3
"1098","N900_RS05540","helicase",2
"1099","N900_RS05545","intA_1",3
"1100","N900_RS05550","intA_2",3
"1101","N900_RS05555","tRNA-Ser_5",NA
"1102","N900_RS05560","vexD",3
"1103","N900_RS05565","vexC",2
"1104","N900_RS05570","pqic",3
"1105","N900_RS05575","pqiB",3
"1106","N900_RS05580","pqiA",3
"1107","N900_RS05585","mechanosensitive ion channel protein MscS",2
"1108","N900_RS05590","N900_RS05590",3
"1109","N900_RS05595","BamA/TamA family outer membrane protein",3
"1110","N900_RS05600","N900_RS05600",3
"1111","N900_RS05605","N900_RS05605",NA
"1112","N900_RS05610","breR",3
"1113","N900_RS05615","NAD-dependent succinate-semialdehyde dehydrogenase",2
"1114","N900_RS05620","N900_RS05620",2
"1115","N900_RS05625","1-aminocyclopropane-1-carboxylate deaminase/D-cysteine desulfhydrase",3
"1116","N900_RS05630","TetR/AcrR family transcriptional regulator_2",2
"1117","N900_RS05635","fadE_2",1
"1118","N900_RS05640","fabV_1",NA
"1119","N900_RS05645","infA",NA
"1120","N900_RS05650","bpt",2
"1121","N900_RS05655","aat",3
"1122","N900_RS05660","N900_RS05660",1
"1123","N900_RS05665","aroA",3
"1124","N900_RS05670","yciN",1
"1125","N900_RS05675","topA_2",NA
"1126","N900_RS05680","glgC_1",2
"1127","N900_RS05685","glgA",2
"1128","N900_RS05690","menH_3",3
"1129","N900_RS05695","N900_RS05695",3
"1130","N900_RS05700","N900_RS05700",3
"1131","N900_RS05705","tfoY",2
"1132","N900_RS05710","purR",3
"1133","N900_RS05715","torD",3
"1134","N900_RS05720","torR",3
"1135","N900_RS05725","elyC",3
"1136","N900_RS05730","cmoM",3
"1137","N900_RS05735","mukF",3
"1138","N900_RS05740","mukE",3
"1139","N900_RS05745","mukB",3
"1140","N900_RS05750","lrp_2",3
"1141","N900_RS05755","LysE family translocator_1",2
"1142","N900_RS05760","VC_1711_BLAST",3
"1143","N900_RS05765","N900_RS05765",3
"1144","N900_RS05770","zinc protease, insulinase family",3
"1145","N900_RS05775","N900_RS05775",3
"1146","N900_RS05780","N900_RS05780",2
"1147","N900_RS05785","metR",2
"1148","N900_RS05790","metE",3
"1149","N900_RS05795","N900_RS05795",3
"1150","N900_RS05800","ycii",2
"1151","N900_RS05805","yciA_1",2
"1152","N900_RS05810","yciB",3
"1153","N900_RS05815","N900_RS05815",2
"1154","N900_RS05820","ydcf",3
"1155","N900_RS05825","yeeZ",3
"1156","N900_RS05830","DNA-binding protein inhibitor Id-2-related protein",3
"1157","N900_RS05835","focA_1",3
"1158","N900_RS05840","N900_RS05840",3
"1159","N900_RS05845","torE",2
"1160","N900_RS05850","torC",3
"1161","N900_RS05855","torA",3
"1162","N900_RS05860","alpha-galactosidase",3
"1163","N900_RS05865","N900_RS05865",2
"1164","N900_RS05870","N900_RS05870",3
"1165","N900_RS05875","ppaC",3
"1166","N900_RS05880","N900_RS05880",3
"1167","N900_RS05885","N900_RS05885",2
"1168","N900_RS05890","sapF",3
"1169","N900_RS05895","gsiA",3
"1170","N900_RS05900","sapC",3
"1171","N900_RS05905","sapB",3
"1172","N900_RS05910","ABC transporter substrate-binding protein_2",3
"1173","N900_RS05915","pspF",3
"1174","N900_RS05920","pspA",2
"1175","N900_RS05925","pspB",2
"1176","N900_RS05930","pspC",3
"1177","N900_RS05935","ttgG",2
"1178","N900_RS05940","efflux RND transporter periplasmic adaptor subunit",2
"1179","N900_RS05945","vexK",3
"1180","N900_RS05950","tag",2
"1181","N900_RS05955","metC",3
"1182","N900_RS05960","clsA",3
"1183","N900_RS05965","sodium-dependent transporter_3",3
"1184","N900_RS05970","TIGR01621 family pseudouridine synthase",3
"1185","N900_RS05975","ynjF",3
"1186","N900_RS05980","malK_1",2
"1187","N900_RS05985","ABC transporter permease subunit_1",3
"1188","N900_RS05990","ynjB",2
"1189","N900_RS05995","hslJ",3
"1190","N900_RS06000","N900_RS06000",2
"1191","N900_RS06005","N900_RS06005",3
"1192","N900_RS06010","ybhS",3
"1193","N900_RS06015","ybhF",3
"1194","N900_RS06020","HlyD family efflux transporter periplasmic adaptor subunit",1
"1195","N900_RS06025","sdaC",3
"1196","N900_RS06030","eamA_5",3
"1197","N900_RS06035","mgtE_2",1
"1198","N900_RS06040","rcsC_2",1
"1199","N900_RS06045","vieA",3
"1200","N900_RS06050","response regulator_1",3
"1201","N900_RS06055","Pseudogene_N900_RS06055",3
"1202","N900_RS06060","vesC",3
"1203","N900_RS06065","sgrR_1",3
"1204","N900_RS06070","N900_RS06070",3
"1205","N900_RS06075","yihX",NA
"1206","N900_RS06080","N900_RS06080",3
"1207","N900_RS06085","methyl-accepting chemotaxis protein_8",3
"1208","N900_RS06090","N900_RS06090",3
"1209","N900_RS06095","N900_RS06095",3
"1210","N900_RS06100","bluF",3
"1211","N900_RS06105","rplY",NA
"1212","N900_RS06110","sensor histidine kinase_1",3
"1213","N900_RS06115","mprA",NA
"1214","N900_RS06120","membrane protein_6",2
"1215","N900_RS06125","radD",3
"1216","N900_RS06130","rsuA",3
"1217","N900_RS06135","bcr_1",3
"1218","N900_RS06140","N900_RS06140",2
"1219","N900_RS06145","Putative NAD(P)-binding protein YbjT_BLAST",3
"1220","N900_RS06150","norM_2",2
"1221","N900_RS06155","lolD_2",3
"1222","N900_RS06160","ABC transporter permease_1",3
"1223","N900_RS06165","attH",3
"1224","N900_RS06170","nhaA",3
"1225","N900_RS06175","argD",2
"1226","N900_RS06180","VC_1624_BLAST",3
"1227","N900_RS06185","nspC",3
"1228","N900_RS06190","oprF",2
"1229","N900_RS06195","bepC",3
"1230","N900_RS06200","Pseudogene_N900_RS06200",3
"1231","N900_RS06210","N900_RS06210",3
"1232","N900_RS06215","N900_RS06215",3
"1233","N900_RS06220","ynfM",3
"1234","N900_RS06225","LysR family transcriptional regulator_5",1
"1235","N900_RS06225","LysR family transcriptional regulator_5",1
"1236","N900_RS06230","glutaredoxin, putative",3
"1237","N900_RS06235","ygjP",1
"1238","N900_RS06240","rlmF",3
"1239","N900_RS06245","N900_RS06245",1
"1240","N900_RS06250","pilW",3
"1241","N900_RS06255","metA",3
"1242","N900_RS06260","ATP-binding protein_1",3
"1243","N900_RS06265","ABC transporter permease_4",3
"1244","N900_RS06270","ABC transporter permease_3",3
"1245","N900_RS06275","HlyD family secretion protein",3
"1246","N900_RS06280","N900_RS06280",1
"1247","N900_RS06285","N900_RS06285",2
"1248","N900_RS06290","dpiB",2
"1249","N900_RS06295","citT",3
"1250","N900_RS06300","amino acid ABC transporter substrate-binding protein",3
"1251","N900_RS06305","chev_1",3
"1252","N900_RS06310","N900_RS06310",3
"1253","N900_RS06315","N900_RS06315",2
"1254","N900_RS06320","sensor domain-containing diguanylate cyclase_3",3
"1255","N900_RS06325","tRNA-Val_2",NA
"1256","N900_RS06330","tRNA-Val_1",NA
"1257","N900_RS06335","ABC transporter substrate-binding protein_7",3
"1258","N900_RS06340","bmr3_1",3
"1259","N900_RS06345","galT",2
"1260","N900_RS06350","galK",3
"1261","N900_RS06355","galM",3
"1262","N900_RS06360","N900_RS06360",3
"1263","N900_RS06365","N900_RS06365",2
"1264","N900_RS06365","N900_RS06365",1
"1265","N900_RS06370","fabG_3",3
"1266","N900_RS06375","alsS",2
"1267","N900_RS06385","LysR family transcriptional regulator_6",3
"1268","N900_RS06390","ykgB",3
"1269","N900_RS06395","katB",1
"1270","N900_RS06400","ankB protein",3
"1271","N900_RS06405","sodC",2
"1272","N900_RS06410","dabA_BLAST",3
"1273","N900_RS06415","dabB",3
"1274","N900_RS06420","LysR family transcriptional regulator_3",3
"1275","N900_RS06425","almE",3
"1276","N900_RS06430","almF",1
"1277","N900_RS06435","almG",3
"1278","N900_RS06440","VCM66_1516_BLAST",1
"1279","N900_RS06445","N900_RS06445",3
"1280","N900_RS06450","membrane protein_7",2
"1281","N900_RS06455","fumC",3
"1282","N900_RS06460","N900_RS06460",1
"1283","N900_RS06465","appC",3
"1284","N900_RS06470","appB",1
"1285","N900_RS06475","yknY_2",2
"1286","N900_RS06480","macB_1",3
"1287","N900_RS06485","macB_2",3
"1288","N900_RS06490","tolc",1
"1289","N900_RS06495","macA",3
"1290","N900_RS06500","varG",1
"1291","N900_RS06505","lysr_3",3
"1292","N900_RS06510","katG",2
"1293","N900_RS06515","bglA",2
"1294","N900_RS06520","LacI family DNA-binding transcriptional regulator",3
"1295","N900_RS06525","rutC",2
"1296","N900_RS06530","Toxin-antitoxin biofilm protein TabA homolog_BLAST",3
"1297","N900_RS06535","glpQ_1",3
"1298","N900_RS06540","glpR_1",1
"1299","N900_RS06545","ugpc",2
"1300","N900_RS06550","ugpE",2
"1301","N900_RS06555","ugpA",3
"1302","N900_RS06560","ugpB",2
"1303","N900_RS06565","tonB",2
"1304","N900_RS06570","mota",3
"1305","N900_RS06575","tolQ_3",3
"1306","N900_RS06580","exbd",3
"1307","N900_RS06585","TonB_1",3
"1308","N900_RS06590","N900_RS06590",2
"1309","N900_RS06595","ligA_1",3
"1310","N900_RS06600","N900_RS06600",2
"1311","N900_RS06605","vcmA",2
"1312","N900_RS06610","CPXCG motif-containing cysteine-rich protein",1
"1313","N900_RS06615","VC_1539_BLAST",2
"1314","N900_RS06620","N900_RS06620",3
"1315","N900_RS06625","NlpC",3
"1316","N900_RS06630","methyl-accepting chemotaxis protein_2",3
"1317","N900_RS06635","N900_RS06635",2
"1318","N900_RS06640","tRNA-uridine aminocarboxypropyltransferase_BLAST",3
"1319","N900_RS06645","nagK",3
"1320","N900_RS06650","N900_RS06650",2
"1321","N900_RS06655","N900_RS06655",2
"1322","N900_RS06660","N900_RS06660",2
"1323","N900_RS06665","amino acid ABC transporter",3
"1324","N900_RS06670","MoeA",3
"1325","N900_RS06675","mobA",3
"1326","N900_RS06680","btuD_1",3
"1327","N900_RS06685","tupB",1
"1328","N900_RS06690","tungsten ABC transporter substrate-binding protein",2
"1329","N900_RS06695","atoC_2",2
"1330","N900_RS06700","sasA_2",3
"1331","N900_RS06705","ybiT",2
"1332","N900_RS06710","fdhD",3
"1333","N900_RS06715","N900_RS06715",3
"1334","N900_RS06720","N900_RS06720",3
"1335","N900_RS06725","napF_1",3
"1336","N900_RS06730","molecular chaperone",3
"1337","N900_RS06735","transcriptional initiation protein Tat",1
"1338","N900_RS06740","napA_1",3
"1339","N900_RS06745","fdhB1",3
"1340","N900_RS06750","formate dehydrogenase subunit gamma",3
"1341","N900_RS06755","N900_RS06755",3
"1342","N900_RS06760","cobB",3
"1343","N900_RS06765","VC0395_A1115_BLAST",1
"1344","N900_RS06770","aroH",3
"1345","N900_RS06775","N900_RS06775",3
"1346","N900_RS06780","N900_RS06780",3
"1347","N900_RS06785","cvfB",2
"1348","N900_RS06790","rsmF",3
"1349","N900_RS06795","yebT",2
"1350","N900_RS06800","paraquat-inducible protein A",3
"1351","N900_RS06805","ABC transporter ATP-binding protein_2",2
"1352","N900_RS06810","msrC_BLAST",3
"1353","N900_RS06815","proQ",2
"1354","N900_RS06820","prc",3
"1355","N900_RS06825","N900_RS06825",3
"1356","N900_RS06830","pepN",2
"1357","N900_RS06835","N900_RS06835",3
"1358","N900_RS06840","gdhB",1
"1359","N900_RS06845","pyrD",3
"1360","N900_RS06850","zapc",1
"1361","N900_RS06855","rlmKL",3
"1362","N900_RS06860","N900_RS06860",2
"1363","N900_RS06865","uup",2
"1364","N900_RS06870","N900_RS06870",NA
"1365","N900_RS06875","rmf",3
"1366","N900_RS06880","fabA",1
"1367","N900_RS06885","ATP-dependent protease LA-related protein",3
"1368","N900_RS06890","matP",2
"1369","N900_RS06895","N900_RS06895",2
"1370","N900_RS06900","N900_RS06900",2
"1371","N900_RS06905","IS256 family transposase_D2",NA
"1372","N900_RS06910","insN_BLAST_1",NA
"1373","N900_RS06920","XRE family transcriptional regulator_D1",NA
"1374","N900_RS06925","replication protein",NA
"1375","N900_RS06930","N900_RS06930",NA
"1376","N900_RS06935","XRE family transcriptional regulator_D1",NA
"1377","N900_RS06940","N900_RS06940",NA
"1378","N900_RS06945","N900_RS06945",1
"1379","N900_RS06950","XRE family transcriptional regulator_D2",NA
"1380","N900_RS06955","DNA replication protein_1",2
"1381","N900_RS06960","DNA replication protein_2",NA
"1382","N900_RS06965","N900_RS06965",NA
"1383","N900_RS06970","XRE family transcriptional regulator_D2",NA
"1384","N900_RS06975","N900_RS06975",NA
"1385","N900_RS06980","DNA-binding protein",3
"1386","N900_RS06985","rstR_D1",NA
"1387","N900_RS06990","RstA2 protein",NA
"1388","N900_RS06995","rstB2_2",NA
"1389","N900_RS07000","rstc",2
"1390","N900_RS07005","rstR_D2",NA
"1391","N900_RS07010","RstA2 protein",NA
"1392","N900_RS07015","rstB2_1",NA
"1393","N900_RS07020","colonization factor",2
"1394","N900_RS07025","VC_1460_BLAST",3
"1395","N900_RS07030","ace",3
"1396","N900_RS07035","zot",3
"1397","N900_RS07040","ctxA",2
"1398","N900_RS07045","ctxB",3
"1399","N900_RS07050","rtxA",3
"1400","N900_RS07055","toxin-activating lysine-acyltransferase",3
"1401","N900_RS07060","N900_RS07060",2
"1402","N900_RS07065","peptidase domain-containing ABC transporter",1
"1403","N900_RS07070","HlyD family type I secretion periplasmic adaptor subunit_1",3
"1404","N900_RS07075","hlyB",3
"1405","N900_RS07080","rcsC_3",3
"1406","N900_RS07085","histidine kinase",3
"1407","N900_RS07090","N900_RS07090",2
"1408","N900_RS07095","ccoN",2
"1409","N900_RS07100","ccoO",2
"1410","N900_RS07105","CcoQ/FixQ family Cbb3-type cytochrome c oxidase assembly chaperone",NA
"1411","N900_RS07110","ccoP",2
"1412","N900_RS07115","ccoH",3
"1413","N900_RS07120","cadA",3
"1414","N900_RS07125","ccoS",2
"1415","N900_RS07130","N900_RS07130",2
"1416","N900_RS07135","fnr",NA
"1417","N900_RS07140","uspE",3
"1418","N900_RS07145","ttcA",3
"1419","N900_RS07150","N900_RS07150",2
"1420","N900_RS07155","glucosaminidase",3
"1421","N900_RS07160","N900_RS07160",3
"1422","N900_RS07165","potA",3
"1423","N900_RS07170","potB",1
"1424","N900_RS07175","potC",1
"1425","N900_RS07180","potD_1",2
"1426","N900_RS07185","potD_2",2
"1427","N900_RS07190","chromosome segregation ATPase_1",3
"1428","N900_RS07195","N900_RS07195",3
"1429","N900_RS07200","alsT_2",2
"1430","N900_RS07205","rhtB_3",3
"1431","N900_RS07210","N900_RS07210",1
"1432","N900_RS07215","tsiV1",2
"1433","N900_RS07220","tseL",3
"1434","N900_RS07225","N900_RS07225",3
"1435","N900_RS07230","tssI_1",3
"1436","N900_RS07235","hcp-2_D1",3
"1437","N900_RS07240","carboxypeptidase M32",3
"1438","N900_RS07245","methyl-accepting chemotaxis protein_9",3
"1439","N900_RS07250","vceB",2
"1440","N900_RS07255","vceA",2
"1441","N900_RS07260","vceC",3
"1442","N900_RS07265","vceR",3
"1443","N900_RS07270","rhlE_1",2
"1444","N900_RS07275","PAS domain S-box protein_1",2
"1445","N900_RS07280","mlp16",3
"1446","N900_RS07285","mlp14",3
"1447","N900_RS07290","cheW",3
"1448","N900_RS07295","cheB1",2
"1449","N900_RS07300","N900_RS07300",2
"1450","N900_RS07305","cheR1",3
"1451","N900_RS07310","cheY2",3
"1452","N900_RS07315","CheA1",2
"1453","N900_RS07320","N900_RS07320",2
"1454","N900_RS07325","cheY1",3
"1455","N900_RS07330","mlp13",2
"1456","N900_RS07335","gdx",3
"1457","N900_RS07340","cry2",3
"1458","N900_RS07345","bmr3_2",3
"1459","N900_RS07350","lysr_1",1
"1460","N900_RS07355","celCCG_BLAST",NA
"1461","N900_RS07360","lplA",3
"1462","N900_RS07365","yegD",3
"1463","N900_RS07370","membrane protein_5",2
"1464","N900_RS07375","hrpA",3
"1465","N900_RS07380","N900_RS07380",1
"1466","N900_RS07385","N900_RS07385",2
"1467","N900_RS07390","N900_RS07390",1
"1468","N900_RS07400","exonuclease",3
"1469","N900_RS07405","diguanylate cyclase_2",3
"1470","N900_RS07410","N900_RS07410",3
"1471","N900_RS07415","hscA_1",3
"1472","N900_RS07420","molecular chaperone DnaK",2
"1473","N900_RS07425","N900_RS07425",2
"1474","N900_RS07430","N900_RS07430",3
"1475","N900_RS07435","diguanylate cyclase_3",2
"1476","N900_RS07440","ABC transporter substrate-binding protein_5",3
"1477","N900_RS07445","N900_RS07445",2
"1478","N900_RS07450","N900_RS07450",2
"1479","N900_RS07455","queC",3
"1480","N900_RS07460","queE",2
"1481","N900_RS07465","yidA",2
"1482","N900_RS07470","cysG_2",3
"1483","N900_RS07475","aapJ",3
"1484","N900_RS07480","ABC transporter permease subunit_2",3
"1485","N900_RS07485","yhdY",3
"1486","N900_RS07490","glnQ",1
"1487","N900_RS07495","ycca",3
"1488","N900_RS07500","tuse",NA
"1489","N900_RS07505","acyP",3
"1490","N900_RS07510","rlmI",3
"1491","N900_RS07515","diguanylate cyclase_1",3
"1492","N900_RS07520","N900_RS07520",2
"1493","N900_RS07525","PGdx_2",1
"1494","N900_RS07530","rcsC_4",3
"1495","N900_RS07535","two-component system response regulator",2
"1496","N900_RS07540","maiA",3
"1497","N900_RS07545","N900_RS07545",3
"1498","N900_RS07550","hmgA",2
"1499","N900_RS07555","hppD",3
"1500","N900_RS07560","pepT_1",3
"1501","N900_RS07565","N900_RS07565",3
"1502","N900_RS07570","GNAT family N-acetyltransferase_4",3
"1503","N900_RS07575","acsA",3
"1504","N900_RS07580","prpF",3
"1505","N900_RS07585","acnD",3
"1506","N900_RS07590","prpC",2
"1507","N900_RS07595","prpB",3
"1508","N900_RS07600","gntR_1",3
"1509","N900_RS07605","tripartite tricarboxylate transporter substrate binding protein",3
"1510","N900_RS07610","N900_RS07610",3
"1511","N900_RS07615","tripartite tricarboxylate transporter permease",2
"1512","N900_RS07620","N900_RS07620",2
"1513","N900_RS07625","outer membrane beta-barrel protein",1
"1514","N900_RS07630","mglC",3
"1515","N900_RS07635","mglA",3
"1516","N900_RS07645","mglB",2
"1517","N900_RS07650","N900_RS07650",NA
"1518","N900_RS07655","N900_RS07655",3
"1519","N900_RS07660","nqrM_2",2
"1520","N900_RS07665","penicillin-binding protein",3
"1521","N900_RS07670","carR",3
"1522","N900_RS07675","carS",3
"1523","N900_RS07680","ompv",3
"1524","N900_RS07685","N900_RS07685",2
"1525","N900_RS07690","hupR1_1",2
"1526","N900_RS07695","sasA_4",3
"1527","N900_RS07700","SLC13 family permease_1",3
"1528","N900_RS07705","methyl-accepting chemotaxis protein_14",3
"1529","N900_RS07710","bsrV",2
"1530","N900_RS07715","eamA_3",2
"1531","N900_RS07720","N900_RS07720",3
"1532","N900_RS07725","rimJ",2
"1533","N900_RS07730","tyrR",3
"1534","N900_RS07735","VP1870_BLAST",3
"1535","N900_RS07740","ycjx",3
"1536","N900_RS07745","N900_RS07745",2
"1537","N900_RS07750","fumB",3
"1538","N900_RS07755","pabB",2
"1539","N900_RS07760","nudL",3
"1540","N900_RS07765","sdaC_2",3
"1541","N900_RS07770","sdaA_1",3
"1542","N900_RS07775","queD",3
"1543","N900_RS07780","methyl-accepting chemotaxis protein_13",2
"1544","N900_RS07785","asnS",NA
"1545","N900_RS07790","thiD",3
"1546","N900_RS07795","VC_1295_BLAST",3
"1547","N900_RS07800","N900_RS07800",2
"1548","N900_RS07805","aspC",3
"1549","N900_RS07810","N900_RS07810",3
"1550","N900_RS07815","polC_1",3
"1551","N900_RS07820","methyl-accepting chemotaxis protein_6",2
"1552","N900_RS07825","mdoG",2
"1553","N900_RS07830","mdoH",3
"1554","N900_RS07835","laci_1",3
"1555","N900_RS07840","chbG",2
"1556","N900_RS07845","licH",3
"1557","N900_RS07850","chbA",3
"1558","N900_RS07855","licC",3
"1559","N900_RS07860","ccmE_2",2
"1560","N900_RS07865","cod",2
"1561","N900_RS07870","VP1905_BLAST",3
"1562","N900_RS07875","sarZ_1",2
"1563","N900_RS07880","DNA-binding response regulator_1",3
"1564","N900_RS07885","nreB",3
"1565","N900_RS07890","dctM_2",3
"1566","N900_RS07900","ABC transporter substrate-binding protein_3",2
"1567","N900_RS07905","N900_RS07905",3
"1568","N900_RS07910","N900_RS07910",3
"1569","N900_RS07915","gloC",1
"1570","N900_RS07920","Peptidoglycan L,D-endopeptidase MepK_BLAST",2
"1571","N900_RS07925","ycbB",3
"1572","N900_RS07930","N900_RS07930",3
"1573","N900_RS07935","iron-regulated protein A",3
"1574","N900_RS07940","c-type cytochrome",2
"1575","N900_RS07945","peptidase_2",3
"1576","N900_RS07950","ribA",3
"1577","N900_RS07955","N900_RS07955",3
"1578","N900_RS07960","setA",3
"1579","N900_RS07965","arac",3
"1580","N900_RS07970","rhodanese-related sulfurtransferase",2
"1581","N900_RS07975","gyrA",NA
"1582","N900_RS07980","ubiG",NA
"1583","N900_RS07985","nrdA",NA
"1584","N900_RS07990","nrdB",NA
"1585","N900_RS07995","(Fe-S)-binding protein",2
"1586","N900_RS08005","pncC_1",3
"1587","N900_RS08010","N900_RS08010",3
"1588","N900_RS08015","glycine cleavage system protein R",3
"1589","N900_RS08020","mcpP_1",2
"1590","N900_RS08025","N900_RS08025",3
"1591","N900_RS08030","SAM-dependent methyltransferase",NA
"1592","N900_RS08035","btuD",3
"1593","N900_RS08040","btuC",3
"1594","N900_RS08045","astE",2
"1595","N900_RS08050","alpha-ribazole-5'-phosphate phosphatase",3
"1596","N900_RS08055","cobU",3
"1597","N900_RS08060","cobS_1",2
"1598","N900_RS08065","cobT",2
"1599","N900_RS08070","msrB_1",3
"1600","N900_RS08075","L-cystine transporter",3
"1601","N900_RS08080","sbcB",3
"1602","N900_RS08085","VC0395_A0854_BLAST",2
"1603","N900_RS08090","yohK_2",2
"1604","N900_RS08095","cdd",1
"1605","N900_RS08100","AEC family transporter_1",3
"1606","N900_RS08105","purT",3
"1607","N900_RS08110","N900_RS08110",1
"1608","N900_RS08115","tpm",3
"1609","N900_RS08120","relV",3
"1610","N900_RS08125","N900_RS08125",1
"1611","N900_RS08130","ihfA",3
"1612","N900_RS08135","pheT",NA
"1613","N900_RS08140","pheS",NA
"1614","N900_RS08145","GNAT family N-acetyltransferase_3",3
"1615","N900_RS08150","N900_RS08150",2
"1616","N900_RS08155","tRNA-Gly_6",NA
"1617","N900_RS08160","tRNA-Leu_1",NA
"1618","N900_RS08165","tRNA-Gly_5",NA
"1619","N900_RS08170","tRNA-Cys_1",NA
"1620","N900_RS08175","pgsA",3
"1621","N900_RS08180","uvrC",3
"1622","N900_RS08185","uvrY",3
"1623","N900_RS08190","polB",2
"1624","N900_RS08195","N900_RS08195",3
"1625","N900_RS08200","nucleotidyltransferase",3
"1626","N900_RS08205","yeiP",2
"1627","N900_RS08210","VC0395_A0828_BLAST",3
"1628","N900_RS08215","N900_RS08215",3
"1629","N900_RS08220","hutC",2
"1630","N900_RS08225","hutI",3
"1631","N900_RS08230","hutG",3
"1632","N900_RS08235","hutU",3
"1633","N900_RS08240","hutH",2
"1634","N900_RS08245","N900_RS08245",3
"1635","N900_RS08250","vesB",3
"1636","N900_RS08255","N900_RS08255",3
"1637","N900_RS08260","ydiJ_BLAST",3
"1638","N900_RS08265","N900_RS08265",3
"1639","N900_RS08270","N900_RS08270",2
"1640","N900_RS08275","yiaD",2
"1641","N900_RS08280","molecular chaperone DnaJ",2
"1642","N900_RS08285","N900_RS08285",3
"1643","N900_RS08290","N900_RS08290",3
"1644","N900_RS08295","purC",1
"1645","N900_RS08300","N900_RS08300",2
"1646","N900_RS08305","maeA",3
"1647","N900_RS08310","N900_RS08310",2
"1648","N900_RS08315","vancomycin high temperature exclusion protein",3
"1649","N900_RS08320","Pseudogene_N900_RS08320",2
"1650","N900_RS08325","sufS_2",3
"1651","N900_RS08330","agglutination protein",3
"1652","N900_RS08335","trxB",3
"1653","N900_RS08340","cydD",NA
"1654","N900_RS08345","cydC",NA
"1655","N900_RS08350","rluB",3
"1656","N900_RS08355","yciO",3
"1657","N900_RS08360","yciV",3
"1658","N900_RS08365","N900_RS08365",2
"1659","N900_RS08370","trpE",3
"1660","N900_RS08375","trpG_2",2
"1661","N900_RS08380","trpD",2
"1662","N900_RS08385","trpCF",3
"1663","N900_RS08390","trpB",3
"1664","N900_RS08395","trpA",3
"1665","N900_RS08400","dicarboxylate/amino acid:cation symporter",3
"1666","N900_RS08405","tdk",3
"1667","N900_RS08410","aspS",NA
"1668","N900_RS08415","UPF0759 protein YecE_BLAST",3
"1669","N900_RS08420","cmoA",3
"1670","N900_RS08425","cmoB",3
"1671","N900_RS08430","ATP-dependent Zn protease",2
"1672","N900_RS08435","gonadoliberin III",3
"1673","N900_RS08440","alpha-L-glutamate ligase-like protein",2
"1674","N900_RS08445","serC",NA
"1675","N900_RS08450","N900_RS08450",1
"1676","N900_RS08455","sasA_5",3
"1677","N900_RS08460","response regulator_3",2
"1678","N900_RS08465","N900_RS08465",1
"1679","N900_RS08470","DNA transformation protein",2
"1680","N900_RS08475","N900_RS08475",3
"1681","N900_RS08480","lyso",3
"1682","N900_RS08485","N900_RS08485",3
"1683","N900_RS08490","panP",NA
"1684","N900_RS08495","hexR",3
"1685","N900_RS08500","iron-containing alcohol dehydrogenase_1",3
"1686","N900_RS08505","grxa",1
"1687","N900_RS08510","aspT",3
"1688","N900_RS08515","clpA",3
"1689","N900_RS08520","clpS",2
"1690","N900_RS08525","cspD",1
"1691","N900_RS08530","icd2",NA
"1692","N900_RS08535","rluE",3
"1693","N900_RS08540","hisI",3
"1694","N900_RS08545","hisF",3
"1695","N900_RS08550","hisA",3
"1696","N900_RS08555","hisH",3
"1697","N900_RS08560","hisB",3
"1698","N900_RS08565","hisC",2
"1699","N900_RS08570","hisD",2
"1700","N900_RS08575","hisG",3
"1701","N900_RS08580","tet(35)",3
"1702","N900_RS08585","hns",NA
"1703","N900_RS08590","gsk_1",1
"1704","N900_RS08595","mnmA",NA
"1705","N900_RS08600","hflD",NA
"1706","N900_RS08605","purB",NA
"1707","N900_RS08610","N900_RS08610",3
"1708","N900_RS08615","N900_RS08615",2
"1709","N900_RS08620","N900_RS08620",3
"1710","N900_RS08625","class I SAM-dependent methyltransferase_1",3
"1711","N900_RS08630","N900_RS08630",1
"1712","N900_RS08635","FAD-dependent oxidoreductase_1",3
"1713","N900_RS08640","SDR family NAD(P)-dependent oxidoreductase",3
"1714","N900_RS08645","transcriptional regulator, putative",3
"1715","N900_RS08650","htpX",3
"1716","N900_RS08655","N900_RS08655",1
"1717","N900_RS08660","bioD",3
"1718","N900_RS08665","bioC",3
"1719","N900_RS08670","bioF",2
"1720","N900_RS08675","biob",3
"1721","N900_RS08680","bioA",3
"1722","N900_RS08685","serS",NA
"1723","N900_RS08690","rarA",1
"1724","N900_RS08695","lolA",NA
"1725","N900_RS08700","prepilin peptidase_1",3
"1726","N900_RS08705","dusC",3
"1727","N900_RS08710","sensor domain-containing diguanylate cyclase_1",2
"1728","N900_RS08715","lktB_1",3
"1729","N900_RS08720","ABC transporter permease_5",3
"1730","N900_RS08725","ABC transporter substrate-binding protein_6",3
"1731","N900_RS08730","DNA-binding protein VF530",3
"1732","N900_RS08735","VC_1099_BLAST",2
"1733","N900_RS08740","ackA_1",2
"1734","N900_RS08745","pta",3
"1735","N900_RS08750","yqjG",2
"1736","N900_RS08755","oppF_BLAST",3
"1737","N900_RS08760","oppD_1",1
"1738","N900_RS08765","oppC",2
"1739","N900_RS08770","oppB",2
"1740","N900_RS08775","oppA",2
"1741","N900_RS08780","ptxB",3
"1742","N900_RS08785","rcsC_5",3
"1743","N900_RS08790","rcsC_6",2
"1744","N900_RS08795","rssB_2",3
"1745","N900_RS08800","sasA_6",3
"1746","N900_RS08805","sasA_7",2
"1747","N900_RS08810","CheC",2
"1748","N900_RS08815","cheY_4",3
"1749","N900_RS08820","response regulator",3
"1750","N900_RS08825","sensor histidine kinase_3",1
"1751","N900_RS08830","ywlC",3
"1752","N900_RS08835","N900_RS08835",NA
"1753","N900_RS08840","N900_RS08840",2
"1754","N900_RS08845","araC_1",2
"1755","N900_RS08850","YbhB/YbcL family Raf kinase inhibitor-like protein",3
"1756","N900_RS08855","CPBP family intramembrane metalloprotease",3
"1757","N900_RS08860","chitinase_1",3
"1758","N900_RS08865","arsJ",3
"1759","N900_RS08870","phosphatase",2
"1760","N900_RS08875","gap3",2
"1761","N900_RS08880","arsR1",3
"1762","N900_RS08885","N900_RS08885",3
"1763","N900_RS08890","N900_RS08890",3
"1764","N900_RS08895","A79_1377_BLAST",3
"1765","N900_RS08900","lipoprotein-related protein",3
"1766","N900_RS08905","tesB",3
"1767","N900_RS08910","decR",3
"1768","N900_RS08915","sbnA",3
"1769","N900_RS08920","sohB",3
"1770","N900_RS08925","ycik",3
"1771","N900_RS08930","VC0395_A0576_BLAST",NA
"1772","N900_RS08935","ykgj",3
"1773","N900_RS08940","recR",3
"1774","N900_RS08945","ybab",2
"1775","N900_RS08950","dnaX",NA
"1776","N900_RS08955","apt",3
"1777","N900_RS08960","ybaN",2
"1778","N900_RS08965","N900_RS08965",NA
"1779","N900_RS08970","response regulator_2",2
"1780","N900_RS08975","LysR family transcriptional regulator_4",3
"1781","N900_RS08980","ydjA",3
"1782","N900_RS08985","fadJ",2
"1783","N900_RS08990","fadI",3
"1784","N900_RS08995","Pseudogene_N900_RS08995",1
"1785","N900_RS09000","RNA polymerase sigma factor",3
"1786","N900_RS09005","N900_RS09005",3
"1787","N900_RS09010","fadL",2
"1788","N900_RS09015","aromatic hydrocarbon degradation protein",3
"1789","N900_RS09020","low molecular weight phosphotyrosine protein phosphatase_2",3
"1790","N900_RS09025","cobO",3
"1791","N900_RS09030","asma_1",3
"1792","N900_RS09035","udk",2
"1793","N900_RS09040","N900_RS09040",3
"1794","N900_RS09045","apbC",3
"1795","N900_RS09050","metG",NA
"1796","N900_RS09055","N900_RS09055",3
"1797","N900_RS09060","udp_1",1
"1798","N900_RS09065","zntA",3
"1799","N900_RS09070","N900_RS09070",3
"1800","N900_RS09075","inosine monophosphate dehydrogenase-related protein",2
"1801","N900_RS09080","N900_RS09080",2
"1802","N900_RS09085","moaE",3
"1803","N900_RS09090","moaD",3
"1804","N900_RS09095","moaC",1
"1805","N900_RS09100","moaB",1
"1806","N900_RS09105","moaA",3
"1807","N900_RS09110","ybhK",3
"1808","N900_RS09115","luxu",1
"1809","N900_RS09120","luxO_BLAST",2
"1810","N900_RS09125","N900_RS09125",2
"1811","N900_RS09130","uvrB",3
"1812","N900_RS09135","tRNA-Asn",NA
"1813","N900_RS09140","rsxA",NA
"1814","N900_RS09145","rsxB",NA
"1815","N900_RS09150","rsxC",NA
"1816","N900_RS09155","rsxD",NA
"1817","N900_RS09160","rsxG",NA
"1818","N900_RS09165","rnfE",NA
"1819","N900_RS09170","nth",3
"1820","N900_RS09175","gloA",3
"1821","N900_RS09180","VP2110_BLAST",2
"1822","N900_RS09185","motY",3
"1823","N900_RS09195","ribonuclease T",1
"1824","N900_RS09200","yuiF",3
"1825","N900_RS09205","purF",3
"1826","N900_RS09210","cvpA",2
"1827","N900_RS09215","dedD",1
"1828","N900_RS09220","folC",NA
"1829","N900_RS09225","accD",NA
"1830","N900_RS09230","truA",3
"1831","N900_RS09235","Pseudogene_N900_RS09235",3
"1832","N900_RS09240","glnS",NA
"1833","N900_RS09245","nagE",3
"1834","N900_RS09250","nagA_1",1
"1835","N900_RS09255","nagC",3
"1836","N900_RS09260","ybaL",3
"1837","N900_RS09265","asnB",2
"1838","N900_RS09270","rfaH",3
"1839","N900_RS09275","dtpA",3
"1840","N900_RS09280","ferrochelatase",NA
"1841","N900_RS09285","adk",NA
"1842","N900_RS09290","htpG",2
"1843","N900_RS09295","toxR_BLAST",3
"1844","N900_RS09300","toxS",2
"1845","N900_RS09305","selenoprotein W-related protein",3
"1846","N900_RS09310","phosphodiesterase",3
"1847","N900_RS09315","yfcH",3
"1848","N900_RS09320","ybbO",3
"1849","N900_RS09325","YbbN",1
"1850","N900_RS09330","qmcA",3
"1851","N900_RS09335","ybbJ",1
"1852","N900_RS09340","cueR",1
"1853","N900_RS09345","N900_RS09345",2
"1854","N900_RS09350","chiP",2
"1855","N900_RS09355","ligA",NA
"1856","N900_RS09360","zipA",NA
"1857","N900_RS09365","cysZ",3
"1858","N900_RS09370","cysK",2
"1859","N900_RS09375","N900_RS09375",2
"1860","N900_RS09380","ptsH",3
"1861","N900_RS09385","ptsI",3
"1862","N900_RS09390","crr",1
"1863","N900_RS09395","2-octaprenyl-3-methyl-6-methoxy-1,4-benzoquinol hydroxylase",NA
"1864","N900_RS09400","miaB",3
"1865","N900_RS09405","ybeZ",1
"1866","N900_RS09410","ybeY",1
"1867","N900_RS09415","corc",3
"1868","N900_RS09420","lnt",3
"1869","N900_RS09425","zinc ribbon-containing protein",3
"1870","N900_RS09430","leuS",NA
"1871","N900_RS09435","lptE",NA
"1872","N900_RS09440","holA",NA
"1873","N900_RS09445","rsfS",3
"1874","N900_RS09450","rlmH",3
"1875","N900_RS09455","mrdA",NA
"1876","N900_RS09460","mrdB",NA
"1877","N900_RS09465","rlpa",1
"1878","N900_RS09470","dacA_1",1
"1879","N900_RS09480","VC_0945_BLAST",NA
"1880","N900_RS09485","lipB",NA
"1881","N900_RS09490","lipA",NA
"1882","N900_RS09495","N900_RS09495",NA
"1883","N900_RS09500","glyA",1
"1884","N900_RS09505","yitt",3
"1885","N900_RS09510","vpsQ",2
"1886","N900_RS09515","vpsP",3
"1887","N900_RS09520","vpsO",3
"1888","N900_RS09525","vpsN",3
"1889","N900_RS09530","vpsM",3
"1890","N900_RS09535","vpsL",3
"1891","N900_RS09540","N900_RS09540",3
"1892","N900_RS09545","N900_RS09545",3
"1893","N900_RS09550","hemolysin_1",3
"1894","N900_RS09555","N900_RS09555",1
"1895","N900_RS09560","N900_RS09560",3
"1896","N900_RS09565","glycosyltransferase",2
"1897","N900_RS09570","vpsJ",3
"1898","N900_RS09575","glycosyltransferase family 1 protein",3
"1899","N900_RS09580","vpsH",2
"1900","N900_RS09585","vpsG",2
"1901","N900_RS09590","vpsF",3
"1902","N900_RS09595","vpsE",3
"1903","N900_RS09600","vpsD",3
"1904","N900_RS09605","vpsC",2
"1905","N900_RS09610","wecC",3
"1906","N900_RS09615","vpsA",3
"1907","N900_RS09620","low molecular weight phosphotyrosine protein phosphatase_1",1
"1908","N900_RS09625","vexH",3
"1909","N900_RS09630","vexG",2
"1910","N900_RS09635","tRNA-Tyr_3",NA
"1911","N900_RS09640","VIPP1_BLAST",NA
"1912","N900_RS09645","tRNA-Tyr_2",NA
"1913","N900_RS09650","treC",3
"1914","N900_RS09655","treB",2
"1915","N900_RS09660","treR",3
"1916","N900_RS09665","gmhB",3
"1917","N900_RS09670","metN",2
"1918","N900_RS09675","metI",3
"1919","N900_RS09680","metq",3
"1920","N900_RS09685","N900_RS09685",3
"1921","N900_RS09690","SecY-interacting protein",3
"1922","N900_RS09695","queF",3
"1923","N900_RS09700","tetratricopeptide repeat protein_2",2
"1924","N900_RS09705","N900_RS09705",3
"1925","N900_RS09710","ppnN_BLAST",3
"1926","N900_RS09715","xni",3
"1927","N900_RS09720","UPF0382 membrane protein SAB0533_BLAST",3
"1928","N900_RS09725","lysR",3
"1929","N900_RS09735","thiI",2
"1930","N900_RS09740","motb",3
"1931","N900_RS09745","pomA",1
"1932","N900_RS09750","xseB",3
"1933","N900_RS09755","ispA",NA
"1934","N900_RS09760","dxs",NA
"1935","N900_RS09765","truC",3
"1936","N900_RS09770","yqcC",3
"1937","N900_RS09775","N900_RS09775",2
"1938","N900_RS09780","N900_RS09780",1
"1939","N900_RS09785","N-acetyltransferase_1",3
"1940","N900_RS09790","kfrA_2",2
"1941","N900_RS09795","VC_0881_BLAST",3
"1942","N900_RS09800","mtrF",3
"1943","N900_RS09805","ykgO",NA
"1944","N900_RS09810","rpmE2",2
"1945","N900_RS09815","tsaA",3
"1946","N900_RS09820","proS",NA
"1947","N900_RS09825","N900_RS09825",NA
"1948","N900_RS09830","terB",2
"1949","N900_RS09835","VC_0872_BLAST",2
"1950","N900_RS09840","N900_RS09840",1
"1951","N900_RS09845","tnp_D1",NA
"1952","N900_RS09850","purL",2
"1953","N900_RS09855","N900_RS09855",NA
"1954","N900_RS09860","mltF",3
"1955","N900_RS09870","tadA",1
"1956","N900_RS09875","abgT_2",3
"1957","N900_RS09880","N900_RS09880",3
"1958","N900_RS09885","pilV",2
"1959","N900_RS09890","pilX",3
"1960","N900_RS09895","PilW",3
"1961","N900_RS09900","type IV pilin, putative",2
"1962","N900_RS09905","type IV pilin protein",3
"1963","N900_RS09910","dnaJ",NA
"1964","N900_RS09915","dnaK",NA
"1965","N900_RS09920","grpE",NA
"1966","N900_RS09925","nadK",NA
"1967","N900_RS09930","recN",3
"1968","N900_RS09935","bamE",2
"1969","N900_RS09940","VC_0850_BLAST",NA
"1970","N900_RS09945","rata",NA
"1971","N900_RS09950","smpB",3
"1972","N900_RS09955","intA_3",3
"1973","N900_RS09965","acfd",2
"1974","N900_RS09970","acfa",2
"1975","N900_RS09975","M23 family peptidase",2
"1976","N900_RS09980","N900_RS09980",2
"1977","N900_RS09985","acfC",3
"1978","N900_RS09990","Pseudogene_N900_RS09990",1
"1979","N900_RS09995","tcpJ",2
"1980","N900_RS10000","toxT",1
"1981","N900_RS10005","tcpF",2
"1982","N900_RS10010","tcpE",2
"1983","N900_RS10015","tcpT",3
"1984","N900_RS10020","tcpS",1
"1985","N900_RS10025","tcpD",1
"1986","N900_RS10035","tcpC",3
"1987","N900_RS10040","tcpQ",3
"1988","N900_RS10045","tcpB",2
"1989","N900_RS10050","tcpA",3
"1990","N900_RS10055","tcpH",2
"1991","N900_RS10060","tcpP",2
"1992","N900_RS10065","tcpI",3
"1993","N900_RS10070","tpx",NA
"1994","N900_RS10075","N900_RS10075",2
"1995","N900_RS10080","membrane protein_1",2
"1996","N900_RS10085","Pseudogene_N900_RS10085",2
"1997","N900_RS10085","Pseudogene_N900_RS10085",1
"1998","N900_RS10090","adh",3
"1999","N900_RS10105","IS481-like element ISVch1 family transposase",3
"2000","N900_RS10110","N900_RS10110",1
"2001","N900_RS10115","type II toxin-antitoxin system HipA family toxin",3
"2002","N900_RS10120","XRE family transcriptional regulator_5",NA
"2003","N900_RS10125","class I SAM-dependent methyltransferase_5",3
"2004","N900_RS10130","uvrB_2",3
"2005","N900_RS10135","N900_RS10135",1
"2006","N900_RS10140","N900_RS10140",2
"2007","N900_RS10145","N900_RS10145",3
"2008","N900_RS10150","N900_RS10150",3
"2009","N900_RS10155","MFS transporter_1",3
"2010","N900_RS10160","NAD(P)/FAD-dependent oxidoreductase",3
"2011","N900_RS10165","Ferredoxin 1_BLAST",3
"2012","N900_RS10170","RNA methyltransferase",1
"2013","N900_RS10175","N900_RS10175",3
"2014","N900_RS10180","citG",2
"2015","N900_RS10185","citX",3
"2016","N900_RS10190","citF",2
"2017","N900_RS10195","citE",1
"2018","N900_RS10200","citD",3
"2019","N900_RS10205","citC",2
"2020","N900_RS10210","citS",3
"2021","N900_RS10215","sodium pump decarboxylase",3
"2022","N900_RS10220","oadA_1",3
"2023","N900_RS10225","oadB",3
"2024","N900_RS10230","citA",2
"2025","N900_RS10235","dpiA",3
"2026","N900_RS10240","N900_RS10240",NA
"2027","N900_RS10245","DOPA 4,5-dioxygenase",1
"2028","N900_RS10250","dsdC_1",3
"2029","N900_RS10255","dadA1",2
"2030","N900_RS10260","acp",3
"2031","N900_RS10265","yjcS",3
"2032","N900_RS10270","leuO_2",3
"2033","N900_RS10275","vibriobactin biosynthesis 4\'-phosphopantetheinyl transferase VibD",2
"2034","N900_RS10280","fepC",1
"2035","N900_RS10285","fepG",3
"2036","N900_RS10290","yfiZ",3
"2037","N900_RS10295","fepB",3
"2038","N900_RS10300","vibH",3
"2039","N900_RS10305","dhbA",3
"2040","N900_RS10310","dhbC",NA
"2041","N900_RS10315","dhbE",3
"2042","N900_RS10320","vibB",1
"2043","N900_RS10325","satP",3
"2044","N900_RS10330","carbohydrate-binding protein",3
"2045","N900_RS10335","guaA",1
"2046","N900_RS10340","guaB",1
"2047","N900_RS10345","xseA",3
"2048","N900_RS10350","N900_RS10350",3
"2049","N900_RS10355","alanyl-tRNA editing protein",2
"2050","N900_RS10360","der",NA
"2051","N900_RS10365","bamB",NA
"2052","N900_RS10370","membrane protein_4",3
"2053","N900_RS10375","hisS",NA
"2054","N900_RS10380","ispG",NA
"2055","N900_RS10385","rodZ",1
"2056","N900_RS10390","rlmn",3
"2057","N900_RS10395","ndk",2
"2058","N900_RS10400","pepB",3
"2059","N900_RS10405","iscX",1
"2060","N900_RS10410","fdx",NA
"2061","N900_RS10415","hscA",NA
"2062","N900_RS10420","hscB",NA
"2063","N900_RS10425","iscA",NA
"2064","N900_RS10430","iscU",NA
"2065","N900_RS10435","iscs",NA
"2066","N900_RS10440","iscR",2
"2067","N900_RS10445","trmJ",3
"2068","N900_RS10450","suhB",NA
"2069","N900_RS10455","secF_1",3
"2070","N900_RS10460","secD_1",3
"2071","N900_RS10465","yajC",3
"2072","N900_RS10470","tgt",2
"2073","N900_RS10475","N900_RS10475",2
"2074","N900_RS10480","queA",3
"2075","N900_RS10485","acetoin utilization protein AcuB, putative",2
"2076","N900_RS10490","aceA",3
"2077","N900_RS10495","malate synthase A",3
"2078","N900_RS10500","oxyR_2",3
"2079","N900_RS10505","ahpC",1
"2080","N900_RS10510","cutc",3
"2081","N900_RS10515","ppk2",2
"2082","N900_RS10520","phoU",3
"2083","N900_RS10525","pstB",3
"2084","N900_RS10530","pstA_1",3
"2085","N900_RS10535","ABC transporter permease subunit",3
"2086","N900_RS10540","ppk",3
"2087","N900_RS10545","ppx",3
"2088","N900_RS10550","pstS_1",2
"2089","N900_RS10555","phoR",3
"2090","N900_RS10560","phoB",1
"2091","N900_RS10565","rdgC",3
"2092","N900_RS10570","rlhA",3
"2093","N900_RS10575","yfhl",3
"2094","N900_RS10580","nfsA",3
"2095","N900_RS10585","N900_RS10585",3
"2096","N900_RS10590","AtMg01060_BLAST_D3",NA
"2097","N900_RS10595","rrf_D4",NA
"2098","N900_RS10600","rRNA-23S_3",NA
"2099","N900_RS10605","Atg2a_BLAST_D2",NA
"2100","N900_RS10610","rRNA-16S_4",NA
"2101","N900_RS10615","clpB",1
"2102","N900_RS10620","pgeF",3
"2103","N900_RS10625","rluD",2
"2104","N900_RS10630","bamd",NA
"2105","N900_RS10635","raiA",2
"2106","N900_RS10640","pheA",2
"2107","N900_RS10645","spuD",2
"2108","N900_RS10650","mbaA",3
"2109","N900_RS10655","yjjX",3
"2110","N900_RS10660","trpR",2
"2111","N900_RS10665","sltY",3
"2112","N900_RS10670","ettA",2
"2113","N900_RS10675","N900_RS10675",3
"2114","N900_RS10680","tyrA",3
"2115","N900_RS10685","aroF",3
"2116","N900_RS10690","btsS",3
"2117","N900_RS10695","yehT_1",3
"2118","N900_RS10700","nagZ",3
"2119","N900_RS10705","anmK",3
"2120","N900_RS10710","murQ_1",3
"2121","N900_RS10715","nhaP2_2",3
"2122","N900_RS10720","N900_RS10720",3
"2123","N900_RS10725","carbon starvation protein A",3
"2124","N900_RS10730","ispH",NA
"2125","N900_RS10735","fkpB",2
"2126","N900_RS10740","lspA",NA
"2127","N900_RS10745","ileS",NA
"2128","N900_RS10750","ribF",NA
"2129","N900_RS10755","murJ",NA
"2130","N900_RS10760","rpsT",NA
"2131","N900_RS10765","winged helix-turn-helix transcriptional regulator",2
"2132","N900_RS10770","nhaR",3
"2133","N900_RS10775","nptA protein",3
"2134","N900_RS10780","thyA",NA
"2135","N900_RS10785","lgt",NA
"2136","N900_RS10790","Probable membrane transporter protein HI_0902_BLAST",3
"2137","N900_RS10795","ptsP",3
"2138","N900_RS10800","rppH",3
"2139","N900_RS10810","mutH",3
"2140","N900_RS10815","NADP(H)-dependent aldo-keto reductase",2
"2141","N900_RS10820","N900_RS10820",3
"2142","N900_RS10825","vpsR",3
"2143","N900_RS10830","lysS",NA
"2144","N900_RS10835","prfB",NA
"2145","N900_RS10840","brnQ",1
"2146","N900_RS10845","tRNA1(Val) (adenine(37)-N6)-methyltransferase",3
"2147","N900_RS10850","srmB",2
"2148","N900_RS10855","prfC",3
"2149","N900_RS10860","s087_BLAST",NA
"2150","N900_RS10865","Putative transcriptional regulator YdaS_BLAST",NA
"2151","N900_RS10870","N900_RS10870",NA
"2152","N900_RS10875","N900_RS10875",NA
"2153","N900_RS10880","N900_RS10880",3
"2154","N900_RS10885","flhD",3
"2155","N900_RS10890","flhC",3
"2156","N900_RS10895","eexS",3
"2157","N900_RS10900","trag",2
"2158","N900_RS10905","trah",3
"2159","N900_RS10910","N900_RS10910",2
"2160","N900_RS10915","xerC_2",2
"2161","N900_RS10920","dfrA1",3
"2162","N900_RS10925","N900_RS10925",3
"2163","N900_RS10930","XRE family transcriptional regulator_7",3
"2164","N900_RS10935","N900_RS10935",2
"2165","N900_RS10940","AraC family transcriptional regulator_3",3
"2166","N900_RS10950","N900_RS10950",2
"2167","N900_RS10955","primase",3
"2168","N900_RS10960","N900_RS10960",3
"2169","N900_RS10965","radC_1",3
"2170","N900_RS10970","N900_RS10970",3
"2171","N900_RS10975","N900_RS10975",3
"2172","N900_RS10980","N900_RS10980",2
"2173","N900_RS10985","N900_RS10985",3
"2174","N900_RS10990","cobS",3
"2175","N900_RS10995","endonuclease",3
"2176","N900_RS11000","bet",3
"2177","N900_RS11005","ssb_2",2
"2178","N900_RS11010","N900_RS11010",1
"2179","N900_RS11015","N900_RS11015",2
"2180","N900_RS11020","endA",3
"2181","N900_RS11025","AAA family ATPase",3
"2182","N900_RS11030","IS21 family transposase",3
"2183","N900_RS11035","istB",3
"2184","N900_RS11040","N900_RS11040",3
"2185","N900_RS11045","tran",3
"2186","N900_RS11050","trau",3
"2187","N900_RS11055","N900_RS11055",3
"2188","N900_RS11060","TrhF",3
"2189","N900_RS11065","N900_RS11065",3
"2190","N900_RS11070","traC",3
"2191","N900_RS11075","dsbC_2",3
"2192","N900_RS11080","N900_RS11080",3
"2193","N900_RS11085","N900_RS11085",NA
"2194","N900_RS11090","N900_RS11090",3
"2195","N900_RS11095","traV",3
"2196","N900_RS11100","TraB",3
"2197","N900_RS11105","trak",3
"2198","N900_RS11110","traE",3
"2199","N900_RS11115","traL",2
"2200","N900_RS11120","N900_RS11120",3
"2201","N900_RS11125","N900_RS11125",3
"2202","N900_RS11130","N900_RS11130",2
"2203","N900_RS11135","N900_RS11135",3
"2204","N900_RS11140","traD",3
"2205","N900_RS11145","phosphohydrolase",3
"2206","N900_RS11150","abortive infection protein",1
"2207","N900_RS11155","N900_RS11155",3
"2208","N900_RS11160","brxL",3
"2209","N900_RS11165","pglz",2
"2210","N900_RS11170","pglX",3
"2211","N900_RS11175","brxC",3
"2212","N900_RS11180","N900_RS11180",3
"2213","N900_RS11185","N900_RS11185",1
"2214","N900_RS11190","N900_RS11190",2
"2215","N900_RS11195","N900_RS11195",2
"2216","N900_RS11200","dinG_2",3
"2217","N900_RS11205","N900_RS11205",3
"2218","N900_RS11210","umuD",3
"2219","N900_RS11215","umuC_1",3
"2220","N900_RS11220","Pseudogene_N900_RS11220",3
"2221","N900_RS11225","IS256 family transposase_D3",NA
"2222","N900_RS11230","IS256 family transposase_D4",NA
"2223","N900_RS11235","Pseudogene_N900_RS11235",NA
"2224","N900_RS11240","sul2",1
"2225","N900_RS11245","aph(3'')-Ib",2
"2226","N900_RS11250","aph(6)-Id",2
"2227","N900_RS11255","IS91 family transposase_2",1
"2228","N900_RS11260","hdfR_2",3
"2229","N900_RS11265","floR",3
"2230","N900_RS11270","N900_RS11270",2
"2231","N900_RS11275","IS91 family transposase_1",1
"2232","N900_RS11280","N900_RS11280",3
"2233","N900_RS11285","Tn3 family transposase",NA
"2234","N900_RS11290","Pseudogene_N900_RS11290",2
"2235","N900_RS11295","umuC",3
"2236","N900_RS11300","mobI",2
"2237","N900_RS11305","stba",3
"2238","N900_RS11310","N900_RS11310",2
"2239","N900_RS11315","intS",2
"2240","N900_RS11320","DNA mismatch repair protein",3
"2241","N900_RS11325","N900_RS11325",1
"2242","N900_RS11330","c-di-GMP phosphodiesterase A-related protein",NA
"2243","N900_RS11335","rimI",2
"2244","N900_RS11340","DNA polymerase III subunit psi",NA
"2245","N900_RS11345","N-acetyltransferase_2",3
"2246","N900_RS11350","ubiT",3
"2247","N900_RS11355","bifunctional diguanylate cyclase/phosphodiesterase_1",3
"2248","N900_RS11360","ubiU",2
"2249","N900_RS11365","ubiV",3
"2250","N900_RS11370","vcrM",3
"2251","N900_RS11375","MarR family transcriptional regulator",3
"2252","N900_RS11380","nlpI",3
"2253","N900_RS11385","pnp",2
"2254","N900_RS11390","rpsO",NA
"2255","N900_RS11395","truB",3
"2256","N900_RS11400","rbfA",NA
"2257","N900_RS11405","infB",NA
"2258","N900_RS11410","nusA",NA
"2259","N900_RS11415","rimP",NA
"2260","N900_RS11420","tRNA-Met_4",NA
"2261","N900_RS11425","tRNA-Leu_5",NA
"2262","N900_RS11430","secG",2
"2263","N900_RS11435","N900_RS11435",2
"2264","N900_RS11440","glmM",NA
"2265","N900_RS11445","folP",2
"2266","N900_RS11450","ftsH",NA
"2267","N900_RS11455","rlmE",2
"2268","N900_RS11460","yhbY",2
"2269","N900_RS11465","greA",2
"2270","N900_RS11470","ompU",3
"2271","N900_RS11475","dacB",3
"2272","N900_RS11480","tyrS_1",NA
"2273","N900_RS11485","mepM_1",2
"2274","N900_RS11490","vexF",3
"2275","N900_RS11495","vexE",3
"2276","N900_RS11500","erpA",NA
"2277","N900_RS11510","hemL",NA
"2278","N900_RS11520","ydiK",2
"2279","N900_RS11525","rsmC",2
"2280","N900_RS11530","chiS",2
"2281","N900_RS11540","ABC transporter substrate-binding protein_1",3
"2282","N900_RS11545","dppB_1",3
"2283","N900_RS11550","dppC_1",3
"2284","N900_RS11555","oppD_2",3
"2285","N900_RS11560","oppF_2",3
"2286","N900_RS11565","endoglucanase-related protein",3
"2287","N900_RS11570","N-acetylglucosamine kinase",3
"2288","N900_RS11575","exoI",2
"2289","N900_RS11580","chbP",2
"2290","N900_RS11585","pgm_2",3
"2291","N900_RS11590","phnT",3
"2292","N900_RS11595","iron ABC transporter permease",3
"2293","N900_RS11600","futA1",3
"2294","N900_RS11605","amtB",3
"2295","N900_RS11610","glnK",1
"2296","N900_RS11615","VC_0605_BLAST",2
"2297","N900_RS11620","acnB",NA
"2298","N900_RS11625","N900_RS11625",2
"2299","N900_RS11630","mrcB",2
"2300","N900_RS11635","hrpB",3
"2301","N900_RS11640","alpha/beta fold hydrolase",3
"2302","N900_RS11645","sfsA",3
"2303","N900_RS11650","dksA",3
"2304","N900_RS11655","gluQ",3
"2305","N900_RS11660","pcnB",3
"2306","N900_RS11665","folK_2",NA
"2307","N900_RS11670","panB",1
"2308","N900_RS11675","panC",NA
"2309","N900_RS11680","yadH",3
"2310","N900_RS11685","yadG",3
"2311","N900_RS11690","bicA",3
"2312","N900_RS11695","can",1
"2313","N900_RS11695","can",1
"2314","N900_RS11700","hpt",2
"2315","N900_RS11705","luxR_2",3
"2316","N900_RS11710","rsmI",1
"2317","N900_RS11715","lpoA",NA
"2318","N900_RS11720","VC_0580_BLAST",3
"2319","N900_RS11725","gmhA/diaA",NA
"2320","N900_RS11730","hemolysin, putative",2
"2321","N900_RS11735","sspB",2
"2322","N900_RS11740","sspA",2
"2323","N900_RS11745","petC",3
"2324","N900_RS11750","petB",3
"2325","N900_RS11755","petA",3
"2326","N900_RS11760","rpsI",NA
"2327","N900_RS11765","rplM",NA
"2328","N900_RS11775","zape",3
"2329","N900_RS11780","yhcB",2
"2330","N900_RS11785","degq",1
"2331","N900_RS11790","degS",NA
"2332","N900_RS11795","rplS",NA
"2333","N900_RS11800","trmD",NA
"2334","N900_RS11805","rimM",NA
"2335","N900_RS11810","rpsP",NA
"2336","N900_RS11815","ffh",NA
"2337","N900_RS11820","ypjd",2
"2338","N900_RS11825","yfjD",3
"2339","N900_RS11830","luxS",2
"2340","N900_RS11835","gshA",3
"2341","N900_RS11840","protease, insulinase family/protease, insulinase family",3
"2342","N900_RS11845","yqaA",3
"2343","N900_RS11850","qorA",3
"2344","N900_RS11855","gcdB",3
"2345","N900_RS11860","oadA_2",3
"2346","N900_RS11865","oadG_2",3
"2347","N900_RS11870","N900_RS11870",3
"2348","N900_RS11875","tRNA-Arg_6",NA
"2349","N900_RS11880","tRNA-Arg_1",NA
"2350","N900_RS11885","tRNA-Arg_5",NA
"2351","N900_RS11890","tRNA-OTHER",NA
"2352","N900_RS11895","tRNA-Arg_4",NA
"2353","N900_RS11900","tRNA-Ser_3",NA
"2354","N900_RS11905","tRNA-Arg_3",NA
"2355","N900_RS11910","tRNA-Ser_1",NA
"2356","N900_RS11915","csrA",3
"2357","N900_RS11920","aspartate kinase",2
"2358","N900_RS11925","alaS",NA
"2359","N900_RS11930","recX",3
"2360","N900_RS11935","recA",NA
"2361","N900_RS11940","pncC",2
"2362","N900_RS11945","cysA",1
"2363","N900_RS11950","cysW",3
"2364","N900_RS11955","cysT",2
"2365","N900_RS11960","cysP",3
"2366","N900_RS11965","cysM",3
"2367","N900_RS11970","mutS",3
"2368","N900_RS11975","rpoS",3
"2369","N900_RS11980","nlpD",2
"2370","N900_RS11985","pcm",3
"2371","N900_RS11990","SurE",3
"2372","N900_RS11995","truD",3
"2373","N900_RS12000","ispF",NA
"2374","N900_RS12005","ispD",NA
"2375","N900_RS12010","ftsB",NA
"2376","N900_RS12015","uppP",3
"2377","N900_RS12020","folK_1",3
"2378","N900_RS12025","folB",NA
"2379","N900_RS12030","plsY",3
"2380","N900_RS12035","catD",2
"2381","N900_RS12040","tsaD",NA
"2382","N900_RS12045","rpsU",NA
"2383","N900_RS12050","yqey",NA
"2384","N900_RS12055","dnaG",NA
"2385","N900_RS12060","rpoD",NA
"2386","N900_RS12065","tRNA-Met_6",NA
"2387","N900_RS12070","intA_4",2
"2388","N900_RS12075","cdgJ_3",NA
"2389","N900_RS12080","pctB_2",3
"2390","N900_RS12085","AraC family transcriptional regulator_2",2
"2391","N900_RS12095","insN_BLAST_D2",NA
"2392","N900_RS12100","N900_RS12100",3
"2393","N900_RS12105","marr_1",2
"2394","N900_RS12110","N900_RS12110",3
"2395","N900_RS12115","N900_RS12115",1
"2396","N900_RS12120","N900_RS12120",3
"2397","N900_RS12125","GNAT family N-acetyltransferase_1",3
"2398","N900_RS12130","ABC transporter substrate-binding protein_4",3
"2399","N900_RS12135","glmS",3
"2400","N900_RS12140","DeoR/GlpR transcriptional regulator",3
"2401","N900_RS12145","pykF",3
"2402","N900_RS12150","oxidative stress defense protein",3
"2403","N900_RS12155","argp",3
"2404","N900_RS12160","argO",2
"2405","N900_RS12165","mscS_1",2
"2406","N900_RS12170","N900_RS12170",NA
"2407","N900_RS12175","fbaA",NA
"2408","N900_RS12180","pgk",NA
"2409","N900_RS12185","epd",3
"2410","N900_RS12190","cirA",3
"2411","N900_RS12195","irgB",3
"2412","N900_RS12200","Pseudogene_N900_RS12200",2
"2413","N900_RS12210","metK",NA
"2414","N900_RS12215","sprt",3
"2415","N900_RS12220","xds_2",2
"2416","N900_RS12225","rsmE",3
"2417","N900_RS12230","gshB",1
"2418","N900_RS12235","VC_0467_BLAST",3
"2419","N900_RS12240","ruvX",NA
"2420","N900_RS12245","tyrS",2
"2421","N900_RS12250","luxR_1",3
"2422","N900_RS12255","pilT_1",3
"2423","N900_RS12260","pilT_2",3
"2424","N900_RS12265","yggs",3
"2425","N900_RS12270","proC",2
"2426","N900_RS12275","yggt",3
"2427","N900_RS12280","VC_0458_BLAST",3
"2428","N900_RS12285","N900_RS12285",1
"2429","N900_RS12290","rdgB",2
"2430","N900_RS12295","hemW",2
"2431","N900_RS12300","glsA2",2
"2432","N900_RS12305","trmB",3
"2433","N900_RS12310","mutY",2
"2434","N900_RS12315","yggX",1
"2435","N900_RS12320","mltC",1
"2436","N900_RS12325","metG_BLAST_D1",NA
"2437","N900_RS12330","tRNA-Thr_4",NA
"2438","N900_RS12335","tRNA-Phe",NA
"2439","N900_RS12340","YDR445C_BLAST_D1",NA
"2440","N900_RS12345","mcpP_2",3
"2441","N900_RS12350","metG_BLAST_D2",NA
"2442","N900_RS12355","tRNA-Thr_3",NA
"2443","N900_RS12360","YDR445C_BLAST_D2",NA
"2444","N900_RS12365","djlA",2
"2445","N900_RS12370","lptD",NA
"2446","N900_RS12375","surA",NA
"2447","N900_RS12380","pdxa",NA
"2448","N900_RS12385","rsmA",3
"2449","N900_RS12390","apaG",3
"2450","N900_RS12395","apaH",2
"2451","N900_RS12400","folA",3
"2452","N900_RS12405","yjjB_BLAST",3
"2453","N900_RS12410","Probable succinate transporter subunit YjjP_BLAST",3
"2454","N900_RS12415","cgtA",NA
"2455","N900_RS12420","rpmA",NA
"2456","N900_RS12425","rplU",NA
"2457","N900_RS12430","ispB",NA
"2458","N900_RS12435","Pseudogene_N900_RS12435",3
"2459","N900_RS12445","mdh",3
"2460","N900_RS12450","argR",3
"2461","N900_RS12455","C4-dicarboxylate ABC transporter substrate-binding protein_1",2
"2462","N900_RS12460","dctM_1",3
"2463","N900_RS12465","uspF",3
"2464","N900_RS12470","N900_RS12470",3
"2465","N900_RS12475","N900_RS12475",3
"2466","N900_RS12480","rraB",3
"2467","N900_RS12485","arcA_1",3
"2468","N900_RS12490","tldD",3
"2469","N900_RS12495","nit1",3
"2470","N900_RS12500","N900_RS12500",3
"2471","N900_RS12505","rng",3
"2472","N900_RS12510","Maf",2
"2473","N900_RS12515","mreD",NA
"2474","N900_RS12520","mreC",NA
"2475","N900_RS12525","mreB",NA
"2476","N900_RS12530","mshQ",3
"2477","N900_RS12535","mshP",1
"2478","N900_RS12540","mshO",3
"2479","N900_RS12545","type II secretion system protein",2
"2480","N900_RS12550","mshC",3
"2481","N900_RS12555","mshA",3
"2482","N900_RS12560","MSHA pilin protein MshB",3
"2483","N900_RS12565","mshf",3
"2484","N900_RS12570","mshG",3
"2485","N900_RS12575","mshE",3
"2486","N900_RS12580","MSHA biogenesis protein MshN",3
"2487","N900_RS12585","mshM",3
"2488","N900_RS12590","mshL",3
"2489","N900_RS12595","mshk",3
"2490","N900_RS12600","pilO_1",3
"2491","N900_RS12605","mshi",3
"2492","N900_RS12610","csrD",3
"2493","N900_RS12615","ssb_1",NA
"2494","N900_RS12620","malT_1",3
"2495","N900_RS12625","galU",3
"2496","N900_RS12630","uvrA",3
"2497","N900_RS12635","ligase",3
"2498","N900_RS12640","pucG",3
"2499","N900_RS12645","lysC",3
"2500","N900_RS12650","metH",3
"2501","N900_RS12655","nhaP",3
"2502","N900_RS12660","AtMg01060_BLAST_D4",NA
"2503","N900_RS12665","rrf_D5",NA
"2504","N900_RS12670","rRNA-23S_6",NA
"2505","N900_RS12675","tRNA-Ala_2",NA
"2506","N900_RS12680","tRNA-Ile_2",NA
"2507","N900_RS12685","rRNA-16S_1",NA
"2508","N900_RS12690","cysH",3
"2509","N900_RS12695","cysI",3
"2510","N900_RS12700","assimilatory sulfite reductase (NADPH) flavoprotein subunit",2
"2511","N900_RS12705","N900_RS12705",2
"2512","N900_RS12710","N900_RS12710",2
"2513","N900_RS12715","TIGR04219 family outer membrane beta-barrel protein",2
"2514","N900_RS12720","pspG",1
"2515","N900_RS12725","dusA",3
"2516","N900_RS12730","zur",1
"2517","N900_RS12735","chex",3
"2518","N900_RS12740","MBL fold metallo-hydrolase_2",3
"2519","N900_RS12745","pgi",3
"2520","N900_RS12750","yjbQ_BLAST",2
"2521","N900_RS12755","alr",NA
"2522","N900_RS12760","dnaB",NA
"2523","N900_RS12765","N900_RS12765",3
"2524","N900_RS12770","rplI",NA
"2525","N900_RS12775","rpsR",NA
"2526","N900_RS12780","priB",NA
"2527","N900_RS12785","rpsF",NA
"2528","N900_RS12790","bfr",2
"2529","N900_RS12795","bfd",1
"2530","N900_RS12800","tufB_1",NA
"2531","N900_RS12805","fusA",NA
"2532","N900_RS12810","rpsG",NA
"2533","N900_RS12815","rpsL",NA
"2534","N900_RS12820","dsrH",NA
"2535","N900_RS12825","tusC",NA
"2536","N900_RS12830","tusD",NA
"2537","N900_RS12835","dauR",3
"2538","N900_RS12840","fkpA",2
"2539","N900_RS12845","N900_RS12845",3
"2540","N900_RS12850","slyx",1
"2541","N900_RS12855","N900_RS12855",3
"2542","N900_RS12860","hflC",2
"2543","N900_RS12865","hflK",2
"2544","N900_RS12870","hflX",2
"2545","N900_RS12875","hfq",2
"2546","N900_RS12880","miaA",3
"2547","N900_RS12885","mutL",3
"2548","N900_RS12890","N-acetylmuramoyl-L-alanine amidase",2
"2549","N900_RS12895","tsaE",NA
"2550","N900_RS12900","queG",3
"2551","N900_RS12905","tRNA-Met_3",NA
"2552","N900_RS12910","tRNA-Met_7",NA
"2553","N900_RS12915","tRNA-Met_1",NA
"2554","N900_RS12920","tRNA-Gly_4",NA
"2555","N900_RS12925","tRNA-Met_2",NA
"2556","N900_RS12930","tRNA-Gly_3",NA
"2557","N900_RS12935","tRNA-Gly_2",NA
"2558","N900_RS12940","tRNA-Gly_1",NA
"2559","N900_RS12945","orn",NA
"2560","N900_RS12950","rsgA",1
"2561","N900_RS12955","psd",NA
"2562","N900_RS12960","SLC13 family permease_2",3
"2563","N900_RS12965","DMT family transporter_1",3
"2564","N900_RS12970","gpmM",NA
"2565","N900_RS12975","envc",3
"2566","N900_RS12980","N900_RS12980",3
"2567","N900_RS12985","TetR/AcrR family transcriptional regulator_1",3
"2568","N900_RS12990","hemE",NA
"2569","N900_RS12995","nudC",3
"2570","N900_RS13000","rsd",2
"2571","N900_RS13005","rpoC",NA
"2572","N900_RS13010","rpoB",NA
"2573","N900_RS13015","rplL",NA
"2574","N900_RS13020","rplJ",NA
"2575","N900_RS13025","rplA",NA
"2576","N900_RS13030","rplK",NA
"2577","N900_RS13035","nusG",NA
"2578","N900_RS13040","secE",NA
"2579","N900_RS13045","tufB_2",NA
"2580","N900_RS13050","tRNA-Thr_2",NA
"2581","N900_RS13055","tRNA-Gly_7",NA
"2582","N900_RS13060","tRNA-Tyr_1",NA
"2583","N900_RS13065","tRNA-Thr_1",NA
"2584","N900_RS13070","coaA",NA
"2585","N900_RS13075","birA",NA
"2586","N900_RS13080","murB",NA
"2587","N900_RS13085","N-acetyltransferase_3",3
"2588","N900_RS13095","pssA",NA
"2589","N900_RS13100","AtMg01060_BLAST_D5",NA
"2590","N900_RS13105","rrf_D6",NA
"2591","N900_RS13110","rRNA-23S_2",NA
"2592","N900_RS13115","tRNA-Ala_1",NA
"2593","N900_RS13120","tRNA-Ile_1",NA
"2594","N900_RS13125","rRNA-16S_2",NA
"2595","N900_RS13130","fre",2
"2596","N900_RS13135","paaE",3
"2597","N900_RS13140","ubiD",NA
"2598","N900_RS13145","N900_RS13145",2
"2599","N900_RS13150","rho",NA
"2600","N900_RS13155","trxA",1
"2601","N900_RS13160","rhlB",2
"2602","N900_RS13165","gppA",3
"2603","N900_RS13170","rcsC_8",3
"2604","N900_RS13175","hcaT",3
"2605","N900_RS13180","N900_RS13180",2
"2606","N900_RS13185","N900_RS13185",3
"2607","N900_RS13190","polC_2",1
"2608","N900_RS13195","acs_1",3
"2609","N900_RS13200","aroQ",3
"2610","N900_RS13205","accB",NA
"2611","N900_RS13210","accC",NA
"2612","N900_RS13215","prmA",3
"2613","N900_RS13220","dusB",2
"2614","N900_RS13225","fis",1
"2615","N900_RS13230","gntR_2",3
"2616","N900_RS13235","edd",2
"2617","N900_RS13240","gntK",3
"2618","N900_RS13245","ygbN",3
"2619","N900_RS13250","eda",2
"2620","N900_RS13255","cntO",3
"2621","N900_RS13260","TonB-dependent receptor_1",2
"2622","N900_RS13265","peptidase_3",3
"2623","N900_RS13270","methyl-accepting chemotaxis protein_12",3
"2624","N900_RS13275","cada",3
"2625","N900_RS13280","cadB",3
"2626","N900_RS13285","cadc",3
"2627","N900_RS13290","zntR",NA
"2628","N900_RS13295","N900_RS13295",2
"2629","N900_RS13300","purH",3
"2630","N900_RS13305","purD",3
"2631","N900_RS13310","N900_RS13310",3
"2632","N900_RS13315","hupA",2
"2633","N900_RS13325","HlyC/CorC family transporter_1",3
"2634","N900_RS13330","fructokinase",2
"2635","N900_RS13335","manA",2
"2636","N900_RS13340","VC_0268",1
"2637","N900_RS13345","VC_0267",3
"2638","N900_RS13350","VC_0266",3
"2639","N900_RS13355","VC_0265",3
"2640","N900_RS13360","rjg",3
"2641","N900_RS13365","wbeW",3
"2642","N900_RS13370","galE",3
"2643","N900_RS13375","wbeV",2
"2644","N900_RS13380","wbeU",2
"2645","N900_RS13385","wbeT",2
"2646","N900_RS13400","wbeO",2
"2647","N900_RS13405","wbeN",3
"2648","N900_RS13410","wbeM",3
"2649","N900_RS13415","wbeL",3
"2650","N900_RS13420","wbeK",1
"2651","N900_RS13425","wzt",1
"2652","N900_RS13430","wzm",2
"2653","N900_RS13435","wbeG",2
"2654","N900_RS13440","wbeE",2
"2655","N900_RS13445","gmd",3
"2656","N900_RS13450","manB",2
"2657","N900_RS13455","manC",3
"2658","N900_RS13460","hldD",3
"2659","N900_RS13465","wavL",3
"2660","N900_RS13470","wavK",3
"2661","N900_RS13475","waaL",2
"2662","N900_RS13480","waaF",2
"2663","N900_RS13485","wavJ",3
"2664","N900_RS13490","wavI",3
"2665","N900_RS13495","waaA",NA
"2666","N900_RS13500","wavH",3
"2667","N900_RS13505","wavG",3
"2668","N900_RS13510","wavF",3
"2669","N900_RS13515","wavE",3
"2670","N900_RS13520","wavD",2
"2671","N900_RS13525","wavC",NA
"2672","N900_RS13530","waaC",3
"2673","N900_RS13535","wavB",1
"2674","N900_RS13540","wavA",3
"2675","N900_RS13545","coaD",NA
"2676","N900_RS13550","mutM",3
"2677","N900_RS13555","N900_RS13555",2
"2678","N900_RS13560","rpmG",NA
"2679","N900_RS13565","rpmB",NA
"2680","N900_RS13570","VC0395_A2597_BLAST",2
"2681","N900_RS13575","methyl-accepting chemotaxis protein_10",2
"2682","N900_RS13580","coaBC",NA
"2683","N900_RS13585","slmA",1
"2684","N900_RS13590","lpxL",NA
"2685","N900_RS13595","lpxN",3
"2686","N900_RS13600","pyrE",3
"2687","N900_RS13605","rph",1
"2688","N900_RS13610","yicc",2
"2689","N900_RS13615","VC0395_A2587_BLAST",3
"2690","N900_RS13620","murP",3
"2691","N900_RS13625","murQ_2",3
"2692","N900_RS13630","N900_RS13630",NA
"2693","N900_RS13635","murr",3
"2694","N900_RS13640","fhuB",3
"2695","N900_RS13645","fhuD",1
"2696","N900_RS13650","fhuC",3
"2697","N900_RS13655","TonB-dependent siderophore receptor",3
"2698","N900_RS13660","ABC transporter ATP-binding protein_1",3
"2699","N900_RS13665","N900_RS13665",3
"2700","N900_RS13670","gene 3 protein-related protein",2
"2701","N900_RS13675","recQ",3
"2702","N900_RS13680","rarD",3
"2703","N900_RS13685","ggt",3
"2704","N900_RS13690","rhaS_2",3
"2705","N900_RS13695","rhtC",3
"2706","N900_RS13700","uvrD",2
"2707","N900_RS13705","prlC",3
"2708","N900_RS13710","rlmj",3
"2709","N900_RS13715","gorA",2
"2710","N900_RS13720","site-specific integrase",3
"2711","N900_RS13725","N900_RS13725",3
"2712","N900_RS13730","N900_RS13730",2
"2713","N900_RS13735","kfrA_1",2
"2714","N900_RS13740","cap3_BLAST",2
"2715","N900_RS13745","cap2_BLAST",3
"2716","N900_RS13750","dncV",3
"2717","N900_RS13755","capV",3
"2718","N900_RS13760","N900_RS13760",NA
"2719","N900_RS13765","vspR",1
"2720","N900_RS13770","XRE family transcriptional regulator_8",2
"2721","N900_RS13775","N900_RS13775",NA
"2722","N900_RS13780","tadA_2",2
"2723","N900_RS13785","sporulation protein",3
"2724","N900_RS13790","dppC_2",3
"2725","N900_RS13795","dppB_2",3
"2726","N900_RS13800","dppA",2
"2727","N900_RS13805","nikE",3
"2728","N900_RS13810","N900_RS13810",2
"2729","N900_RS13815","N900_RS13815",3
"2730","N900_RS13820","tRNA-Pro_2",NA
"2731","N900_RS13825","tRNA-His_2",NA
"2732","N900_RS13830","tRNA-Pro_1",NA
"2733","N900_RS13835","tRNA-His_1",NA
"2734","N900_RS13840","tRNA-Arg_2",NA
"2735","N900_RS13845","cytochrome c5",3
"2736","N900_RS13850","rep",NA
"2737","N900_RS13855","TetR/AcrR family transcriptional regulator_3",2
"2738","N900_RS13860","vexA",3
"2739","N900_RS13865","vexB",3
"2740","N900_RS13870","ubik",2
"2741","N900_RS13875","ilvC",1
"2742","N900_RS13880","ilvY",2
"2743","N900_RS13885","tRNA-Ser_2",NA
"2744","N900_RS13890","rrf_8",NA
"2745","N900_RS13895","rRNA-23S_7",NA
"2746","N900_RS13900","tRNA-Val_3",NA
"2747","N900_RS13905","tRNA-Lys",NA
"2748","N900_RS13910","Atg2a_BLAST_D3",NA
"2749","N900_RS13915","rRNA-16S_3",NA
"2750","N900_RS13920","N900_RS13920",NA
"2751","N900_RS13925","hemG",NA
"2752","N900_RS13930","trkh",2
"2753","N900_RS13935","yigz",3
"2754","N900_RS13940","fadB",3
"2755","N900_RS13945","fadA",3
"2756","N900_RS13950","lysr_4",3
"2757","N900_RS13955","ydhC_1",2
"2758","N900_RS13960","glmU",NA
"2759","N900_RS13965","atpC",NA
"2760","N900_RS13970","atpD",1
"2761","N900_RS13975","atpG",NA
"2762","N900_RS13980","atpA",NA
"2763","N900_RS13985","atpH",1
"2764","N900_RS13990","atpF",NA
"2765","N900_RS13995","atpE",NA
"2766","N900_RS14000","atpB",NA
"2767","N900_RS14005","F0F1 ATP synthase subunit I",1
"2768","N900_RS14010","parb",3
"2769","N900_RS14015","soj_2",3
"2770","N900_RS14020","rsmG",3
"2771","N900_RS14025","mnmG",2
"2772","N900_RS14030","rnpB",NA
"2773","N900_RS14035","rctB",NA
"2774","N900_RS14040","N900_RS14040",2
"2775","N900_RS14045","N900_RS14045",3
"2776","N900_RS14050","N900_RS14050",3
"2777","N900_RS14055","yeeN",1
"2778","N900_RS14060","garR",3
"2779","N900_RS14065","pctC_2",1
"2780","N900_RS14070","N900_RS14070",3
"2781","N900_RS14075","yibl",2
"2782","N900_RS14080","malT",3
"2783","N900_RS14085","glgP",2
"2784","N900_RS14090","malQ",3
"2785","N900_RS14095","glgB",3
"2786","N900_RS14100","hcp-2_D2",1
"2787","N900_RS14105","tssI_3",2
"2788","N900_RS14110","vasW",2
"2789","N900_RS14115","vasX",3
"2790","N900_RS14120","tsiV2",1
"2791","N900_RS14125","yecN",3
"2792","N900_RS14130","acyltransferase_2",3
"2793","N900_RS14135","AEC family transporter_2",3
"2794","N900_RS14140","nadC_2",2
"2795","N900_RS14145","VC_A0026_BLAST",3
"2796","N900_RS14150","chiA",1
"2797","N900_RS14155","N900_RS14155",2
"2798","N900_RS14160","allR",2
"2799","N900_RS14165","arginase",3
"2800","N900_RS14170","methyl-accepting chemotaxis protein_28",2
"2801","N900_RS14175","N900_RS14175",1
"2802","N900_RS14180","PhoX family phosphatase",3
"2803","N900_RS14185","N900_RS14185",3
"2804","N900_RS14190","phosphatidylglycerophosphatase B, putative",3
"2805","N900_RS14195","sstT",3
"2806","N900_RS14200","copper chaperone PCu(A)C",3
"2807","N900_RS14205","Sco1-related protein",1
"2808","N900_RS14210","N900_RS14210",1
"2809","N900_RS14215","VC_A0040_BLAST",3
"2810","N900_RS14220","gltS",3
"2811","N900_RS14225","VC_A0042_BLAST",3
"2812","N900_RS14230","N-acetyltransferase_7",2
"2813","N900_RS14235","tolB_2",3
"2814","N900_RS14240","yiaV",3
"2815","N900_RS14245","yiaW",2
"2816","N900_RS14250","N900_RS14250",2
"2817","N900_RS14255","N900_RS14255",3
"2818","N900_RS14260","N900_RS14260",2
"2819","N900_RS14265","deoD_2",3
"2820","N900_RS14270","N900_RS14270",1
"2821","N900_RS14275","N900_RS14275",3
"2822","N900_RS14280","merr",2
"2823","N900_RS14285","phrB_2",3
"2824","N900_RS14290","ycfS",2
"2825","N900_RS14295","lpp",1
"2826","N900_RS14305","ATP-dependent helicase_1",NA
"2827","N900_RS14310","ptrB",3
"2828","N900_RS14315","tonb",3
"2829","N900_RS14320","N900_RS14320",3
"2830","N900_RS14325","N900_RS14325",3
"2831","N900_RS14330","hutR",3
"2832","N900_RS14335","methyl-accepting chemotaxis protein_26",2
"2833","N900_RS14340","pstS1_1",3
"2834","N900_RS14345","pstC",3
"2835","N900_RS14350","pstA_2",2
"2836","N900_RS14355","phosphate ABC transporter ATP-binding protein",2
"2837","N900_RS14360","N900_RS14360",3
"2838","N900_RS14365","molybdopterin-dependent oxidoreductase",1
"2839","N900_RS14370","N900_RS14370",3
"2840","N900_RS14375","dauA",3
"2841","N900_RS14380","1,4-alpha-glucan-branching protein",3
"2842","N900_RS14385","shyA_BLAST",2
"2843","N900_RS14390","N900_RS14390",3
"2844","N900_RS14395","pgrR",3
"2845","N900_RS14400","mdtL_2",3
"2846","N900_RS14405","soxR",2
"2847","N900_RS14410","MFS transporter_3",3
"2848","N900_RS14415","N900_RS14415",3
"2849","N900_RS14420","N900_RS14420",NA
"2850","N900_RS14425","gltP_2",2
"2851","N900_RS14430","eamA_9",3
"2852","N900_RS14435","VC_A0091_BLAST",3
"2853","N900_RS14440","triacylglycerol lipase",3
"2854","N900_RS14455","N900_RS14455",3
"2855","N900_RS14460","N900_RS14460",3
"2856","N900_RS14465","NUDIX hydrolase_1",3
"2857","N900_RS14470","pncB",1
"2858","N900_RS14475","ydgJ",2
"2859","N900_RS14480","phage shock protein E",3
"2860","N900_RS14485","N900_RS14485",3
"2861","N900_RS14490","HAD family phosphatase",2
"2862","N900_RS14495","SulP family inorganic anion transporter_2",3
"2863","N900_RS14500","RluA family pseudouridine synthase",3
"2864","N900_RS14505","type VI secretion system PAAR protein_2",3
"2865","N900_RS14510","N900_RS14510",3
"2866","N900_RS14515","tssB",2
"2867","N900_RS14520","tssC",3
"2868","N900_RS14525","tssE",3
"2869","N900_RS14530","tssF",3
"2870","N900_RS14535","tssG",3
"2871","N900_RS14540","tagH",3
"2872","N900_RS14545","tssJ",2
"2873","N900_RS14550","tssK",3
"2874","N900_RS14555","vasF",2
"2875","N900_RS14560","tssH",3
"2876","N900_RS14565","vasH",3
"2877","N900_RS14570","tagO",3
"2878","N900_RS14575","tssA",2
"2879","N900_RS14580","tssM",3
"2880","N900_RS14585","vasL",3
"2881","N900_RS14590","N900_RS14590",3
"2882","N900_RS14595","tssI_2",2
"2883","N900_RS14600","tsiV3",2
"2884","N900_RS14605","N900_RS14605",2
"2885","N900_RS14615","rbsD",3
"2886","N900_RS14620","rbsA",3
"2887","N900_RS14625","rbsC",3
"2888","N900_RS14630","rbsB",3
"2889","N900_RS14635","rbsK",2
"2890","N900_RS14640","laci_2",1
"2891","N900_RS14645","pnuC",3
"2892","N900_RS14650","Nicotinamide riboside transporter PnuC_BLAST",1
"2893","N900_RS14655","udp_2",3
"2894","N900_RS14660","Crp/Fnr family transcriptional regulator_2",3
"2895","N900_RS14665","glpQ",3
"2896","N900_RS14670","glpT",3
"2897","N900_RS14675","N900_RS14675",3
"2898","N900_RS14680","spindolin",3
"2899","N900_RS14685","sensor histidine kinase_4",2
"2900","N900_RS14690","dctD_2",3
"2901","N900_RS14695","N900_RS14695",NA
"2902","N900_RS14700","C4-dicarboxylate ABC transporter substrate-binding protein_2",3
"2903","N900_RS14705","dctM_2",2
"2904","N900_RS14710","lhgO",3
"2905","N900_RS14715","peptidase M66",2
"2906","N900_RS14720","def2",3
"2907","N900_RS14725","oxidoreductase",3
"2908","N900_RS14730","mrpG",3
"2909","N900_RS14735","cation:proton antiporter",3
"2910","N900_RS14740","mrpE",1
"2911","N900_RS14745","mnhD",3
"2912","N900_RS14750","mrpC",2
"2913","N900_RS14755","mrpA",3
"2914","N900_RS14760","N900_RS14760",2
"2915","N900_RS14765","uspA_2",1
"2916","N900_RS14770","tryptophan-specific transporter",3
"2917","N900_RS14775","tnaA",2
"2918","N900_RS14785","ypeB_BLAST",3
"2919","N900_RS14790","transpeptidase",NA
"2920","N900_RS14795","N900_RS14795",3
"2921","N900_RS14800","cspV_1",1
"2922","N900_RS14805","N900_RS14805",2
"2923","N900_RS14810","batD",3
"2924","N900_RS14815","N900_RS14815",2
"2925","N900_RS14820","N900_RS14820",3
"2926","N900_RS14825","N900_RS14825",3
"2927","N900_RS14830","N900_RS14830",3
"2928","N900_RS14835","MoxR family ATPase",3
"2929","N900_RS14840","methyl-accepting chemotaxis protein_20",3
"2930","N900_RS14845","chromosome segregation ATPase_2",2
"2931","N900_RS14850","frnE protein",3
"2932","N900_RS14855","psuT",3
"2933","N900_RS14860","pepT",3
"2934","N900_RS14865","mscS_2",3
"2935","N900_RS14870","norR",3
"2936","N900_RS14875","hmpA",3
"2937","N900_RS14880","cspV_2",NA
"2938","N900_RS14885","arfA",2
"2939","N900_RS14890","N900_RS14890",1
"2940","N900_RS14895","N900_RS14895",2
"2941","N900_RS14900","rcsC_9",3
"2942","N900_RS14905","N900_RS14905",3
"2943","N900_RS14910","NAD(P)H-hydrate dehydratase",3
"2944","N900_RS14915","ldhA",3
"2945","N900_RS14920","Na+/H+ antiporter, putative",3
"2946","N900_RS14925","potassium channel protein",3
"2947","N900_RS14930","N900_RS14930",2
"2948","N900_RS14935","N900_RS14935",2
"2949","N900_RS14940","guaC",2
"2950","N900_RS14945","DNA cytosine methyltransferase",2
"2951","N900_RS14950","N900_RS14950",1
"2952","N900_RS14955","N900_RS14955",3
"2953","N900_RS14960","N900_RS14960",1
"2954","N900_RS14965","tnp_D2",NA
"2955","N900_RS14970","rhlE_2",2
"2956","N900_RS14975","dcuB",1
"2957","N900_RS14980","nadE",NA
"2958","N900_RS14985","nadD",NA
"2959","N900_RS14990","N900_RS14990",3
"2960","N900_RS14995","VC_A0210_BLAST",3
"2961","N900_RS15000","rcsC_10",3
"2962","N900_RS15005","N900_RS15005",3
"2963","N900_RS15010","N900_RS15010",3
"2964","N900_RS15015","emrD",2
"2965","N900_RS15025","N900_RS15025",2
"2966","N900_RS15030","N900_RS15030",3
"2967","N900_RS15035","thermolabile hemolysin",2
"2968","N900_RS15040","hlyA",3
"2969","N900_RS15045","hlyB_BLAST",3
"2970","N900_RS15050","hlyC",3
"2971","N900_RS15055","lifO",3
"2972","N900_RS15060","prtV",3
"2973","N900_RS15065","N900_RS15065",2
"2974","N900_RS15070","egtC",3
"2975","N900_RS15075","siderophore ABC transporter substrate-binding protein",2
"2976","N900_RS15080","vctD",3
"2977","N900_RS15085","vctG",3
"2978","N900_RS15090","vctC",2
"2979","N900_RS15095","AraC family transcriptional regulator_5",3
"2980","N900_RS15100","vctA",2
"2981","N900_RS15105","N900_RS15105",3
"2982","N900_RS15110","ackA_2",3
"2983","N900_RS15115","N900_RS15115",2
"2984","N900_RS15120","phosphoribosyl-AMP cyclohydrolase",3
"2985","N900_RS15125","sensor histidine kinase_5",3
"2986","N900_RS15130","ctrA",3
"2987","N900_RS15135","N900_RS15135",2
"2988","N900_RS15140","ulaE",1
"2989","N900_RS15145","sgbH",3
"2990","N900_RS15150","ybhA",3
"2991","N900_RS15155","ulaF",2
"2992","N900_RS15160","ulaC",3
"2993","N900_RS15165","PTS ascorbate-specific subunit IIBC",3
"2994","N900_RS15170","ulaR",2
"2995","N900_RS15175","ulaG",3
"2996","N900_RS15180","yceJ_1",2
"2997","N900_RS15185","tam",3
"2998","N900_RS15190","antibiotic acetyltransferase_1",3
"2999","N900_RS15195","N900_RS15195",2
"3000","N900_RS15200","N900_RS15200",3
"3001","N900_RS15205","N900_RS15205",1
"3002","N900_RS15210","DNA-binding response regulator_2",3
"3003","N900_RS15215","sensor histidine kinase",3
"3004","N900_RS15220","N900_RS15220",3
"3005","N900_RS15225","copI_BLAST",3
"3006","N900_RS15230","N900_RS15230",3
"3007","N900_RS15235","N-acetyltransferase_4",2
"3008","N900_RS15240","yfiC_2",3
"3009","N900_RS15245","N900_RS15245",2
"3010","N900_RS15250","nimR_1",2
"3011","N900_RS15255","emrD3",3
"3012","N900_RS15260","methyl-accepting chemotaxis protein_21",3
"3013","N900_RS15265","hdc",3
"3014","N900_RS15270","dacA_2",2
"3015","N900_RS15275","XRE family transcriptional regulator_9",2
"3016","N900_RS15280","N900_RS15280",3
"3017","N900_RS15285","cah",3
"3018","N900_RS15290","tnp_D3",NA
"3019","N900_RS15295","gcvP",2
"3020","N900_RS15300","gcvH",2
"3021","N900_RS15305","glyA2",3
"3022","N900_RS15310","puuR",NA
"3023","N900_RS15315","gcvT",3
"3024","N900_RS15320","integrase, putative",2
"3025","N900_RS15325","tnp_D1",NA
"3026","N900_RS15330","Pseudogene_N900_RS15330",3
"3027","N900_RS15335","type VI secretion system PAAR protein_1",3
"3028","N900_RS15340","N900_RS15340",3
"3029","N900_RS15350","thrS",NA
"3030","N900_RS15355","infC",NA
"3031","N900_RS15360","rpmI",NA
"3032","N900_RS15365","rplT",NA
"3033","N900_RS15370","intIA",3
"3034","N900_RS15375","N900_RS15375",3
"3035","N900_RS15380","N900_RS15380",NA
"3036","N900_RS15385","N900_RS15385",NA
"3037","N900_RS15390","N900_RS15390",3
"3038","N900_RS15395","catB9",3
"3039","N900_RS15400","ygfF",3
"3040","N900_RS15405","N900_RS15405",NA
"3041","N900_RS15410","N900_RS15410",NA
"3042","N900_RS15415","N900_RS15415",1
"3043","N900_RS15425","N900_RS15425",NA
"3044","N900_RS15430","HNH endonuclease_2",1
"3045","N900_RS15435","VC_A0308_BLAST",3
"3046","N900_RS15440","HNH endonuclease_1",3
"3047","N900_RS15445","N900_RS15445",1
"3048","N900_RS15450","type II toxin-antitoxin system RelE/ParE family toxin_D1",NA
"3049","N900_RS15455","type II toxin-antitoxin system Phd/YefM family antitoxin_D1",NA
"3050","N900_RS15460","rppH_2",2
"3051","N900_RS15465","Pseudogene_N900_RS15465",NA
"3052","N900_RS15470","N900_RS15470",NA
"3053","N900_RS15475","speG_1",NA
"3054","N900_RS15480","blc_1",1
"3055","N900_RS15485","GNAT family N-acetyltransferase_D1",NA
"3056","N900_RS15490","N900_RS15490",NA
"3057","N900_RS15500","N900_RS15500",3
"3058","N900_RS15505","IS256 family transposase_D5",NA
"3059","N900_RS15510","type II toxin-antitoxin system YafQ family toxin",3
"3060","N900_RS15515","type II toxin-antitoxin system RelB/DinJ family antitoxin",NA
"3061","N900_RS15525","glod5_BLAST_D1",NA
"3062","N900_RS15530","N900_RS15530",NA
"3063","N900_RS15535","N900_RS15535",NA
"3064","N900_RS15545","OsmC family peroxiredoxin",3
"3065","N900_RS15550","N900_RS15550",2
"3066","N900_RS15555","toxin",2
"3067","N900_RS15560","copG",NA
"3068","N900_RS15565","N900_RS15565",3
"3069","N900_RS15570","N900_RS15570",NA
"3070","N900_RS15575","mccF_1",2
"3071","N900_RS15580","N900_RS15580",3
"3072","N900_RS15585","N900_RS15585",2
"3073","N900_RS15590","N900_RS15590",3
"3074","N900_RS15595","glod5_BLAST_D2",NA
"3075","N900_RS15600","N900_RS15600",1
"3076","N900_RS15605","N900_RS15605",NA
"3077","N900_RS15610","N900_RS15610",NA
"3078","N900_RS15615","N900_RS15615",2
"3079","N900_RS15620","H-REV 107-related protein",3
"3080","N900_RS15625","Sfri_3691_BLAST_D1",NA
"3081","N900_RS15630","type II toxin-antitoxin system mRNA interferase toxin, RelE/StbE family_D1",NA
"3082","N900_RS15635","relB_D1",NA
"3083","N900_RS15645","N900_RS15645",2
"3084","N900_RS15650","N900_RS15650",NA
"3085","N900_RS15655","VC_A0354_BLAST_1",1
"3086","N900_RS15660","lyse_2",3
"3087","N900_RS15665","N900_RS15665",2
"3088","N900_RS15670","N900_RS15670",1
"3089","N900_RS15675","N900_RS15675",3
"3090","N900_RS15680","N900_RS15680",2
"3091","N900_RS15685","parE1",3
"3092","N900_RS15690","pard",NA
"3093","N900_RS15695","N900_RS15695",3
"3094","N900_RS15705","N900_RS15705",2
"3095","N900_RS15710","N900_RS15710",NA
"3096","N900_RS15715","N900_RS15715",3
"3097","N900_RS15720","restriction endonuclease",2
"3098","N900_RS15725","N900_RS15725",2
"3099","N900_RS15730","N900_RS15730",3
"3100","N900_RS15735","N900_RS15735",NA
"3101","N900_RS15740","insN_BLAST_D3",NA
"3102","N900_RS15750","N900_RS15750",2
"3103","N900_RS15755","N900_RS15755",1
"3104","N900_RS15760","N900_RS15760",NA
"3105","N900_RS15765","N900_RS15765",NA
"3106","N900_RS15770","nitrate reductase",2
"3107","N900_RS15780","N900_RS15780",1
"3108","N900_RS15785","yiaC",1
"3109","N900_RS15790","N900_RS15790",3
"3110","N900_RS15795","type II toxin-antitoxin system RelE/ParE family toxin_D2",NA
"3111","N900_RS15800","type II toxin-antitoxin system Phd/YefM family antitoxin_D2",NA
"3112","N900_RS15805","bar",1
"3113","N900_RS15810","N900_RS15810",2
"3114","N900_RS15815","N900_RS15815",NA
"3115","N900_RS15820","Pseudogene_N900_RS15820",1
"3116","N900_RS15825","higB-1_BLAST",2
"3117","N900_RS15830","higA-1",NA
"3118","N900_RS15840","LD-carboxypeptidase",NA
"3119","N900_RS15845","Pseudogene_N900_RS15845",3
"3120","N900_RS15850","N900_RS15850",3
"3121","N900_RS15855","GNAT family N-acetyltransferase_9",2
"3122","N900_RS15860","blc_3",NA
"3123","N900_RS15865","relE_1",3
"3124","N900_RS15870","type II toxin-antitoxin system Phd/YefM family antitoxin_3",NA
"3125","N900_RS15880","hemagglutinin",2
"3126","N900_RS15885","site-specific DNA-methyltransferase",3
"3127","N900_RS15890","N900_RS15890",NA
"3128","N900_RS15895","Pseudogene_N900_RS15895",NA
"3129","N900_RS15900","N900_RS15900",3
"3130","N900_RS15905","N900_RS15905",2
"3131","N900_RS15910","N900_RS15910",2
"3132","N900_RS15915","N900_RS15915",2
"3133","N900_RS15920","Pseudogene_N900_RS15920",3
"3134","N900_RS15925","N900_RS15925",3
"3135","N900_RS15930","N900_RS15930",3
"3136","N900_RS15935","N900_RS15935",1
"3137","N900_RS15940","N900_RS15940",3
"3138","N900_RS15950","N900_RS15950",2
"3139","N900_RS15955","glod5_BLAST_D3",NA
"3140","N900_RS15960","N900_RS15960",NA
"3141","N900_RS15965","N900_RS15965",NA
"3142","N900_RS15970","N900_RS15970",2
"3143","N900_RS15975","N900_RS15975",NA
"3144","N900_RS15980","higB-2",NA
"3145","N900_RS15985","higA-2",NA
"3146","N900_RS15990","ypeA_3",3
"3147","N900_RS16000","tnp_D2",1
"3148","N900_RS16005","antibiotic acetyltransferase_2",3
"3149","N900_RS16010","GNAT family N-acetyltransferase_6",2
"3150","N900_RS16015","type II toxin-antitoxin system death-on-curing family toxin",2
"3151","N900_RS16020","Sfri_3691_BLAST_2",NA
"3152","N900_RS16025","type II toxin-antitoxin system Phd/YefM family antitoxin_1",1
"3153","N900_RS16030","rele",3
"3154","N900_RS16035","GNAT family N-acetyltransferase_10",3
"3155","N900_RS16040","Pseudogene_N900_RS16040",NA
"3156","N900_RS16045","GNAT family N-acetyltransferase_D2",NA
"3157","N900_RS16050","N900_RS16050",NA
"3158","N900_RS16055","N900_RS16055",NA
"3159","N900_RS16060","N900_RS16060",3
"3160","N900_RS16065","nucleotide pyrophosphohydrolase",3
"3161","N900_RS16070","N900_RS16070",NA
"3162","N900_RS16075","N-acetyltransferase_5",1
"3163","N900_RS16080","type II toxin-antitoxin system Phd/YefM family antitoxin_2",NA
"3164","N900_RS16085","relE1",3
"3165","N900_RS16090","Pseudogene_N900_RS16090",3
"3166","N900_RS16095","N900_RS16095",3
"3167","N900_RS16100","N900_RS16100",1
"3168","N900_RS16105","tnp_4",NA
"3169","N900_RS16110","GNAT family N-acetyltransferase_11",1
"3170","N900_RS16115","N900_RS16115",3
"3171","N900_RS16120","glutathione S-transferase",3
"3172","N900_RS16125","N900_RS16125",3
"3173","N900_RS16130","N900_RS16130",NA
"3174","N900_RS16135","N900_RS16135",NA
"3175","N900_RS16140","type II toxin-antitoxin system mRNA interferase toxin, RelE/StbE family_D2",NA
"3176","N900_RS16145","relB_D2",NA
"3177","N900_RS16150","N-acetyltransferase_6",3
"3178","N900_RS16155","Sfri_3691_BLAST_D2",NA
"3179","N900_RS16165","Pseudogene_N900_RS16165",NA
"3180","N900_RS16170","nucleotide pyrophosphatase",3
"3181","N900_RS16175","nrdD",2
"3182","N900_RS16180","nrdG",NA
"3183","N900_RS16185","tyrB",2
"3184","N900_RS16190","ATP-dependent zinc protease_2",2
"3185","N900_RS16195","fruA",3
"3186","N900_RS16200","pfkB",2
"3187","N900_RS16205","fruB",3
"3188","N900_RS16210","cra",3
"3189","N900_RS16215","sbcD",3
"3190","N900_RS16220","sbcC_BLAST",1
"3191","N900_RS16225","cqsS_BLAST",2
"3192","N900_RS16230","cqsA",2
"3193","N900_RS16235","tellurium resistance protein",3
"3194","N900_RS16240","clcA",3
"3195","N900_RS16245","cobW",3
"3196","N900_RS16250","ylqF",NA
"3197","N900_RS16255","kup",2
"3198","N900_RS16260","nifJ",3
"3199","N900_RS16265","kdpd",3
"3200","N900_RS16270","kdpE",3
"3201","N900_RS16275","tata",2
"3202","N900_RS16280","deda",3
"3203","N900_RS16285","N900_RS16285",3
"3204","N900_RS16290","N900_RS16290",1
"3205","N900_RS16295","N900_RS16295",1
"3206","N900_RS16300","yceJ_2",3
"3207","N900_RS16305","ycei",1
"3208","N900_RS16310","focA_2",2
"3209","N900_RS16315","argP_2",3
"3210","N900_RS16320","Inner membrane protein YcdZ_BLAST",1
"3211","N900_RS16325","ATP-dependent endonuclease",3
"3212","N900_RS16330","bifunctional metallophosphatase/5'-nucleotidase",3
"3213","N900_RS16335","terc",2
"3214","N900_RS16340","N900_RS16340",NA
"3215","N900_RS16345","alkylphosphonate utilization protein",3
"3216","N900_RS16350","N900_RS16350",2
"3217","N900_RS16355","N900_RS16355",3
"3218","N900_RS16360","fatty acid cis/trans isomerase",3
"3219","N900_RS16365","N900_RS16365",NA
"3220","N900_RS16370","yhjX",3
"3221","N900_RS16375","N900_RS16375",3
"3222","N900_RS16380","sensor domain-containing diguanylate cyclase_4",3
"3223","N900_RS16385","tRNA-Gly_8",NA
"3224","N900_RS16390","hpxW",2
"3225","N900_RS16395","Solitary outer membrane autotransporter beta-barrel domain",3
"3226","N900_RS16400","N900_RS16400",3
"3227","N900_RS16405","N900_RS16405",2
"3228","N900_RS16410","transcriptional regulator_4",2
"3229","N900_RS16415","pntA",3
"3230","N900_RS16420","pntB",3
"3231","N900_RS16425","vxrA_BLAST",2
"3232","N900_RS16430","vxrB",2
"3233","N900_RS16435","N900_RS16435",3
"3234","N900_RS16440","TraF",3
"3235","N900_RS16445","VC0395_0503_BLAST",2
"3236","N900_RS16450","yciH",1
"3237","N900_RS16455","N900_RS16455",1
"3238","N900_RS16460","ddl",NA
"3239","N900_RS16465","DamX-related protein",2
"3240","N900_RS16465","DamX-related protein",1
"3241","N900_RS16470","patZ",3
"3242","N900_RS16475","yhaJ",3
"3243","N900_RS16480","TonB-dependent hemoglobin/transferrin/lactoferrin family receptor",2
"3244","N900_RS16485","sgrr",3
"3245","N900_RS16490","N900_RS16490",3
"3246","N900_RS16495","hotdog fold thioesterase",3
"3247","N900_RS16500","bepA_3",3
"3248","N900_RS16505","N900_RS16505",3
"3249","N900_RS16510","ABC transporter substrate-binding protein_12",3
"3250","N900_RS16515","yfcG",3
"3251","N900_RS16520","dcmA",3
"3252","N900_RS16525","comR_1",3
"3253","N900_RS16530","DNA-binding protein_3",2
"3254","N900_RS16535","yejF",2
"3255","N900_RS16540","yejE",3
"3256","N900_RS16545","yejb",3
"3257","N900_RS16550","ABC transporter substrate-binding protein_9",3
"3258","N900_RS16555","N900_RS16555",2
"3259","N900_RS16560","exopolyphosphatase",2
"3260","N900_RS16565","hemolysin",3
"3261","N900_RS16570","N900_RS16570",3
"3262","N900_RS16575","peptide MFS transporter",3
"3263","N900_RS16580","eamA_7",2
"3264","N900_RS16585","phnR",3
"3265","N900_RS16590","putative 2-aminoethylphosphonate ABC transporter permease subunit",2
"3266","N900_RS16595","putative 2-aminoethylphosphonate ABC transporter ATP-binding protein",3
"3267","N900_RS16600","putative 2-aminoethylphosphonate ABC transporter substrate-binding protein",2
"3268","N900_RS16605","phnW",3
"3269","N900_RS16610","pbfA_BLAST",3
"3270","N900_RS16615","phnX",3
"3271","N900_RS16620","rnk",3
"3272","N900_RS16625","yjjG",2
"3273","N900_RS16630","N900_RS16630",1
"3274","N900_RS16635","elbB",3
"3275","N900_RS16640","mscL",2
"3276","N900_RS16645","fhs",3
"3277","N900_RS16650","msrB_3",3
"3278","N900_RS16655","folE",NA
"3279","N900_RS16660","moeA",1
"3280","N900_RS16665","moeB",3
"3281","N900_RS16670","glyoxalase_2",1
"3282","N900_RS16675","sseA",2
"3283","N900_RS16680","lsrR",2
"3284","N900_RS16685","N900_RS16685",NA
"3285","N900_RS16690","tal",2
"3286","N900_RS16695","Pseudogene_N900_RS16695",NA
"3287","N900_RS16700","TonB-dependent receptor_2",3
"3288","N900_RS16705","spoU",1
"3289","N900_RS16710","prepilin peptidase_3",3
"3290","N900_RS16715","abrb",2
"3291","N900_RS16720","gyaR",3
"3292","N900_RS16725","GNAT family acetyltransferase",3
"3293","N900_RS16730","nudG",3
"3294","N900_RS16735","glpm",3
"3295","N900_RS16740","tRNA (adenine-N(1))-methyltransferase",2
"3296","N900_RS16745","dmlR_5",3
"3297","N900_RS16750","antibiotic biosynthesis monooxygenase",2
"3298","N900_RS16755","nfsB",1
"3299","N900_RS16760","efflux RND transporter permease subunit",3
"3300","N900_RS16765","mdtA",3
"3301","N900_RS16770","Probable transporter PD_1893_BLAST",2
"3302","N900_RS16775","Probable transporter XF_0766_BLAST",1
"3303","N900_RS16780","arsR",3
"3304","N900_RS16785","N900_RS16785",3
"3305","N900_RS16790","cdr",3
"3306","N900_RS16795","N900_RS16795",2
"3307","N900_RS16800","GNAT family N-acetyltransferase_5",3
"3308","N900_RS16805","N900_RS16805",3
"3309","N900_RS16810","N900_RS16810",3
"3310","N900_RS16815","N900_RS16815",3
"3311","N900_RS16820","N900_RS16820",2
"3312","N900_RS16825","N900_RS16825",3
"3313","N900_RS16830","N900_RS16830",3
"3314","N900_RS16835","treP",3
"3315","N900_RS16840","ccpA",2
"3316","N900_RS16845","scrB",3
"3317","N900_RS16850","aminoimidazole riboside kinase",2
"3318","N900_RS16855","glpD",3
"3319","N900_RS16860","aer_1",2
"3320","N900_RS16865","pal_2",3
"3321","N900_RS16870","fkpA_2",3
"3322","N900_RS16875","beta-phosphoglucomutase family hydrolase",3
"3323","N900_RS16880","methyl-accepting chemotaxis protein_23",2
"3324","N900_RS16885","N900_RS16885",2
"3325","N900_RS16890","dcuC",3
"3326","N900_RS16895","L-serine ammonia-lyase",3
"3327","N900_RS16900","sglT",3
"3328","N900_RS16905","yjhB",3
"3329","N900_RS16915","N900_RS16915",3
"3330","N900_RS16920","exuR",NA
"3331","N900_RS16925","vraR",2
"3332","N900_RS16930","narQ",2
"3333","N900_RS16935","napF",3
"3334","N900_RS16940","mycothiol reductase",3
"3335","N900_RS16945","napA",3
"3336","N900_RS16950","nitrate reductase cytochrome c-type subunit",3
"3337","N900_RS16955","napC",NA
"3338","N900_RS16960","N900_RS16960",3
"3339","N900_RS16965","VC_A0681_BLAST",3
"3340","N900_RS16970","uhpA",3
"3341","N900_RS16975","uhpB",2
"3342","N900_RS16980","uhpT",3
"3343","N900_RS16985","HI_0131_BLAST",2
"3344","N900_RS16990","fbpB",3
"3345","N900_RS16995","fbpc",2
"3346","N900_RS17000","phaC",2
"3347","N900_RS17005","N900_RS17005",3
"3348","N900_RS17010","phaA",3
"3349","N900_RS17015","fabG_2",3
"3350","N900_RS17020","secF_2",3
"3351","N900_RS17025","secD_2",3
"3352","N900_RS17030","N900_RS17030",1
"3353","N900_RS17035","N900_RS17035",3
"3354","N900_RS17040","diguanylate cyclase_5",3
"3355","N900_RS17045","glgC_2",3
"3356","N900_RS17050","endo I_2",3
"3357","N900_RS17055","yqhD",3
"3358","N900_RS17060","lysoplasmalogenase_2",3
"3359","N900_RS17065","sigma-54-dependent Fis family transcriptional regulator",2
"3360","N900_RS17070","sasA_10",3
"3361","N900_RS17075","ABC transporter substrate-binding protein_11",3
"3362","N900_RS17080","uhpC_2",3
"3363","N900_RS17085","pykA_2",3
"3364","N900_RS17090","torS",3
"3365","N900_RS17095","torT",3
"3366","N900_RS17100","mgsA",2
"3367","N900_RS17105","pncA",3
"3368","N900_RS17110","dgkA",3
"3369","N900_RS17115","cytochrome b_2",3
"3370","N900_RS17120","cytochrome b_1",3
"3371","N900_RS17125","helD",2
"3372","N900_RS17130","yccS",2
"3373","N900_RS17135","zraS",3
"3374","N900_RS17140","guanylate cyclase",3
"3375","N900_RS17145","N900_RS17145",1
"3376","N900_RS17150","N900_RS17150",1
"3377","N900_RS17155","hydroxymethylglutaryl-CoA reductase",3
"3378","N900_RS17160","modC",2
"3379","N900_RS17165","modB",3
"3380","N900_RS17170","modA",3
"3381","N900_RS17175","cobQ",3
"3382","N900_RS17180","DNA recombination protein RecF",3
"3383","N900_RS17185","N900_RS17185",2
"3384","N900_RS17190","N900_RS17190",3
"3385","N900_RS17195","N900_RS17195",2
"3386","N900_RS17200","NirD/YgiW/YdeI family stress tolerance protein",3
"3387","N900_RS17205","N900_RS17205",1
"3388","N900_RS17210","N900_RS17210",3
"3389","N900_RS17215","flagellar brake protein",1
"3390","N900_RS17220","luxQ",3
"3391","N900_RS17225","luxp",3
"3392","N900_RS17230","traf",3
"3393","N900_RS17235","VC_A0740_BLAST",3
"3394","N900_RS17240","N900_RS17240",2
"3395","N900_RS17245","tmaR_BLAST",3
"3396","N900_RS17250","N900_RS17250",3
"3397","N900_RS17255","membrane protein_8",2
"3398","N900_RS17260","glpK",3
"3399","N900_RS17265","glpF",1
"3400","N900_RS17265","glpF",1
"3401","N900_RS17275","glpA",2
"3402","N900_RS17280","glpB",3
"3403","N900_RS17285","glpC",3
"3404","N900_RS17290","fabH2",3
"3405","N900_RS17295","trxC",2
"3406","N900_RS17300","ycaD",3
"3407","N900_RS17305","lipase",2
"3408","N900_RS17310","tRNA-Cys_3",NA
"3409","N900_RS17315","tRNA-Leu_6",NA
"3410","N900_RS17320","N900_RS17320",3
"3411","N900_RS17325","lysr_5",2
"3412","N900_RS17330","artM",3
"3413","N900_RS17335","artQ",2
"3414","N900_RS17340","artI_1",2
"3415","N900_RS17345","artP",3
"3416","N900_RS17350","tRNA-Cys_2",NA
"3417","N900_RS17355","viaA",3
"3418","N900_RS17360","ravA",3
"3419","N900_RS17365","NUDIX hydrolase_2",2
"3420","N900_RS17370","ltaE",2
"3421","N900_RS17375","cytochrome c_3",3
"3422","N900_RS17380","ttgR",2
"3423","N900_RS17385","rhlE_4",2
"3424","N900_RS17390","acpH",2
"3425","N900_RS17395","N900_RS17395",NA
"3426","N900_RS17400","tyrP",3
"3427","N900_RS17405","pctC_3",2
"3428","N900_RS17410","galE",2
"3429","N900_RS17415","N900_RS17415",2
"3430","N900_RS17420","pxpA3",3
"3431","N900_RS17425","pxpB",3
"3432","N900_RS17430","pxpC",3
"3433","N900_RS17435","FAD-dependent oxidoreductase_2",3
"3434","N900_RS17440","ugd",3
"3435","N900_RS17445","ABC transporter permease_7",3
"3436","N900_RS17450","lolD_2",3
"3437","N900_RS17455","tesA",3
"3438","N900_RS17460","fabV_2",3
"3439","N900_RS17465","sensor domain-containing phosphodiesterase",2
"3440","N900_RS17470","isopentenyl-diphosphate Delta-isomerase",NA
"3441","N900_RS17475","N900_RS17475",NA
"3442","N900_RS17480","dnaj",3
"3443","N900_RS17485","yjdF",3
"3444","N900_RS17490","N900_RS17490",3
"3445","N900_RS17495","insN_BLAST_D4",NA
"3446","N900_RS17505","Rha family transcriptional regulator",2
"3447","N900_RS17510","N900_RS17510",2
"3448","N900_RS17515","resolvase, putative",3
"3449","N900_RS17520","transcription initiation factor TFIIIB",1
"3450","N900_RS17525","yieH",2
"3451","N900_RS17530","N900_RS17530",3
"3452","N900_RS17535","creA",2
"3453","N900_RS17540","gsk_2",2
"3454","N900_RS17545","mdoB",3
"3455","N900_RS17550","vesA",1
"3456","N900_RS17555","DEAD/DEAH box family ATP-dependent RNA helicase",1
"3457","N900_RS17560","rnb",2
"3458","N900_RS17565","N900_RS17565",2
"3459","N900_RS17570","pstS_2",2
"3460","N900_RS17575","MaoC family dehydratase",3
"3461","N900_RS17580","phrB_1",3
"3462","N900_RS17585","gbpA",3
"3463","N900_RS17590","peptidase_4",3
"3464","N900_RS17595","Bacterial leucyl aminopeptidase_BLAST",2
"3465","N900_RS17600","speB",3
"3466","N900_RS17605","speA",3
"3467","N900_RS17610","mechanosensitive ion channel protein",3
"3468","N900_RS17615","mgtE_3",1
"3469","N900_RS17620","groS_2",3
"3470","N900_RS17625","groL_2",2
"3471","N900_RS17630","N900_RS17630",2
"3472","N900_RS17635","ask",3
"3473","N900_RS17640","ectC",3
"3474","N900_RS17645","ectB",3
"3475","N900_RS17650","L-2,4-diaminobutyric acid acetyltransferase",3
"3476","N900_RS17655","4a-hydroxytetrahydrobiopterin dehydratase",3
"3477","N900_RS17660","phhA",3
"3478","N900_RS17665","acs_2",3
"3479","N900_RS17670","LysR family transcriptional regulator_7",2
"3480","N900_RS17675","N900_RS17675",1
"3481","N900_RS17680","methyltransferase, putative",3
"3482","N900_RS17685","LysR family transcriptional regulator_10",3
"3483","N900_RS17690","cation diffusion facilitator family transporter",3
"3484","N900_RS17695","drug/metabolite DMT transporter permease",3
"3485","N900_RS17700","maa",2
"3486","N900_RS17705","HlyC/CorC family transporter_2",1
"3487","N900_RS17710","yhfA",3
"3488","N900_RS17715","luxG",3
"3489","N900_RS17725","glyceraldehyde-3-phosphate dehydrogenase",3
"3490","N900_RS17730","N900_RS17730",2
"3491","N900_RS17735","lyse_3",2
"3492","N900_RS17740","yjeH",3
"3493","N900_RS17745","N900_RS17745",2
"3494","N900_RS17750","retention module-containing protein",2
"3495","N900_RS17755","yehT_2",3
"3496","N900_RS17760","sensor histidine kinase_6",1
"3497","N900_RS17765","N900_RS17765",3
"3498","N900_RS17770","outer membrane lipoprotein-sorting protein",3
"3499","N900_RS17775","lolE_2",3
"3500","N900_RS17780","lolD_3",2
"3501","N900_RS17785","N900_RS17785",3
"3502","N900_RS17790","N900_RS17790",3
"3503","N900_RS17795","ydhF",3
"3504","N900_RS17800","malS",2
"3505","N900_RS17805","N900_RS17805",NA
"3506","N900_RS17815","long-chain fatty acid outer membrane transporter",3
"3507","N900_RS17820","vola",2
"3508","N900_RS17825","bdlA_2",3
"3509","N900_RS17830","hapA",2
"3510","N900_RS17835","N900_RS17835",NA
"3511","N900_RS17840","ompW",3
"3512","N900_RS17845","N900_RS17845",2
"3513","N900_RS17850","pbpG",2
"3514","N900_RS17855","norG",3
"3515","N900_RS17860","cytochrome bd oxidase subunit I",2
"3516","N900_RS17865","cydB_2",2
"3517","N900_RS17870","N900_RS17870",1
"3518","N900_RS17875","dsdA",3
"3519","N900_RS17880","dsdC",3
"3520","N900_RS17885","linear amide C-N hydrolase",3
"3521","N900_RS17890","integrase",2
"3522","N900_RS17900","N900_RS17900",3
"3523","N900_RS17905","N900_RS17905",3
"3524","N900_RS17910","N900_RS17910",3
"3525","N900_RS17915","N900_RS17915",3
"3526","N900_RS17920","N900_RS17920",3
"3527","N900_RS17925","tdh",3
"3528","N900_RS17930","kbl",3
"3529","N900_RS17945","LuxR family transcriptional regulator",3
"3530","N900_RS17950","dmlR_6",3
"3531","N900_RS17955","yaeR_BLAST",2
"3532","N900_RS17960","N900_RS17960",3
"3533","N900_RS17965","N900_RS17965",2
"3534","N900_RS17970","N900_RS17970",3
"3535","N900_RS17975","ycdX",3
"3536","N900_RS17980","metal-dependent phosphohydrolase",2
"3537","N900_RS17985","zwf",3
"3538","N900_RS17990","pgl",3
"3539","N900_RS17995","gnd",3
"3540","N900_RS18000","N900_RS18000",3
"3541","N900_RS18005","MBL fold metallo-hydrolase_3",3
"3542","N900_RS18010","N900_RS18010",3
"3543","N900_RS18015","N900_RS18015",2
"3544","N900_RS18020","Pseudogene_N900_RS18020",3
"3545","N900_RS18025","dsdX",3
"3546","N900_RS18030","cdar",3
"3547","N900_RS18035","methyl-accepting chemotaxis protein_24",3
"3548","N900_RS18040","hutZ",2
"3549","N900_RS18045","hutX",3
"3550","N900_RS18050","chuw",1
"3551","N900_RS18055","TonB_2",1
"3552","N900_RS18060","exbB1",2
"3553","N900_RS18065","exbD1",3
"3554","N900_RS18070","hmuT",3
"3555","N900_RS18075","hmuU",3
"3556","N900_RS18080","hmuV",2
"3557","N900_RS18085","TetR/AcrR family transcriptional regulator_5",1
"3558","N900_RS18090","N900_RS18090",1
"3559","N900_RS18095","N900_RS18095",1
"3560","N900_RS18100","acyltransferase_1",NA
"3561","N900_RS18105","araC_2",3
"3562","N900_RS18110","mlp37",3
"3563","N900_RS18115","hmp_2",3
"3564","N900_RS18120","pyrC",3
"3565","N900_RS18125","AraC family transcriptional regulator_4",3
"3566","N900_RS18130","yhaI",2
"3567","N900_RS18135","N900_RS18135",3
"3568","N900_RS18140","rlmC",3
"3569","N900_RS18145","yedI",3
"3570","N900_RS18150","VC_A0931_BLAST",2
"3571","N900_RS18155","cspV_3",3
"3572","N900_RS18160","N900_RS18160",1
"3573","N900_RS18165","M14 family metallocarboxypeptidase",3
"3574","N900_RS18170","AraC family transcriptional regulator_6",3
"3575","N900_RS18175","eamA_8",2
"3576","N900_RS18180","VC0395_0300_BLAST",3
"3577","N900_RS18185","glpR_2",NA
"3578","N900_RS18190","yciA_2",3
"3579","N900_RS18195","N900_RS18195",3
"3580","N900_RS18200","malG",2
"3581","N900_RS18205","malF",2
"3582","N900_RS18210","malE",3
"3583","N900_RS18215","malK",3
"3584","N900_RS18220","speG",2
"3585","N900_RS18225","N900_RS18225",3
"3586","N900_RS18230","SM-20",3
"3587","N900_RS18235","VCM66_A0911_BLAST",2
"3588","N900_RS18240","vpsT",3
"3589","N900_RS18245","ppiC",3
"3590","N900_RS18250","CheV",3
"3591","N900_RS18255","marr_2",3
"3592","N900_RS18260","vdcA",3
"3593","N900_RS18265","malate synthase",2
"3594","N900_RS18270","N900_RS18270",3
"3595","N900_RS18280","sensor domain-containing diguanylate cyclase_5",3
"3596","N900_RS18285","AlkB",2
"3597","N900_RS18290","N900_RS18290",3
"3598","N900_RS18295","DMT family transporter_2",2
"3599","N900_RS18295","DMT family transporter_2",1
"3600","N900_RS18300","gcvA_2",2
"3601","N900_RS18300","gcvA_2",1
"3602","N900_RS18305","diguanylate cyclase_6",1
"3603","N900_RS18310","N900_RS18310",2
"3604","N900_RS18315","VC_A0969_BLAST",2
"3605","N900_RS18320","pyrimidine/purine nucleoside phosphorylase",3
"3606","N900_RS18325","N900_RS18325",2
"3607","N900_RS18330","MFS transporter_2",3
"3608","N900_RS18335","N900_RS18335",NA
"3609","N900_RS18340","methyl-accepting chemotaxis protein_25",2
"3610","N900_RS18345","ATP-binding protein_2",3
"3611","N900_RS18350","N900_RS18350",3
"3612","N900_RS18355","lktB_2",1
"3613","N900_RS18360","artI_2",2
"3614","N900_RS18365","mcpQ",2
"3615","N900_RS18370","N900_RS18370",1
"3616","N900_RS18375","ABC transporter",3
"3617","N900_RS18380","dmlR",3
"3618","N900_RS18385","L-lactate permease",3
"3619","N900_RS18390","lldd",3
"3620","N900_RS18395","FAD-binding oxidoreductase",2
"3621","N900_RS18400","ppsR",3
"3622","N900_RS18405","ppsA",3
"3623","N900_RS18410","aer_2",1
"3624","N900_RS18415","norM_3",3
"3625","N900_RS18420","ATP-dependent helicase_2",3
"3626","N900_RS18425","dmlR_8",3
"3627","N900_RS18430","grxB",3
"3628","N900_RS18435","nemA_1",3
"3629","N900_RS18440","amidinotransferase",3
"3630","N900_RS18445","vcaM",3
"3631","N900_RS18450","N900_RS18450",2
"3632","N900_RS18455","nemA_2",3
"3633","N900_RS18460","tetr_2",3
"3634","N900_RS18465","LysE family translocator_2",3
"3635","N900_RS18470","rhaS_4",2
"3636","N900_RS18475","ygaZ",3
"3637","N900_RS18480","N900_RS18480",3
"3638","N900_RS18485","ycgM",3
"3639","N900_RS18490","sarZ_2",3
"3640","N900_RS18495","organic hydroperoxide resistance protein",2
"3641","N900_RS18500","porin",3
"3642","N900_RS18505","ribN_BLAST",3
"3643","N900_RS18510","glutaredoxin",3
"3644","N900_RS18515","yjiG",3
"3645","N900_RS18520","N900_RS18520",3
"3646","N900_RS18525","nhad",2
"3647","N900_RS18530","N900_RS18530",2
"3648","N900_RS18535","ogt",2
"3649","N900_RS18540","alkA",2
"3650","N900_RS18545","mhqP",2
"3651","N900_RS18550","LysR family transcriptional regulator_9",3
"3652","N900_RS18555","N900_RS18555",3
"3653","N900_RS18560","flavohemoglobin expression-modulating QEGLA motif protein",2
"3654","N900_RS18565","N900_RS18565",3
"3655","N900_RS18570","nagB",3
"3656","N900_RS18575","N900_RS18575",3
"3657","N900_RS18580","maltose operon protein",3
"3658","N900_RS18585","maltoporin",3
"3659","N900_RS18590","glgX",2
"3660","N900_RS18595","N900_RS18595",2
"3661","N900_RS18600","methyl-accepting chemotaxis protein_27",1
"3662","N900_RS18605","N900_RS18605",3
"3663","N900_RS18610","carbohydrate ABC transporter substrate-binding protein",3
"3664","N900_RS18615","methyl-accepting chemotaxis protein_19",3
"3665","N900_RS18620","N900_RS18620",2
"3666","N900_RS18625","aroG",3
"3667","N900_RS18630","glnQ_2",1
"3668","N900_RS18635","amino acid ABC transporter permease",3
"3669","N900_RS18640","fliY",2
"3670","N900_RS18645","glnP",3
"3671","N900_RS18650","pgcA",2
"3672","N900_RS18655","polymer-forming cytoskeletal protein",1
"3673","N900_RS18660","Pseudogene_N900_RS18660",2
"3674","N900_RS18665","N900_RS18665",NA
"3675","N900_RS18670","mtlA",3
"3676","N900_RS18675","mtlD",2
"3677","N900_RS18680","MltR family transcriptional regulator",3
"3678","N900_RS18685","yceM",3
"3679","N900_RS18690","MBL fold metallo-hydrolase_4",3
"3680","N900_RS18695","N900_RS18695",3
"3681","N900_RS18700","yccf",2
"3682","N900_RS18705","N900_RS18705",2
"3683","N900_RS18710","N900_RS18710",3
"3684","N900_RS18715","NAD(P)-dependent oxidoreductase",3
"3685","N900_RS18720","LysR family transcriptional regulator_8",3
"3686","N900_RS18725","methyl-accepting chemotaxis protein_17",3
"3687","N900_RS18730","ydfG",3
"3688","N900_RS18735","dmlR_10",3
"3689","N900_RS18740","trmY",3
"3690","N900_RS18745","ribB",2
"3691","N900_RS18750","potE",3
"3692","N900_RS18755","speF",3
"3693","N900_RS18760","N900_RS18760",3
"3694","N900_RS18765","calB",3
"3695","N900_RS18770","lrp_3",3
"3696","N900_RS18775","methyl-accepting chemotaxis protein_22",3
"3697","N900_RS18780","N900_RS18780",3
"3698","N900_RS18785","putP",3
"3699","N900_RS18790","1-pyrroline-5-carboxylate dehydrogenase",2
"3700","N900_RS18795","putA",3
"3701","N900_RS18800","rhaS_5",3
"3702","N900_RS18805","N900_RS18805",1
"3703","N900_RS18810","egtb",3
"3704","N900_RS18815","PAS domain S-box protein_2",2
"3705","N900_RS18820","pdxH",NA
"3706","N900_RS18825","HlyD family type I secretion periplasmic adaptor subunit_2",2
"3707","N900_RS18830","transglutaminase-like cysteine peptidase",1
"3708","N900_RS18835","N900_RS18835",3
"3709","N900_RS18840","apxIB_2",3
"3710","N900_RS18845","N900_RS18845",2
"3711","N900_RS18850","rcsC_11",3
"3712","N900_RS18855","btrV",3
"3713","N900_RS18860","mlp44",2
"3714","N900_RS18865","cheB3",3
"3715","N900_RS18870","cheD",2
"3716","N900_RS18875","cheR3",NA
"3717","N900_RS18880","mlp5",3
"3718","N900_RS18885","cheW2",3
"3719","N900_RS18890","cheW3",NA
"3720","N900_RS18900","cheA3",2
"3721","N900_RS18905","cheY4",2
"3722","N900_RS18910","N900_RS18910",3
"3723","N900_RS18915","ABC transporter substrate-binding protein_10",3
"3724","N900_RS18920","Pseudogene_N900_RS18920",2
"3725","N900_RS18925","ABC transporter permease_8",3
"3726","N900_RS18930","ABC transporter ATP-binding protein_4",3
"3727","N900_RS18935","eptA",2
"3728","N900_RS18940","qseC",3
"3729","N900_RS18945","qseB",3
"3730","N900_RS18950","tetratricopeptide repeat protein",3
"3731","N900_RS18955","fabG_4",3
"3732","N900_RS18960","biliverdin-producing heme oxygenase",3
"3733","N900_RS18965","menE_2",3
"3734","N900_RS18970","thermostable hemolysin",3
"3735","N900_RS18975","tmca",3
"3736","N900_RS18980","potD_3",3
"3737","N900_RS18985","sopB",NA
"3738","N900_RS18990","para",NA
"3739","N900_RS18995","N900_RS18995",3
"3740","N900_RS19000","N900_RS19000",NA
"3741","N900_RS19005","N900_RS19005",NA
"3742","N900_RS19010","SOS-response transcriptional repressor",1
"3743","N900_RS19015","N900_RS19015",NA
"3744","N900_RS19020","N900_RS19020",3
"3745","N900_RS19025","ComF-related protein",3
"3746","N900_RS19030","N900_RS19030",3
"3747","N900_RS19035","N900_RS19035",NA
"3748","N900_RS19040","ssrS",NA
"3749","N900_RS19045","N900_RS19045",3
"3750","N900_RS19050","N900_RS19050",3
"3751","N900_RS19055","thrL",NA
"3752","N900_RS19060","N900_RS19060",1
"3753","N900_RS19065","B0244.7_BLAST",NA
"3754","N900_RS19070","Pseudogene_N900_RS19070",2
"3755","N900_RS19075","N900_RS19075",NA
"3756","N900_RS19080","N900_RS19080",NA
"3757","N900_RS19085","N900_RS19085",1
"3758","N900_RS19090","N900_RS19090",2
"3759","N900_RS19095","N900_RS19095",3
"3760","N900_RS19100","N900_RS19100",2
"3761","N900_RS19105","N900_RS19105",NA
"3762","N900_RS19120","N900_RS19120",2
"3763","N900_RS19125","XRE family transcriptional regulator_6",NA
"3764","N900_RS19130","N900_RS19130",3
"3765","N900_RS19135","N900_RS19135",3
"3766","N900_RS19140","N900_RS19140",2
"3767","N900_RS19145","N900_RS19145",3
"3768","N900_RS19150","N900_RS19150",1
"3769","N900_RS19155","N900_RS19155",3
"3770","N900_RS19160","Pseudogene_N900_RS19160",2
"3771","N900_RS19165","N900_RS19165",NA
"3772","N900_RS19185","N900_RS19185",2
"3773","N900_RS19190","N900_RS19190",1
"3774","N900_RS19200","N900_RS19200",NA
"3775","N900_RS19205","N900_RS19205",NA
"3776","N900_RS19210","N900_RS19210",NA
"3777","N900_RS19215","N900_RS19215",1
"3778","N900_RS19220","N900_RS19220",3
"3779","N900_RS19225","N900_RS19225",1
"3780","N900_RS19230","N900_RS19230",NA
"3781","N900_RS19235","N900_RS19235",2
"3782","N900_RS19240","N900_RS19240",1
"3783","N900_RS19245","ffs",NA
"3784","N900_RS19250","N900_RS19250",1
"3785","N900_RS19255","ssrA tmRNA",NA
"3786","N900_RS19265","preprotein translocase",1
"3787","N900_RS19270","tcpR",1
"3788","N900_RS19280","Pseudogene_N900_RS19280",3
"3789","N900_RS19285","glyoxalase_1",3
"3790","N900_RS19290","Pseudogene_N900_RS19290",NA
"3791","N900_RS19295","prfC_BLAST",NA
"3792","N900_RS19300","N900_RS19300",NA
"3793","N900_RS19305","N900_RS19305",1
"3794","N900_RS19310","N900_RS19310",2
"3795","N900_RS19320","Pseudogene_N900_RS19320",3
"3796","N900_RS19325","N900_RS19325",1
"3797","N900_RS19335","N900_RS19335",1
"3798","N900_RS19340","N900_RS19340",1
"3799","N900_RS19345","N900_RS19345",NA
"3800","N900_RS19350","transcriptional regulator_3",3
"3801","N900_RS19355","N900_RS19355",3
"3802","N900_RS19360","tnaC",NA
"3803","N900_RS19365","N900_RS19365",NA
"3804","N900_RS19370","HNH endonuclease_3",2
"3805","N900_RS19375","N900_RS19375",NA
"3806","N900_RS19380","N900_RS19380",3
"3807","N900_RS19385","Pseudogene_N900_RS19385",2
"3808","N900_RS19390","N900_RS19390",2
"3809","N900_RS19395","N900_RS19395",1
"3810","N900_RS19400","GspI",NA
"3811","N900_RS19405","N900_RS19405",NA
"3812","N900_RS19410","N900_RS19410",2
"3813","N900_RS19420","VC_A0354_BLAST_5",NA
"3814","N900_RS19435","N900_RS19435",1
"3815","N900_RS19445","N900_RS19445",NA
"3816","N900_RS19450","N900_RS19450",2
"3817","N900_RS19460","N900_RS19460",NA
"3818","N900_RS19480","Pseudogene_N900_RS19480",NA
"3819","N900_RS19490","N900_RS19490",NA
"3820","N900_RS19500","Pseudogene_N900_RS19500",1
"3821","N900_RS19505","N900_RS19505",NA
"3822","N900_RS19510","N900_RS19510",NA
"3823","N900_RS19515","N900_RS19515",NA
"3824","N900_RS19525","N900_RS19525",NA
"3825","N900_RS19530","N900_RS19530",2
"3826","N900_RS19535","acetyltransferase",NA
"3827","N900_RS19540","N900_RS19540",3
"3828","N900_RS19550","Pseudogene_N900_RS19550",NA
"3829","N900_RS19565","N900_RS19565",3
"3830","N900_RS19570","Pseudogene_N900_RS19570",NA
"3831","N900_RS19580","N900_RS19580",1
"3832","N900_RS19585","VC_A0354_BLAST_8",NA
"3833","N900_RS19590","N900_RS19590",NA
"3834","N900_RS19595","N900_RS19595",NA
"3835","N900_RS19610","Pseudogene_N900_RS19610",1
"3836","N900_RS19615","N900_RS19615",NA
"3837","N900_RS19620","N900_RS19620",3
"3838","N900_RS19635","Pseudogene_N900_RS19635",NA
"3839","N900_RS19640","Pseudogene_N900_RS19640",NA
"3840","N900_RS19645","N900_RS19645",NA
"3841","N900_RS19650","VC_A0354_BLAST_4",NA
"3842","N900_RS19655","N900_RS19655",NA
"3843","N900_RS19685","N900_RS19685",1
"3844","N900_RS19690","N900_RS19690",2
"3845","N900_RS19700","Pseudogene_N900_RS19700",3
"3846","N900_RS19705","N900_RS19705",3
"3847","N900_RS19715","N900_RS19715",NA
"3848","N900_RS19720","cydX_2",NA
"3849","N900_RS19725","N900_RS19725",2
"3850","N900_RS19730","transposase",NA
"3851","N900_RS19735","N900_RS19735",NA
"3852","N900_RS19740","N900_RS19740",3
"3853","N900_RS19745","hchA",3
"3854","N900_RS19750","N900_RS19750",1
"3855","N900_RS19755","N900_RS19755",2
"3856","N900_RS19760","N900_RS19760",1
"3857","N900_RS19765","speFL_BLAST",NA
"3858","N900_RS19770","rfbP protein",NA
"3859","N900_RS19775","pulA",3
"3860","N900_RS19780","Pseudogene_N900_RS19780",NA
"3861","N900_RS19785","Pseudogene_N900_RS19785",2
"3862","N900_RS19790","mets",NA
"3863","N900_RS19795","ynhF",NA
"3864","N900_RS19800","N900_RS19800",NA
"3865","N900_RS19805","N900_RS19805",3
"3866","N900_RS19810","Pseudogene_N900_RS19810",3
"3867","N900_RS19815","Pseudogene_N900_RS19815",NA
"3868","N900_RS19820","budA",3
"3869","N900_RS19825","N900_RS19825",NA
"3870","N900_RS19830","N900_RS19830",2
"3871","N900_RS19835","Pseudogene_N900_RS19835",NA
"3872","N900_RS19840","TRAP transporter small permease subunit",1
"3873","N900_RS19845","N900_RS19845",NA
"3874","N900_RS19850","Pseudogene_N900_RS19850",NA
"3875","N900_RS19855","Pseudogene_N900_RS19855",2
"3876","N900_RS19860","N900_RS19860",1
"3877","N900_RS19865","Pseudogene_N900_RS19865",NA
"3878","N900_RS19870","Pseudogene_N900_RS19870",NA
"3879","N900_RS19875","N900_RS19875",3
"3880","N900_RS19880","Pseudogene_N900_RS19880",2
"3881","N900_RS19885","VC_A0354_BLAST_10",NA
"3882","N900_RS19890","N900_RS19890",1
"3883","N900_RS19895","iron transporter",1
"3884","N900_RS19900","Pseudogene_N900_RS19900",NA
"3885","N900_RS19905","N900_RS19905",NA
"3886","N900_RS19910","N900_RS19910",NA
"3887","N900_RS19915","N900_RS19915",NA
"3888","N900_RS19920","N900_RS19920",NA
"3889","N900_RS19925","Pseudogene_N900_RS19925",NA
"3890","N900_RS19930","Pseudogene_N900_RS19930",2
"3891","N900_RS19935","VC_A0354_BLAST_7",NA
"3892","N900_RS19940","Pseudogene_N900_RS19940",1
"3893","N900_RS19945","N900_RS19945",NA
"3894","N900_RS19950","N900_RS19950",NA
"3895","N900_RS19955","N900_RS19955",NA
"3896","N900_RS19960","Pseudogene_N900_RS19960",NA
"3897","N900_RS19965","Pseudogene_N900_RS19965",2
"3898","N900_RS19970","VC_A0354_BLAST_9",NA
"3899","N900_RS19975","Pseudogene_N900_RS19975",NA
"3900","N900_RS19980","Pseudogene_N900_RS19980",NA
"3901","N900_RS19985","Pseudogene_N900_RS19985",NA
"3902","N900_RS19990","Pseudogene_N900_RS19990",NA
"3903","N900_RS19995","Pseudogene_N900_RS19995",NA
"3904","N900_RS20000","Pseudogene_N900_RS20000",1
"3905","N900_RS20005","Pseudogene_N900_RS20005",2
"3906","N900_RS20010","N900_RS20010",NA
"3907","N900_RS20015","N900_RS20015",NA
"3908","N900_RS20020","Pseudogene_N900_RS20020",NA
"3909","N900_RS20025","Pseudogene_N900_RS20025",NA
"3910","N900_RS20030","N900_RS20030",NA
"3911","N900_RS20035","VC_A0354_BLAST_2",2
"3912","N900_RS20040","N900_RS20040",1
"3913","N900_RS20045","transcriptional regulator",NA
"3914","N900_RS20050","N900_RS20050",NA
"3915","N900_RS20055","N900_RS20055",NA
"3916","N900_RS20060","N900_RS20060",NA
"3917","N900_RS20065","VC_A0354_BLAST_3",NA
"3918","N900_RS20070","VC_A0354_BLAST_6",NA
"3919","N900_RS20075","N900_RS20075",NA
"3920","N900_RS20080","N900_RS20080",NA
"3921","N900_RS20085","Pseudogene_N900_RS20085",NA
"3922","N900_RS20090","Pseudogene_N900_RS20090",3
"3923","N900_RS20095","N900_RS20095",2
"3924","N900_RS20100","Pseudogene_N900_RS20100",2
